Restaurant,Latitude,Longitude,Address_x,PlaceID,URL,ZIP,AverageExposure,Stars,Count,White_x,ofWhite,WN,Black,ofBlack,BN,AmericanIndaian,ofAI,AIN,Asian,ofAisan,AN,NativeHawiian,ofNativeHawiian,NHN,Edu,ofEDU,HED,Unemployment,HUne,Wealth,HWe,OBJECTID,Attraction,Hotspot
Astor Restaurant,27.7971049,-97.4649842,"5533 Leopard St, Corpus Christi, TX 78408, United States",ChIJkbafY8FgaIYRL3nGCbVO61U,/biz/astor-restaurant-corpus-christi?osq=Restaurants,78408,0.117813418,3.7,20,7079,68.8,0,1019,9.9,1,30,0.3,0,53,0.5,0,0,0,0,57,4.1,0,1.4,0,37488,0,82,1,0
Recio's Smokehouse,27.7547111,-97.4631345,"5526 Old Brownsville Rd, Corpus Christi, TX 78417, United States",ChIJ34W3IZBfaIYR70sQ6gCzEjs,/biz/recios-smokehouse-corpus-christi-2?osq=Restaurants,78415,0.10388098,2.7,54,29415,70.7,0,1233,3,0,27,0.1,0,342,0.8,0,0,0,0,713,11.9,0,9.2,1,49255,0,127,0,0
The Burger Den,27.8029554,-97.4523025,"5165 I-37, Corpus Christi, TX 78408, United States",ChIJxSbXoilhaIYRUVhR4MLLY-I,/biz/the-burger-den-corpus-christi-2?osq=Restaurants,78411,0.051535725,3.7,109,18431,76.2,1,760,3.1,0,57,0.2,0,316,1.3,0,0,0,0,654,18.5,0,5.9,1,55357,0,66,1,0
The Bar-B-Q Man Restaurant,27.8026596,-97.4491095,"4931 IH-37 South, 4931 Ih 37 Access, Corpus Christi, TX 78408, United States",ChIJy_710qRgaIYR38whJA1Yo8c,/biz/the-bar-b-q-man-restaurant-corpus-christi-2?osq=Restaurants,78408,0.092301874,3.8,20,7079,68.8,0,1019,9.9,1,30,0.3,0,53,0.5,0,0,0,0,57,4.1,0,1.4,0,37488,0,82,1,0
Snapka's Drive Inn,27.797662,-97.4483758,"4760 Leopard St, Corpus Christi, TX 78408, United States",ChIJ7cnqKKNgaIYRCXgkxem4pjs,/biz/snapkas-drive-inn-corpus-christi?osq=Restaurants,78408,0.017005944,1.7,20,7079,68.8,0,1019,9.9,1,30,0.3,0,53,0.5,0,0,0,0,57,4.1,0,1.4,0,37488,0,82,1,0
Snapka's Drive Inn,27.797662,-97.4483758,"4760 Leopard St, Corpus Christi, TX 78408, United States",ChIJ7cnqKKNgaIYRCXgkxem4pjs,/biz/snapkas-drive-inn-corpus-christi-2?osq=Restaurants,78411,0.125707779,2.4,109,18431,76.2,1,760,3.1,0,57,0.2,0,316,1.3,0,0,0,0,654,18.5,0,5.9,1,55357,0,66,1,0
La Mala Taquitos,27.7606101,-97.4483725,"749 Horne Rd, Corpus Christi, TX 78416, United States",ChIJq6rPsHpgaIYRd_EfuNQv7k8,/biz/la-mala-taquitos-corpus-christi?osq=Restaurants,78416,0.036787316,4.3,25,9291,61.8,0,1661,11.1,1,38,0.3,0,41,0.3,0,0,0,0,124,5.9,0,9.9,1,40981,0,80,0,0
Birrieria Y Mariscos El General,27.7174798,-97.4379892,"6110 Ayers St, Corpus Christi, TX 78415, United States",ChIJ6b5kdppfaIYRMPtUFOuVXmM,/biz/birrieria-y-mariscos-el-general-corpus-christi?osq=Restaurants,78415,0.165165056,3.6,54,29415,70.7,0,1233,3,0,27,0.1,0,342,0.8,0,0,0,0,713,11.9,0,9.2,1,49255,0,127,0,0
Bubba's 33,27.739206,-97.4365173,"1921 S Padre Island Dr, Corpus Christi, TX 78416, United States",ChIJifP08-JfaIYRO9U7nVlIp8Q,/biz/bubbas-33-corpus-christi?osq=Restaurants,78416,0.14800418,4.3,25,9291,61.8,0,1661,11.1,1,38,0.3,0,41,0.3,0,0,0,0,124,5.9,0,9.9,1,40981,0,80,0,0
Hi-Ho Drive Inn,27.7813017,-97.4359377,"3945 Baldwin Blvd, Corpus Christi, TX 78405, United States",ChIJg1TfPYhfaIYRFGD_EPJ0H5g,/biz/hi-ho-drive-inn-corpus-christi-2?osq=Restaurants,78405,0.068843403,4.5,6,9330,65.7,0,496,3.5,0,47,0.3,0,6,0,0,0,0,0,19,1.2,0,3.3,0,31660,0,24,0,0
Texas Roadhouse,27.737775,-97.434435,"2029 S Padre Island Dr, Corpus Christi, TX 78416, United States",ChIJU9K9OeNfaIYRx_BtAm2wqQE,/biz/texas-roadhouse-corpus-christi-4?osq=Restaurants,78416,0.10021373,3.4,25,9291,61.8,0,1661,11.1,1,38,0.3,0,41,0.3,0,0,0,0,124,5.9,0,9.9,1,40981,0,80,0,0
Hi-Ho Restaurant,27.7762083,-97.4322869,"3703 Morgan Ave, Corpus Christi, TX 78405, United States",ChIJL-2ccixeaIYRo1sjbi8u5gU,/biz/hi-ho-restaurant-corpus-christi?osq=Restaurants,78405,0.131388718,3.8,6,9330,65.7,0,496,3.5,0,47,0.3,0,6,0,0,0,0,0,19,1.2,0,3.3,0,31660,0,24,0,0
Hot Cocks Chicken,27.7384180658981,-97.4308493502466,"Corpus Christi, TX 78413, United States",ChIJvylyCw1TUkYRMf4BbfJBDw0,/biz/hot-cocks-chicken-corpus-christi?osq=Restaurants,78413,0.259223869,4.6,68,27538,74.4,1,1492,4,1,180,0.5,1,848,2.3,0,0,0,0,1376,25.7,1,5.1,1,73859,1,3,1,0
Hermanos Solis Mexican Restaurant,27.7788968,-97.4306038,"3514 Baldwin Blvd, Corpus Christi, TX 78405, United States",ChIJnySlajJeaIYREnKqPBBTnhg,/biz/hermanos-solis-mexican-restaurant-corpus-christi-2?osq=Restaurants,78405,0.087040488,3.6,6,9330,65.7,0,496,3.5,0,47,0.3,0,6,0,0,0,0,0,19,1.2,0,3.3,0,31660,0,24,0,0
Solis Mexican Restaurant,27.7788968,-97.4306038,"3514 Baldwin Blvd, Corpus Christi, TX 78405, United States",ChIJnySlajJeaIYREnKqPBBTnhg,/biz/solis-mexican-restaurant-corpus-christi?osq=Restaurants,78408,0.125491221,4.6,20,7079,68.8,0,1019,9.9,1,30,0.3,0,53,0.5,0,0,0,0,57,4.1,0,1.4,0,37488,0,82,1,0
King Seafood,27.777171,-97.428388,"3315 Baldwin Blvd, Corpus Christi, TX 78405, United States",ChIJMTi-6C1eaIYR_X2qrdWpM5k,/biz/king-seafood-corpus-christi?osq=Restaurants,78405,0.139725373,4.7,6,9330,65.7,0,496,3.5,0,47,0.3,0,6,0,0,0,0,0,19,1.2,0,3.3,0,31660,0,24,0,0
Muelle 37 - Corpus Christi,27.7374379,-97.425347,"4918 Ayers St Suite 120, Corpus Christi, TX 78415, United States",ChIJDVYGZt9faIYRoPZdgPdqPtY,/biz/muelle-37-corpus-christi-corpus-christi?osq=Restaurants,78415,0.12367396,4.3,54,29415,70.7,0,1233,3,0,27,0.1,0,342,0.8,0,0,0,0,713,11.9,0,9.2,1,49255,0,127,0,0
Rosie's Tamales,27.7390566,-97.4248046,"4838 Ayers St, Corpus Christi, TX 78415, United States",ChIJ3-ecte9faIYRK_ZJEH71Ezo,/biz/rosies-tamales-corpus-christi-4?osq=Restaurants,78412,0.004218946,4,75,29948,72.9,1,1525,3.7,0,131,0.3,0,1687,4.1,1,41,0.1,1,2088,29.2,1,8.8,1,51280,0,120,1,0
Smokey Rooster Bar And Grill,27.71181764,-97.42278857,"6122 Kostoryz Rd  Corpus Christi, TX 78415",-,/biz/smokey-rooster-bar-and-grill-corpus-christi?osq=Restaurants,78415,0.158251023,4,54,29415,70.7,0,1233,3,0,27,0.1,0,342,0.8,0,0,0,0,713,11.9,0,9.2,1,49255,0,127,0,0
Alex's Drive Thru Bar & Grill,27.7964358,-97.4218439,"2815 Leopard St, Corpus Christi, TX 78408, United States",ChIJb-tn_RVeaIYR6sAXV63I1HY,/biz/alexs-drive-thru-bar-and-grill-corpus-christi?osq=Restaurants,78411,0.105648161,3.2,109,18431,76.2,1,760,3.1,0,57,0.2,0,316,1.3,0,0,0,0,654,18.5,0,5.9,1,55357,0,66,1,0
Frank's Spaghetti House,27.7969601,-97.4208529,"2724 Leopard St, Corpus Christi, TX 78408, United States",ChIJ03GK6xVeaIYRHL3RhYiAR_k,/biz/franks-spaghetti-house-corpus-christi?osq=Restaurants,78408,0.154472277,4.6,20,7079,68.8,0,1019,9.9,1,30,0.3,0,53,0.5,0,0,0,0,57,4.1,0,1.4,0,37488,0,82,1,0
Taqueria Jalisco,27.7824923,-97.4201432,"902 S Port Ave, Corpus Christi, TX 78405, United States",ChIJi1QJFDdeaIYRQiS9y3W4XTI,/biz/taqueria-jalisco-corpus-christi-4?osq=Restaurants,78411,0.105806706,4.1,109,18431,76.2,1,760,3.1,0,57,0.2,0,316,1.3,0,0,0,0,654,18.5,0,5.9,1,55357,0,66,1,0
Sonny's Barbacoa & Restaurant,27.7530592,-97.4196982,"4066 S Port Ave, Corpus Christi, TX 78415, United States",ChIJIcHPGsFfaIYRmLc5G6TX6QM,/biz/sonnys-barbacoa-and-restaurant-corpus-christi?osq=Restaurants,78415,0.113758489,2.9,54,29415,70.7,0,1233,3,0,27,0.1,0,342,0.8,0,0,0,0,713,11.9,0,9.2,1,49255,0,127,0,0
Taqueria Express & Seafood 2,27.7472674,-97.4196916,"4346 Ayers St, Corpus Christi, TX 78415, United States",ChIJv1hYWupfaIYRTPm-hpyHib8,/biz/taqueria-express-and-seafood-2-corpus-christi?osq=Restaurants,78412,0.123957586,3.4,75,29948,72.9,1,1525,3.7,0,131,0.3,0,1687,4.1,1,41,0.1,1,2088,29.2,1,8.8,1,51280,0,120,1,0
Kowabunga Grille,27.7966141,-97.4186543,"Corpus Christi, TX 78408, United States",ChIJ49_kehVeaIYRGvhdYIYJJvE,/biz/kowabunga-grille-corpus-christi?osq=Restaurants,78408,0.127984095,2.9,20,7079,68.8,0,1019,9.9,1,30,0.3,0,53,0.5,0,0,0,0,57,4.1,0,1.4,0,37488,0,82,1,0
Kuzina Lebanese Grill,27.700577,-97.4156802,"3801 Saratoga Blvd STE 113, Corpus Christi, TX 78415, United States",ChIJSQabcBX1aIYRPyHhjubYBvI,/biz/kuzina-lebanese-grill-corpus-christi-20?osq=Restaurants,78415,0.13845602,3.9,54,29415,70.7,0,1233,3,0,27,0.1,0,342,0.8,0,0,0,0,713,11.9,0,9.2,1,49255,0,127,0,0
Vick's Famous Hamburgers,27.7958965,-97.4155487,"626 N Port Ave, Corpus Christi, TX 78408, United States",ChIJ2xnogGpeaIYRrxSSXjDS9K8,/biz/vicks-famous-hamburgers-corpus-christi-3?osq=Restaurants,78414,0.124448396,5,51,31039,67.3,0,1076,2.3,0,104,0.2,0,2488,5.4,1,44,0.1,1,2830,38.1,1,2.7,0,87231,1,8,1,0
Pavani Express,27.7238761,-97.4153312,"3206 Tiger Ln, Corpus Christi, TX 78415, United States",ChIJFe837v71aIYRQLM3dvOtUAc,/biz/pavani-express-corpus-christi-2?osq=Restaurants,78415,0.131010133,2.8,54,29415,70.7,0,1233,3,0,27,0.1,0,342,0.8,0,0,0,0,713,11.9,0,9.2,1,49255,0,127,0,0
Enrique's Uptown,27.7257415,-97.4143422,"5230 Kostoryz Rd, Corpus Christi, TX 78415, United States",ChIJT_2vLWD1aIYR1ftG5RwQI9k,/biz/enriques-uptown-corpus-christi?osq=Restaurants,78401,0.05180436,2.9,39,3230,69.3,0,486,10.4,1,14,0.3,0,36,0.8,0,0,0,0,43,5.9,0,2,0,30625,0,1,1,0
Hornsbys Seafood and Mo,27.787083,-97.413655,"2202 Agnes St, Corpus Christi, TX 78405, United States",ChIJq3xwU0ZeaIYRC8PNQ-Cc8I0,/biz/hornsbys-seafood-and-mo-corpus-christi?osq=Restaurants,78405,0.104856338,3.5,6,9330,65.7,0,496,3.5,0,47,0.3,0,6,0,0,0,0,0,19,1.2,0,3.3,0,31660,0,24,0,0
Chacho's Tacos,27.7572691,-97.4136311,"3700 Ayers St, Corpus Christi, TX 78415, United States",ChIJtcs0HLlfaIYR2BSrli2G2M0,/biz/chachos-tacos-corpus-christi-3?osq=Restaurants,78415,0.136080476,3,54,29415,70.7,0,1233,3,0,27,0.1,0,342,0.8,0,0,0,0,713,11.9,0,9.2,1,49255,0,127,0,0
Fiesta Tacos,27.7777915,-97.4134962,"2201 Morgan Ave, Corpus Christi, TX 78405, United States",ChIJF18JzEteaIYRiJzskjWE2xc,/biz/fiesta-tacos-corpus-christi?osq=Restaurants,78405,0.1203459,3.5,6,9330,65.7,0,496,3.5,0,47,0.3,0,6,0,0,0,0,0,19,1.2,0,3.3,0,31660,0,24,0,0
Don Jorge Taqueria,27.76081674,-97.41255314,"3221 Ayers St  Corpus Christi, TX 78415",-,/biz/don-jorge-taqueria-corpus-christi?osq=Restaurants,78415,0.021339681,4.1,54,29415,70.7,0,1233,3,0,27,0.1,0,342,0.8,0,0,0,0,713,11.9,0,9.2,1,49255,0,127,0,0
Big Bowl Korean BBQ,27.6995953,-97.4110293,"6410 Weber Rd #19, Corpus Christi, TX 78413, United States",ChIJI1zIdxT1aIYRME68nIHDsv8,/biz/big-bowl-korean-bbq-corpus-christi?osq=Restaurants,78413,0.209874216,4.6,68,27538,74.4,1,1492,4,1,180,0.5,1,848,2.3,0,0,0,0,1376,25.7,1,5.1,1,73859,1,3,1,0
Krab Kingz,27.7000853,-97.4109686,"6410 Weber Rd #5, Corpus Christi, TX 78413, United States",ChIJ8-447nX1aIYRRS75BsNTaOw,/biz/krab-kingz-corpus-christi?osq=Restaurants,78413,0.066632287,4.3,68,27538,74.4,1,1492,4,1,180,0.5,1,848,2.3,0,0,0,0,1376,25.7,1,5.1,1,73859,1,3,1,0
Royal Krabz,27.7000853,-97.4109686,"6410 Weber Rd #5, Corpus Christi, TX 78413, United States",ChIJ8-447nX1aIYRRS75BsNTaOw,/biz/royal-krabz-corpus-christi?osq=Restaurants,78413,0.087614001,4.4,68,27538,74.4,1,1492,4,1,180,0.5,1,848,2.3,0,0,0,0,1376,25.7,1,5.1,1,73859,1,3,1,0
LEI KITCHEN,27.6980655,-97.4107251,"4037 Saratoga Blvd #D, Corpus Christi, TX 78413, United States",ChIJ9T8VQiH1aIYROPcvfPdnVn4,/biz/lei-kitchen-corpus-christi?osq=Restaurants,78413,0.16711893,4.3,68,27538,74.4,1,1492,4,1,180,0.5,1,848,2.3,0,0,0,0,1376,25.7,1,5.1,1,73859,1,3,1,0
Eddie's Restaurant,27.7326064,-97.4100418,"4810 Kostoryz Rd, Corpus Christi, TX 78415, United States",ChIJQZWltY5faIYRCw86WjL44Os,/biz/eddies-restaurant-corpus-christi?osq=Restaurants,78415,0.13102827,3.4,54,29415,70.7,0,1233,3,0,27,0.1,0,342,0.8,0,0,0,0,713,11.9,0,9.2,1,49255,0,127,0,0
Pho D'Noodle House,27.7261167,-97.409251,"3403 S Padre Island Dr, Corpus Christi, TX 78415, United States",ChIJy0SpKO9faIYRzzUDBIxRVNY,/biz/pho-d-noodle-house-corpus-christi?osq=Restaurants,78415,0.124374758,1.7,54,29415,70.7,0,1233,3,0,27,0.1,0,342,0.8,0,0,0,0,713,11.9,0,9.2,1,49255,0,127,0,0
El Potro,27.7064312,-97.4086745,"6085 Weber Rd, Corpus Christi, TX 78413, United States",ChIJf-OKVmz1aIYRNWDGpx7KO6g,/biz/el-potro-corpus-christi?osq=Restaurants,78413,0.042293374,3.5,68,27538,74.4,1,1492,4,1,180,0.5,1,848,2.3,0,0,0,0,1376,25.7,1,5.1,1,73859,1,3,1,0
Wienerschnitzel,27.7673688,-97.4082889,"2401 Ayers St, Corpus Christi, TX 78404, United States",ChIJb8VdgLFfaIYR6f389FLuJ0I,/biz/wienerschnitzel-corpus-christi-6?osq=Restaurants,78412,0.117960652,3.5,75,29948,72.9,1,1525,3.7,0,131,0.3,0,1687,4.1,1,41,0.1,1,2088,29.2,1,8.8,1,51280,0,120,1,0
La Ribera,27.7787641,-97.4073786,"1602 Morgan Ave, Corpus Christi, TX 78404, United States",ChIJ26qH201eaIYR3QsJChNA8So,/biz/la-ribera-corpus-christi?osq=Restaurants,78404,0.108908878,4.1,32,12065,77.1,1,408,2.6,0,8,0.1,0,290,1.9,0,0,0,0,294,15.5,0,4.7,1,49473,0,39,1,0
Agave Jalisco Restaurant,27.7700894,-97.4065721,"2001 Ayers St #3059, Corpus Christi, TX 78404, United States",ChIJnXh4ZLJfaIYRkAFJWrULaBo,/biz/agave-jalisco-restaurant-corpus-christi?osq=Restaurants,78404,0.005062038,4.8,32,12065,77.1,1,408,2.6,0,8,0.1,0,290,1.9,0,0,0,0,294,15.5,0,4.7,1,49473,0,39,1,0
Pho Life,27.7097745,-97.4065253,"5865 Weber Rd, Corpus Christi, TX 78413, United States",ChIJDe4LHW71aIYRKm16l6A8ZVI,/biz/pho-life-corpus-christi?osq=Restaurants,78413,0.138131562,4.3,68,27538,74.4,1,1492,4,1,180,0.5,1,848,2.3,0,0,0,0,1376,25.7,1,5.1,1,73859,1,3,1,0
Ali's Cafe,27.7493933,-97.4040506,"2929 Norton St, Corpus Christi, TX 78415, United States",ChIJh_FScJhfaIYRaWuflNjH38U,/biz/alis-cafe-corpus-christi-2?osq=Restaurants,78415,0.078977594,4.6,54,29415,70.7,0,1233,3,0,27,0.1,0,342,0.8,0,0,0,0,713,11.9,0,9.2,1,49255,0,127,0,0
Golden Crown Inn,27.7612761,-97.4028585,"2739 S Staples St, Corpus Christi, TX 78404, United States",ChIJqwYrgqVfaIYRj7RSL7lVah0,/biz/golden-crown-inn-corpus-christi?osq=Restaurants,78404,0.118509103,3.6,32,12065,77.1,1,408,2.6,0,8,0.1,0,290,1.9,0,0,0,0,294,15.5,0,4.7,1,49473,0,39,1,0
Golden Crown Chinese Restaurant,27.7612761,-97.4028585,"2739 S Staples St, Corpus Christi, TX 78404, United States",ChIJqwYrgqVfaIYRj7RSL7lVah0,/biz/golden-crown-chinese-restaurant-corpus-christi?osq=Restaurants,78413,0.114362768,3.6,68,27538,74.4,1,1492,4,1,180,0.5,1,848,2.3,0,0,0,0,1376,25.7,1,5.1,1,73859,1,3,1,0
Taqueria Garibaldi,27.7917832,-97.4028491,"200 N Staples St #2723, Corpus Christi, TX 78401, United States",ChIJr1CXY1xeaIYRqw-sgi8FsOQ,/biz/taqueria-garibaldi-corpus-christi?osq=Restaurants,78401,0.03835589,4,39,3230,69.3,0,486,10.4,1,14,0.3,0,36,0.8,0,0,0,0,43,5.9,0,2,0,30625,0,1,1,0
El Muelle De San Blas,27.7646576,-97.402654,"920 Louisiana Ave, Corpus Christi, TX 78404, United States",ChIJvz4apy5faIYR3llCypNeARg,/biz/el-muelle-de-san-blas-corpus-christi?osq=Restaurants,78404,0.138360372,2.2,32,12065,77.1,1,408,2.6,0,8,0.1,0,290,1.9,0,0,0,0,294,15.5,0,4.7,1,49473,0,39,1,0
Price's Chef,27.7727123,-97.4005067,"1800 S Alameda St, Corpus Christi, TX 78404, United States",ChIJ7SDzpqxfaIYR1vziWHMkrzs,/biz/prices-chef-corpus-christi?osq=Restaurants,78404,0.132789602,4.3,32,12065,77.1,1,408,2.6,0,8,0.1,0,290,1.9,0,0,0,0,294,15.5,0,4.7,1,49473,0,39,1,0
Luciano's Italian Restaurant,27.7719308,-97.4004867,"1821 S Alameda St, Corpus Christi, TX 78404, United States",ChIJBaLVmKxfaIYRS7iI9S2ou7Y,/biz/lucianos-italian-restaurant-corpus-christi?osq=Restaurants,78404,0.152861848,4.8,32,12065,77.1,1,408,2.6,0,8,0.1,0,290,1.9,0,0,0,0,294,15.5,0,4.7,1,49473,0,39,1,0
Hester's Cafe & Coffee Bar - Six Points,27.7730691,-97.4004023,"1714 S Alameda St, Corpus Christi, TX 78404, United States",ChIJnXrVr6xfaIYRId8vtRKUGeg,/biz/hesters-cafe-and-coffee-bar-six-points-corpus-christi?osq=Restaurants,78404,0.181213892,4.5,32,12065,77.1,1,408,2.6,0,8,0.1,0,290,1.9,0,0,0,0,294,15.5,0,4.7,1,49473,0,39,1,0
Shoreline Sandwich Company,27.7949362,-97.4003847,"901 Leopard St, Corpus Christi, TX 78401, United States",ChIJRyd74f1faIYRtb3jRMNM24o,/biz/shoreline-sandwich-company-corpus-christi-2?osq=Restaurants,78401,0.130537785,2.7,39,3230,69.3,0,486,10.4,1,14,0.3,0,36,0.8,0,0,0,0,43,5.9,0,2,0,30625,0,1,1,0
Shoreline Sandwich Company,27.7949362,-97.4003847,"901 Leopard St, Corpus Christi, TX 78401, United States",ChIJRyd74f1faIYRtb3jRMNM24o,/biz/shoreline-sandwich-company-corpus-christi-3?osq=Restaurants,78411,0.119357885,4.5,109,18431,76.2,1,760,3.1,0,57,0.2,0,316,1.3,0,0,0,0,654,18.5,0,5.9,1,55357,0,66,1,0
South Texas Ice House,27.6913977,-97.3997275,"D5, 6601 Everhart Rd, Corpus Christi, TX 78413, United States",ChIJ2dOHDAb1aIYRlwGYck-P4_U,/biz/south-texas-ice-house-corpus-christi?osq=Restaurants,78413,0.070717663,4.3,68,27538,74.4,1,1492,4,1,180,0.5,1,848,2.3,0,0,0,0,1376,25.7,1,5.1,1,73859,1,3,1,0
The Gumbo Seafood,27.7195605418198,-97.3994207618082,"5212 Weber Rd, Corpus Christi, TX 78411, United States",ChIJhQEVCF0laIYRWk05RkM1tko,/biz/the-gumbo-seafood-corpus-christi?osq=Restaurants,78411,0.093727881,2.9,109,18431,76.2,1,760,3.1,0,57,0.2,0,316,1.3,0,0,0,0,654,18.5,0,5.9,1,55357,0,66,1,0
Noodles & Dumplings,27.6918371,-97.3992103,"6505 Everhart Rd, Corpus Christi, TX 78413, United States",ChIJF-FtAXj1aIYR734iNdEd9ag,/biz/noodles-and-dumplings-corpus-christi-2?osq=Restaurants,78413,0.347359561,4,68,27538,74.4,1,1492,4,1,180,0.5,1,848,2.3,0,0,0,0,1376,25.7,1,5.1,1,73859,1,3,1,0
Noodles & dumplings,27.6918371,-97.3992103,"6505 Everhart Rd, Corpus Christi, TX 78413, United States",ChIJF-FtAXj1aIYR734iNdEd9ag,/biz/noodles-and-dumplings-corpus-christi?osq=Restaurants,78413,0.125856446,5,68,27538,74.4,1,1492,4,1,180,0.5,1,848,2.3,0,0,0,0,1376,25.7,1,5.1,1,73859,1,3,1,0
Tai Pai Cafe,27.7965764,-97.3984336,"711 N Carancahua St, Corpus Christi, TX 78401, United States",ChIJCxqy1F9eaIYRNR3dK1VuEfE,/biz/tai-pai-cafe-corpus-christi-2?osq=Restaurants,78401,0.114896977,3.9,39,3230,69.3,0,486,10.4,1,14,0.3,0,36,0.8,0,0,0,0,43,5.9,0,2,0,30625,0,1,1,1
Asian Cafe,27.7965764,-97.3984336,"711 N Carancahua St, Corpus Christi, TX 78401, United States",ChIJCxqy1F9eaIYRNR3dK1VuEfE,/biz/asian-cafe-corpus-christi-2?osq=Restaurants,78414,0.016954348,4.5,51,31039,67.3,0,1076,2.3,0,104,0.2,0,2488,5.4,1,44,0.1,1,2830,38.1,1,2.7,0,87231,1,8,1,1
Brewster Street Ice House,27.8074769,-97.3984013,"1724 N Tancahua St, Corpus Christi, TX 78401, United States",ChIJ-UDiOGNeaIYRmB5lBWZakyw,/biz/brewster-street-ice-house-corpus-christi?osq=Restaurants,78401,0.116084453,2.6,39,3230,69.3,0,486,10.4,1,14,0.3,0,36,0.8,0,0,0,0,43,5.9,0,2,0,30625,0,1,1,0
Brewster Street Ice House,27.8074769,-97.3984013,"1724 N Tancahua St, Corpus Christi, TX 78401, United States",ChIJ-UDiOGNeaIYRmB5lBWZakyw,/biz/brewster-street-ice-house-corpus-christi-2?osq=Restaurants,78411,0.132780213,2.3,109,18431,76.2,1,760,3.1,0,57,0.2,0,316,1.3,0,0,0,0,654,18.5,0,5.9,1,55357,0,66,1,0
Czech-Mex Bakery & Cafe,27.7964236,-97.3979694,"711 N Carancahua St, Corpus Christi, TX 78401, United States",ChIJW5hMKV5eaIYRLY4lK2PYr-8,/biz/czech-mex-bakery-and-cafe-corpus-christi-2?osq=Restaurants,78401,0.137301031,3.3,39,3230,69.3,0,486,10.4,1,14,0.3,0,36,0.8,0,0,0,0,43,5.9,0,2,0,30625,0,1,1,1
Hoegemeyer's Barbeque Barn,27.801715,-97.397818,"711 Concrete St, Corpus Christi, TX 78401, United States",ChIJA1V5c2FeaIYRO94iTw5p-f8,/biz/hoegemeyers-barbeque-barn-corpus-christi?osq=Restaurants,78401,0.151799419,3.5,39,3230,69.3,0,486,10.4,1,14,0.3,0,36,0.8,0,0,0,0,43,5.9,0,2,0,30625,0,1,1,0
Hawaii Poke & Ramen,27.7222224,-97.3977841,"4002 S Padre Island Dr #108, Corpus Christi, TX 78411, United States",ChIJoyx4crD1aIYRZ41MKfvSgas,/biz/hawaii-poke-and-ramen-corpus-christi-2?osq=Restaurants,78411,0.125313286,3.8,109,18431,76.2,1,760,3.1,0,57,0.2,0,316,1.3,0,0,0,0,654,18.5,0,5.9,1,55357,0,66,1,0
POETS Family Restaurant,27.6915655,-97.3976583,"4825 Saratoga Blvd, Corpus Christi, TX 78413, United States",ChIJ_____xv1aIYRKvIGlHNzAsM,/biz/poets-family-restaurant-corpus-christi?osq=Restaurants,78413,0.135299496,3.4,68,27538,74.4,1,1492,4,1,180,0.5,1,848,2.3,0,0,0,0,1376,25.7,1,5.1,1,73859,1,3,1,0
Freddy's Frozen Custard & Steakburgers,27.7218047,-97.3974094,"4018 S Padre Island Dr, Corpus Christi, TX 78411, United States",ChIJyUNR2H71aIYRZoTvuvIM_6s,/biz/freddys-frozen-custard-and-steakburgers-corpus-christi?osq=Restaurants,78411,0.123977641,3.2,109,18431,76.2,1,760,3.1,0,57,0.2,0,316,1.3,0,0,0,0,654,18.5,0,5.9,1,55357,0,66,1,0
Papi Chulo's,27.6916774,-97.3971067,"4861 Saratoga Blvd, Corpus Christi, TX 78413, United States",ChIJed3FzQf1aIYRp4PTfZbHsck,/biz/papi-chulos-corpus-christi?osq=Restaurants,78413,0.012804967,3.9,68,27538,74.4,1,1492,4,1,180,0.5,1,848,2.3,0,0,0,0,1376,25.7,1,5.1,1,73859,1,3,1,0
The Wilson,27.7956304,-97.3969691,"606 N Carancahua St, Corpus Christi, TX 78401, United States",ChIJOa8DuF9eaIYRDgpFkVk7IhE,/biz/the-wilson-corpus-christi?osq=Restaurants,78411,0.149580936,3.9,109,18431,76.2,1,760,3.1,0,57,0.2,0,316,1.3,0,0,0,0,654,18.5,0,5.9,1,55357,0,66,1,1
Laredo Taco Company,27.7787913,-97.3969203,"1303 3rd St, Corpus Christi, TX 78404, United States",ChIJdZATSkVfaIYRzdRVunjbFeQ,/biz/laredo-taco-company-corpus-christi-2?osq=Restaurants,78412,0.025160781,3.8,75,29948,72.9,1,1525,3.7,0,131,0.3,0,1687,4.1,1,41,0.1,1,2088,29.2,1,8.8,1,51280,0,120,1,0
Laredo Taco Company,27.7787913,-97.3969203,"1303 3rd St, Corpus Christi, TX 78404, United States",ChIJdZATSkVfaIYRzdRVunjbFeQ,/biz/laredo-taco-company-corpus-christi-12?osq=Restaurants,78413,0.018414611,3.3,68,27538,74.4,1,1492,4,1,180,0.5,1,848,2.3,0,0,0,0,1376,25.7,1,5.1,1,73859,1,3,1,0
Portis Kountry Kitchen,27.797011,-97.396738,"615 N Upper Broadway # B, Corpus Christi, TX 78401, United States",ChIJIS9w3l9eaIYRJ2AP3IJBoNM,/biz/portis-kountry-kitchen-corpus-christi-2?osq=Restaurants,78401,0.245964906,4.7,39,3230,69.3,0,486,10.4,1,14,0.3,0,36,0.8,0,0,0,0,43,5.9,0,2,0,30625,0,1,1,1
Mi Nueva Casa,27.6645618,-97.3963182,"7602 S Staples St Suite 106, Corpus Christi, TX 78414, United States",ChIJY1jeOcT1aIYRDzfg1oCLRG0,/biz/mi-nueva-casa-corpus-christi?osq=Restaurants,78414,0.109493893,3.3,51,31039,67.3,0,1076,2.3,0,104,0.2,0,2488,5.4,1,44,0.1,1,2830,38.1,1,2.7,0,87231,1,8,1,0
"Umiya Sushi, Seafood and Grill",27.7195573,-97.3957109,"4101 S Padre Island Dr, Corpus Christi, TX 78411, United States",ChIJt0EG8KX1aIYR9Hj_7PoG7To,/biz/umiya-sushi-seafood-and-grill-corpus-christi?osq=Restaurants,78411,0.169886042,4,109,18431,76.2,1,760,3.1,0,57,0.2,0,316,1.3,0,0,0,0,654,18.5,0,5.9,1,55357,0,66,1,0
The Exchange - Corpus Christi,27.7942425,-97.395513,"224 N Mesquite St, Corpus Christi, TX 78401, United States",ChIJgbA7eF9eaIYRHw2YCb0drxk,/biz/the-exchange-corpus-christi-corpus-christi?osq=Restaurants,78401,0.164999163,3.6,39,3230,69.3,0,486,10.4,1,14,0.3,0,36,0.8,0,0,0,0,43,5.9,0,2,0,30625,0,1,1,1
Crawdaddy's Downtown,27.795193,-97.3954698,"317 N Mesquite St, Corpus Christi, TX 78401, United States",ChIJic1JropeaIYRn01HEX-ZsKM,/biz/crawdaddys-downtown-corpus-christi?osq=Restaurants,78401,0.13358525,3.5,39,3230,69.3,0,486,10.4,1,14,0.3,0,36,0.8,0,0,0,0,43,5.9,0,2,0,30625,0,1,1,1
House Of Rock,27.7976881,-97.3954484,"511 Starr St, Corpus Christi, TX 78401, United States",ChIJJ6MyAmBeaIYRxuCRaauoZJw,/biz/house-of-rock-corpus-christi?osq=Restaurants,78401,0.144697766,4,39,3230,69.3,0,486,10.4,1,14,0.3,0,36,0.8,0,0,0,0,43,5.9,0,2,0,30625,0,1,1,1
Nueces Brewery,27.7886304,-97.3953877,"401 S Water St, Corpus Christi, TX 78401, United States",ChIJB3g10vlfaIYRRSXFsQgIHcM,/biz/nueces-brewery-corpus-christi?osq=Restaurants,78401,0.192403797,4.1,39,3230,69.3,0,486,10.4,1,14,0.3,0,36,0.8,0,0,0,0,43,5.9,0,2,0,30625,0,1,1,0
Mesquite St Pizza & Pasta Co,27.7975748,-97.3951339,"617 N Mesquite St, Corpus Christi, TX 78401, United States",ChIJUaQIAWBeaIYRQ-t16bczFjE,/biz/mesquite-st-pizza-and-pasta-co-corpus-christi?osq=Restaurants,78401,0.128464451,4.3,39,3230,69.3,0,486,10.4,1,14,0.3,0,36,0.8,0,0,0,0,43,5.9,0,2,0,30625,0,1,1,1
U & I Steak and Seafood Restaurant,27.7899977,-97.3950756,"309 S Water St, Corpus Christi, TX 78401, United States",ChIJhQHqoFheaIYRMcbn6zHlmzw,/biz/u-and-i-steak-and-seafood-restaurant-corpus-christi-2?osq=Restaurants,78401,0.103936243,4.1,39,3230,69.3,0,486,10.4,1,14,0.3,0,36,0.8,0,0,0,0,43,5.9,0,2,0,30625,0,1,1,0
U & I Restaurant,27.7899977,-97.3950756,"309 S Water St, Corpus Christi, TX 78401, United States",ChIJhQHqoFheaIYRMcbn6zHlmzw,/biz/u-and-i-restaurant-corpus-christi?osq=Restaurants,78401,0.034642477,2.7,39,3230,69.3,0,486,10.4,1,14,0.3,0,36,0.8,0,0,0,0,43,5.9,0,2,0,30625,0,1,1,0
Outback Steakhouse,27.7189371,-97.3947439,"4221 S Padre Island Dr, Corpus Christi, TX 78411, United States",ChIJpY7KeYL1aIYRD1YMy1QTHtI,/biz/outback-steakhouse-corpus-christi?osq=Restaurants,78411,0.13107835,3.4,109,18431,76.2,1,760,3.1,0,57,0.2,0,316,1.3,0,0,0,0,654,18.5,0,5.9,1,55357,0,66,1,0
Bella Luna Downtown,27.7962352,-97.3947161,"429 Schatzell St, Corpus Christi, TX 78401, United States",ChIJaQDeWPVeaIYRrfAmc2KH2Lg,/biz/bella-luna-downtown-corpus-christi?osq=Restaurants,78401,0.191982651,4.5,39,3230,69.3,0,486,10.4,1,14,0.3,0,36,0.8,0,0,0,0,43,5.9,0,2,0,30625,0,1,1,1
Cracker Barrel Old Country Store,27.7186579,-97.3943205,"4229 S Padre Island Dr, Corpus Christi, TX 78411, United States",ChIJmxVMhoL1aIYRlayobq3wU1U,/biz/cracker-barrel-old-country-store-corpus-christi?osq=Restaurants,78411,0.008441162,2.3,109,18431,76.2,1,760,3.1,0,57,0.2,0,316,1.3,0,0,0,0,654,18.5,0,5.9,1,55357,0,66,1,0
Executive Surf Club,27.7943716,-97.3942545,"306 N Chaparral St, Corpus Christi, TX 78401, United States",ChIJPZ9boPVeaIYR4NtTg6SASgA,/biz/executive-surf-club-corpus-christi?osq=Restaurants,78401,0.187525936,4.3,39,3230,69.3,0,486,10.4,1,14,0.3,0,36,0.8,0,0,0,0,43,5.9,0,2,0,30625,0,1,1,1
Railroad Brewing Co,27.802993,-97.3941449,"1214 N Chaparral St, Corpus Christi, TX 78401, United States",ChIJiYzYHIpeaIYR-KlnmP98A_g,/biz/railroad-brewing-co-corpus-christi-2?osq=Restaurants,78401,0.129809564,4.2,39,3230,69.3,0,486,10.4,1,14,0.3,0,36,0.8,0,0,0,0,43,5.9,0,2,0,30625,0,1,1,0
The Point of Corpus Christi,27.7969138,-97.3940456,"601 N Chaparral St, Corpus Christi, TX 78401, United States",ChIJY3HGFM9faIYRHHn8Oyc74mk,/biz/the-point-of-corpus-christi-corp-christi?osq=Restaurants,78404,0.126379118,3.4,32,12065,77.1,1,408,2.6,0,8,0.1,0,290,1.9,0,0,0,0,294,15.5,0,4.7,1,49473,0,39,1,1
Lumpia House #2,27.6675777,-97.3938974,"7426 S Staples St #102, Corpus Christi, TX 78413, United States",ChIJg3nDmIz1aIYRiPeNHlTYOBo,/biz/lumpia-house-2-corpus-christi-4?osq=Restaurants,78413,0.142003269,3.4,68,27538,74.4,1,1492,4,1,180,0.5,1,848,2.3,0,0,0,0,1376,25.7,1,5.1,1,73859,1,3,1,0
El Sol De Mexico,27.747295,-97.3936758,"3511 S Staples St, Corpus Christi, TX 78411, United States",ChIJmzk6dXVfaIYRgfgwlX5g_Yw,/biz/el-sol-de-mexico-corpus-christi?osq=Restaurants,78411,0.090143546,3.8,109,18431,76.2,1,760,3.1,0,57,0.2,0,316,1.3,0,0,0,0,654,18.5,0,5.9,1,55357,0,66,1,0
El Sol de Mexico,27.747295,-97.3936758,"3511 S Staples St, Corpus Christi, TX 78411, United States",ChIJmzk6dXVfaIYRgfgwlX5g_Yw,/biz/el-sol-de-mexico-corpus-christi-2?osq=Restaurants,78411,0.016925091,2.8,109,18431,76.2,1,760,3.1,0,57,0.2,0,316,1.3,0,0,0,0,654,18.5,0,5.9,1,55357,0,66,1,0
Water Street Sushi Room,27.7944581,-97.3936739,"309 N Water St # B, Corpus Christi, TX 78401, United States",ChIJl9dWz-1faIYRVYm24gg-CDY,/biz/water-street-sushi-room-corpus-christi-2?osq=Restaurants,78401,0.085768611,1.5,39,3230,69.3,0,486,10.4,1,14,0.3,0,36,0.8,0,0,0,0,43,5.9,0,2,0,30625,0,1,1,1
La Playa By the Bay,27.7938202,-97.3936313,"227 N Water St, Corpus Christi, TX 78401, United States",ChIJsX97l_VeaIYRnM49uwSbmZI,/biz/la-playa-by-the-bay-corpus-christi?osq=Restaurants,78401,0.112827736,1.9,39,3230,69.3,0,486,10.4,1,14,0.3,0,36,0.8,0,0,0,0,43,5.9,0,2,0,30625,0,1,1,1
La Playa Mexican Resturant & Cantina,27.7938202,-97.3936313,"227 N Water St, Corpus Christi, TX 78401, United States",ChIJsX97l_VeaIYRnM49uwSbmZI,/biz/la-playa-mexican-resturant-and-cantina-corpus-christi?osq=Restaurants,78411,0.108685369,3.5,109,18431,76.2,1,760,3.1,0,57,0.2,0,316,1.3,0,0,0,0,654,18.5,0,5.9,1,55357,0,66,1,1
Dokyo Dauntaun,27.795852,-97.3935941,"424 N Chaparral St, Corpus Christi, TX 78401, United States",ChIJVa4DKVxfaIYRZRbC9Xjw1qU,/biz/dokyo-dauntaun-corpus-christi?osq=Restaurants,78401,0.186983884,4.3,39,3230,69.3,0,486,10.4,1,14,0.3,0,36,0.8,0,0,0,0,43,5.9,0,2,0,30625,0,1,1,1
Water Street Oyster Bar,27.7943618,-97.393527,"309 N Water St, Corpus Christi, TX 78401, United States",ChIJPZ9boPVeaIYRwft-GQ18joQ,/biz/water-street-oyster-bar-corpus-christi?osq=Restaurants,78401,0.218047773,3.9,39,3230,69.3,0,486,10.4,1,14,0.3,0,36,0.8,0,0,0,0,43,5.9,0,2,0,30625,0,1,1,1
Water Street Seafood Company,27.7943618,-97.393527,"309 N Water St, Corpus Christi, TX 78401, United States",ChIJPZ9boPVeaIYRwft-GQ18joQ,/biz/water-street-seafood-company-corpus-christi?osq=Restaurants,78401,0.142819768,3.2,39,3230,69.3,0,486,10.4,1,14,0.3,0,36,0.8,0,0,0,0,43,5.9,0,2,0,30625,0,1,1,1
Aka Sushi Downtown,27.7954534,-97.3931253,"415 N Water St, Corpus Christi, TX 78401, United States",ChIJlQHlE_VeaIYR2nVRW4EjSzo,/biz/aka-sushi-downtown-corpus-christi?osq=Restaurants,78401,0.166509047,4.3,39,3230,69.3,0,486,10.4,1,14,0.3,0,36,0.8,0,0,0,0,43,5.9,0,2,0,30625,0,1,1,1
Whataburger,27.7924445,-97.3929834,"121 N Shoreline Blvd, Corpus Christi, TX 78401, United States",ChIJXyZsxfVeaIYRoxpZzyotlis,/biz/whataburger-corpus-christi-5?osq=Restaurants,78411,0.012770149,2.8,109,18431,76.2,1,760,3.1,0,57,0.2,0,316,1.3,0,0,0,0,654,18.5,0,5.9,1,55357,0,66,1,1
Elizabeth's,27.8106458,-97.3929757,"1902 N Shoreline Blvd, Corpus Christi, TX 78401, United States",ChIJMV2SIqhfaIYRiDfJRoX5Ric,/biz/elizabeth-s-corpus-christi?osq=Restaurants,78401,0.181773499,4.8,39,3230,69.3,0,486,10.4,1,14,0.3,0,36,0.8,0,0,0,0,43,5.9,0,2,0,30625,0,1,1,0
Thai Spice,27.796644,-97.3928958,"523 N Water St, Corpus Christi, TX 78401, United States",ChIJeY0K1fReaIYRXhR__vSkmAs,/biz/thai-spice-corpus-christi?osq=Restaurants,78401,0.139089497,3.8,39,3230,69.3,0,486,10.4,1,14,0.3,0,36,0.8,0,0,0,0,43,5.9,0,2,0,30625,0,1,1,1
Acapulco,27.7322201192707,-97.3927176753028,"4425 Weber Rd, Corpus Christi, TX 78411, United States",ChIJyVDOroVXyoUR46SQivfYAZg,/biz/acapulco-corpus-christi?osq=Restaurants,78411,0.012660072,2.6,109,18431,76.2,1,760,3.1,0,57,0.2,0,316,1.3,0,0,0,0,654,18.5,0,5.9,1,55357,0,66,1,0
Chops & Eggs,27.6654183,-97.3926791,"5802 Yorktown Blvd b107, Corpus Christi, TX 78414, United States",ChIJJwVe3FL0aIYRAYGSZS68Nis,/biz/chops-and-eggs-corpus-christi-3?osq=Restaurants,78414,0.150021616,3.7,51,31039,67.3,0,1076,2.3,0,104,0.2,0,2488,5.4,1,44,0.1,1,2830,38.1,1,2.7,0,87231,1,8,1,0
Acapulco Restaurant Mexican Food,27.7320428,-97.3925878,"4425 Weber Rd, Corpus Christi, TX 78411, United States",ChIJTRCAI39faIYRXarssNbrhH4,/biz/acapulco-restaurant-mexican-food-corpus-christi?osq=Restaurants,78412,0.167123519,4.1,75,29948,72.9,1,1525,3.7,0,131,0.3,0,1687,4.1,1,41,0.1,1,2088,29.2,1,8.8,1,51280,0,120,1,0
Acapulco's Mexican Restaurant,27.7320428,-97.3925878,"4425 Weber Rd, Corpus Christi, TX 78411, United States",ChIJTRCAI39faIYRXarssNbrhH4,/biz/acapulcos-mexican-restaurant-corpus-christi-2?osq=Restaurants,78412,0.080414849,3.5,75,29948,72.9,1,1525,3.7,0,131,0.3,0,1687,4.1,1,41,0.1,1,2088,29.2,1,8.8,1,51280,0,120,1,0
Taqueria Acapulco,27.7320428,-97.3925878,"4425 Weber Rd, Corpus Christi, TX 78411, United States",ChIJTRCAI39faIYRXarssNbrhH4,/biz/taqueria-acapulco-corpus-christi?osq=Restaurants,78412,0.004218946,3.5,75,29948,72.9,1,1525,3.7,0,131,0.3,0,1687,4.1,1,41,0.1,1,2088,29.2,1,8.8,1,51280,0,120,1,0
Citrus Bay Bistro,27.7965183,-97.3923568,"500 N Shoreline Blvd #108, Corpus Christi, TX 78401, United States",ChIJxUfi0fVeaIYRmnifUuQ-gY4,/biz/citrus-bay-bistro-corpus-christi?osq=Restaurants,78401,0.167097428,3.9,39,3230,69.3,0,486,10.4,1,14,0.3,0,36,0.8,0,0,0,0,43,5.9,0,2,0,30625,0,1,1,1
Republic of Texas Bar and Grill,27.8006263,-97.3922622,"900 N Shoreline Blvd, Corpus Christi, TX 78401, United States",ChIJyexND4teaIYRMt2gr2wAZws,/biz/republic-of-texas-bar-and-grill-corpus-christi?osq=Restaurants,78401,0.222137125,3.8,39,3230,69.3,0,486,10.4,1,14,0.3,0,36,0.8,0,0,0,0,43,5.9,0,2,0,30625,0,1,1,0
Glass Pavilion Omni Bayfront,27.8006263,-97.3922622,"900 N Shoreline Blvd, Corpus Christi, TX 78401, United States",ChIJD3MPbvheaIYRAQ1QoMwqONY,/biz/glass-pavilion-omni-bayfront-corpus-christi?osq=Restaurants,78401,0.167586718,3.8,39,3230,69.3,0,486,10.4,1,14,0.3,0,36,0.8,0,0,0,0,43,5.9,0,2,0,30625,0,1,1,0
Vietnam Restaurant,27.7991554,-97.3921156,"800 N Shoreline Blvd, Corpus Christi, TX 78401, United States",ChIJKWv_k9hfaIYRvsXPNUVjTtU,/biz/vietnam-restaurant-corpus-christi?osq=Restaurants,78401,0.155114366,4.4,39,3230,69.3,0,486,10.4,1,14,0.3,0,36,0.8,0,0,0,0,43,5.9,0,2,0,30625,0,1,1,0
Pepsi Shoreline Grill,27.81389173,-97.39207364,"2710 N Shoreline Blvd Corpus Christi, TX 78402",-,/biz/pepsi-shoreline-grill-corpus-christi?osq=Restaurants,78402,0.140623566,4.1,6,181,77.7,1,21,9,1,0,0,0,0,0,0,0,0,0,0,0,0,0,0,45000,0,103,1,0
Coastline Cafe,27.798467,-97.3917341,"707 N Shoreline Blvd, Corpus Christi, TX 78401, United States",ChIJ4RDHJ4teaIYRt3H-cara36I,/biz/coastline-cafe-corpus-christi?osq=Restaurants,78401,0.158003557,3.1,39,3230,69.3,0,486,10.4,1,14,0.3,0,36,0.8,0,0,0,0,43,5.9,0,2,0,30625,0,1,1,0
Yoshi Zushi Japanese Cuisine,27.7022065,-97.3916774,"5898 Everhart Rd, Corpus Christi, TX 78413, United States",ChIJ2YsNs6H1aIYRo3jejfYCnWw,/biz/yoshi-zushi-japanese-cuisine-corpus-christi?osq=Restaurants,78413,0.073224159,2.3,68,27538,74.4,1,1492,4,1,180,0.5,1,848,2.3,0,0,0,0,1376,25.7,1,5.1,1,73859,1,3,1,0
Linda's Restaurant,27.730447,-97.3915935,"4033 Gollihar Rd, Corpus Christi, TX 78411, United States",ChIJzclr935faIYRwwj-5p1Reb8,/biz/lindas-restaurant-corpus-christi?osq=Restaurants,78411,0.155419453,4.2,109,18431,76.2,1,760,3.1,0,57,0.2,0,316,1.3,0,0,0,0,654,18.5,0,5.9,1,55357,0,66,1,0
Southside Barbacoa,27.7023451,-97.3915128,"5894 Everhart Rd suite a, Corpus Christi, TX 78413, United States",ChIJYxINs6H1aIYRiMuRZ082l_E,/biz/southside-barbacoa-corpus-christi?osq=Restaurants,78413,0.104861867,4,68,27538,74.4,1,1492,4,1,180,0.5,1,848,2.3,0,0,0,0,1376,25.7,1,5.1,1,73859,1,3,1,0
Southside Tacos,27.7023451,-97.3915128,"5894 Everhart Rd suite a, Corpus Christi, TX 78413, United States",ChIJYxINs6H1aIYRiMuRZ082l_E,/biz/southside-tacos-corpus-christi?osq=Restaurants,78414,0.15354877,4.1,51,31039,67.3,0,1076,2.3,0,104,0.2,0,2488,5.4,1,44,0.1,1,2830,38.1,1,2.7,0,87231,1,8,1,0
Ginger Cafe And Grill,27.6748,-97.3912,"7009 S Staples St, Corpus Christi, TX 78413, United States",ChIJa38cnFb0aIYRUcCKP9JLPWA,/biz/ginger-cafe-and-grill-corpus-christi?osq=Restaurants,78413,0.206614436,3.7,68,27538,74.4,1,1492,4,1,180,0.5,1,848,2.3,0,0,0,0,1376,25.7,1,5.1,1,73859,1,3,1,0
Sugarbakers Bistro & Bakery,27.7672904,-97.3910506,"2766 Santa Fe St, Corpus Christi, TX 78404, United States",ChIJ61MAxAZfaIYRKeBeZvVHQBw,/biz/sugarbakers-bistro-and-bakery-corpus-christi?osq=Restaurants,78404,0.138210618,3.5,32,12065,77.1,1,408,2.6,0,8,0.1,0,290,1.9,0,0,0,0,294,15.5,0,4.7,1,49473,0,39,1,0
The Blue Clove Seafood Bar and Grill,27.7019742,-97.3910231,"5884 Everhart Rd, Corpus Christi, TX 78413, United States",ChIJKR7Oyif1aIYR7Ks0IJka_f4,/biz/the-blue-clove-seafood-bar-and-grill-corpus-christi-3?osq=Restaurants,78413,0.708334651,4.2,68,27538,74.4,1,1492,4,1,180,0.5,1,848,2.3,0,0,0,0,1376,25.7,1,5.1,1,73859,1,3,1,0
Pier 99,27.815713,-97.390795,"2822 N Shoreline Blvd, Corpus Christi, TX 78402, United States",ChIJfcg8OIFeaIYRKn-TSV-X0AY,/biz/pier-99-corpus-christi-2?osq=Restaurants,78402,0.13764081,3.7,6,181,77.7,1,21,9,1,0,0,0,0,0,0,0,0,0,0,0,0,0,0,45000,0,103,1,0
Cruzy's,27.6739521,-97.3906173,"7042 S Staples St #108, Corpus Christi, TX 78413, United States",ChIJpQeaOJb1aIYRYWP2wXmJt04,/biz/cruzys-corpus-christi?osq=Restaurants,78413,0.220278173,4.3,68,27538,74.4,1,1492,4,1,180,0.5,1,848,2.3,0,0,0,0,1376,25.7,1,5.1,1,73859,1,3,1,0
Ara's Seafood & Steaks,27.675694,-97.39058,"6917 S Staples St, Corpus Christi, TX 78413, United States",ChIJC9zVBFT0aIYRxtPV22_vZOI,/biz/aras-seafood-and-steaks-corpus-christi?osq=Restaurants,78413,0.115652009,4.6,68,27538,74.4,1,1492,4,1,180,0.5,1,848,2.3,0,0,0,0,1376,25.7,1,5.1,1,73859,1,3,1,0
Blackbeard's On The Beach,27.8190609,-97.3904168,"3117 Surfside Blvd, Corpus Christi, TX 78402, United States",ChIJH7mfloFeaIYRK9k8L3iJ6u8,/biz/blackbeards-on-the-beach-corpus-christi?osq=Restaurants,78402,0.177609658,3.6,6,181,77.7,1,21,9,1,0,0,0,0,0,0,0,0,0,0,0,0,0,0,45000,0,103,1,0
Jersey Mike's Subs,27.755264,-97.38994,"3235 S Alameda St, Corpus Christi, TX 78404, United States",ChIJ4RupAZ9faIYRy-l1-3-hxeY,/biz/jersey-mikes-subs-corpus-christi-2?osq=Restaurants,78411,0.091168863,3.2,109,18431,76.2,1,760,3.1,0,57,0.2,0,316,1.3,0,0,0,0,654,18.5,0,5.9,1,55357,0,66,1,0
Texas Flame Steakhouse,27.7157716,-97.3897655,"4535 S Padre Island Dr #33, Corpus Christi, TX 78411, United States",ChIJzdH6UoP1aIYR37wV5gIkaHo,/biz/texas-flame-steakhouse-corpus-christi?osq=Restaurants,78411,0.128226742,4,109,18431,76.2,1,760,3.1,0,57,0.2,0,316,1.3,0,0,0,0,654,18.5,0,5.9,1,55357,0,66,1,0
Yo Philly Cheese Steaks & Subs,27.8203187,-97.3895038,"3314 Surfside Blvd, Corpus Christi, TX 78402, United States",ChIJGUpR-IFeaIYRwU2uE9J-Yrw,/biz/yo-philly-cheese-steaks-and-subs-corpus-christi?osq=Restaurants,78402,0.146132133,3.6,6,181,77.7,1,21,9,1,0,0,0,0,0,0,0,0,0,0,0,0,0,0,45000,0,103,1,0
Islands Bar And Grill,27.8190020091802,-97.3894657599601,"3200 Surfside Blvd, Corpus Christi, TX 78402, United States",ChIJFfdcjT6raYYRCaYLvta9yj8,/biz/islands-bar-and-grill-corpus-christi?osq=Restaurants,78402,0.008425073,3.6,6,181,77.7,1,21,9,1,0,0,0,0,0,0,0,0,0,0,0,0,0,0,45000,0,103,1,0
Sals Bronx Pizza,27.6638989,-97.3894427,"5922 Yorktown Blvd Suite 106, Corpus Christi, TX 78414, United States",ChIJoY3exlv1aIYRoe-tKfds5Ow,/biz/sals-bronx-pizza-corpus-christi?osq=Restaurants,78414,0.142577864,3.7,51,31039,67.3,0,1076,2.3,0,104,0.2,0,2488,5.4,1,44,0.1,1,2830,38.1,1,2.7,0,87231,1,8,1,0
Hooters,27.7164226,-97.3893751,"4551 S Padre Island Dr, Corpus Christi, TX 78411, United States",ChIJMcJ-qYT1aIYRTI0lrPR1SEM,/biz/hooters-corpus-christi?osq=Restaurants,78411,0.012847798,3.7,109,18431,76.2,1,760,3.1,0,57,0.2,0,316,1.3,0,0,0,0,654,18.5,0,5.9,1,55357,0,66,1,0
Landry's Seafood House,27.7978026,-97.3890314,"600 N Shoreline Blvd, Corpus Christi, TX 78401, United States",ChIJiUGhyPReaIYRkV3-sf3K9Uk,/biz/landrys-seafood-house-corpus-christi-2?osq=Restaurants,78401,0.169708312,3.4,39,3230,69.3,0,486,10.4,1,14,0.3,0,36,0.8,0,0,0,0,43,5.9,0,2,0,30625,0,1,1,0
Harrison's Landing,27.796914,-97.3889447,"108 Peoples St T-Head, Corpus Christi, TX 78401, United States",ChIJpX7WSPVeaIYRa3xPsmD6WpA,/biz/harrisons-landing-corpus-christi-2?osq=Restaurants,78401,0.248420273,3.5,39,3230,69.3,0,486,10.4,1,14,0.3,0,36,0.8,0,0,0,0,43,5.9,0,2,0,30625,0,1,1,0
The Mess Deck,27.8155227,-97.3889055,"Deck 02, 2914 N Shoreline Blvd, Corpus Christi, TX 78402, United States",ChIJsZP-gmVfaIYRKQ7_4tLsSTg,/biz/the-mess-deck-corpus-christi?osq=Restaurants,78402,0.13423916,3.8,6,181,77.7,1,21,9,1,0,0,0,0,0,0,0,0,0,0,0,0,0,0,45000,0,103,1,0
My Favorite Muffin,27.7547837,-97.3883223,"3264 S Alameda St, Corpus Christi, TX 78404, United States",ChIJlZH1aAxfaIYRODuoIiZUccc,/biz/my-favorite-muffin-corpus-christi-3?osq=Restaurants,78404,0.125072327,2.9,32,12065,77.1,1,408,2.6,0,8,0.1,0,290,1.9,0,0,0,0,294,15.5,0,4.7,1,49473,0,39,1,0
My Favorite Muffin,27.7547837,-97.3883223,"3264 S Alameda St, Corpus Christi, TX 78404, United States",ChIJlZH1aAxfaIYRODuoIiZUccc,/biz/my-favorite-muffin-corpus-christi-2?osq=Restaurants,78415,0.109203034,3.5,54,29415,70.7,0,1233,3,0,27,0.1,0,342,0.8,0,0,0,0,713,11.9,0,9.2,1,49255,0,127,0,0
To-Ce-Chi,27.7378562,-97.3880923,"4028 Weber Rd, Corpus Christi, TX 78411, United States",ChIJDTCv3I9faIYRqFFeNtBMYpg,/biz/to-ce-chi-corpus-christi?osq=Restaurants,78411,0.11182391,2.8,109,18431,76.2,1,760,3.1,0,57,0.2,0,316,1.3,0,0,0,0,654,18.5,0,5.9,1,55357,0,66,1,0
Middle Eastern Market & Deli,27.7101102,-97.3880699,"844500010020, 5405 Everhart Rd, Corpus Christi, TX 78411, United States",ChIJjXjGnvv1aIYR4PegOUGZIT8,/biz/middle-eastern-market-and-deli-corpus-christi?osq=Restaurants,78411,0.12189079,4.2,109,18431,76.2,1,760,3.1,0,57,0.2,0,316,1.3,0,0,0,0,654,18.5,0,5.9,1,55357,0,66,1,0
Joe's Crab Shack,27.794731,-97.38801,"444 N Shoreline Blvd, Corpus Christi, TX 78401, United States",ChIJ1dcc5fReaIYRQDNDES5iv0o,/biz/joes-crab-shack-corpus-christi?osq=Restaurants,78401,0.12256428,4,39,3230,69.3,0,486,10.4,1,14,0.3,0,36,0.8,0,0,0,0,43,5.9,0,2,0,30625,0,1,1,0
Joe's Crab Shack,27.794731,-97.38801,"444 N Shoreline Blvd, Corpus Christi, TX 78401, United States",ChIJ1dcc5fReaIYRQDNDES5iv0o,/biz/joes-crab-shack-corpus-christi-2?osq=Restaurants,78411,0.10359367,5,109,18431,76.2,1,760,3.1,0,57,0.2,0,316,1.3,0,0,0,0,654,18.5,0,5.9,1,55357,0,66,1,0
Hunan Express,27.7081034,-97.3879786,"5502 Everhart Rd, Corpus Christi, TX 78411, United States",ChIJPY7kztf1aIYRic3FDR9TQ6w,/biz/hunan-express-corpus-christi?osq=Restaurants,78412,0.098901279,2.8,75,29948,72.9,1,1525,3.7,0,131,0.3,0,1687,4.1,1,41,0.1,1,2088,29.2,1,8.8,1,51280,0,120,1,0
Nona's cocina,27.7388244,-97.3877672,"4006 Weber Rd, Corpus Christi, TX 78411, United States",ChIJt5rtFsZfaIYRWEhotHLW8cs,/biz/nonas-cocina-corpus-christi?osq=Restaurants,78411,0.122789308,4.1,109,18431,76.2,1,760,3.1,0,57,0.2,0,316,1.3,0,0,0,0,654,18.5,0,5.9,1,55357,0,66,1,0
Sandi's Diner,27.7381002,-97.3876237,"3801 S Staples St, Corpus Christi, TX 78411, United States",ChIJf8UCGVVeaIYRhXaiaNsydqI,/biz/sandis-diner-corpus-christi?osq=Restaurants,78404,0.19385954,4.3,32,12065,77.1,1,408,2.6,0,8,0.1,0,290,1.9,0,0,0,0,294,15.5,0,4.7,1,49473,0,39,1,0
Pho'Tastic & Deli,27.715531,-97.3873992,"4701 S Padre Island Dr suite D, Corpus Christi, TX 78411, United States",ChIJbTUC2-v1aIYRkLD3FaxPf-w,/biz/pho-tastic-and-deli-corpus-christi?osq=Restaurants,78411,0.146601493,3.7,109,18431,76.2,1,760,3.1,0,57,0.2,0,316,1.3,0,0,0,0,654,18.5,0,5.9,1,55357,0,66,1,0
koi sushi &hibachi,27.7123314,-97.3872261,"5301 Everhart Rd M, Corpus Christi, TX 78411, United States",ChIJe-3QNZr1aIYRS9dEeiDfqi4,/biz/koi-sushi-and-hibachi-corpus-christi?osq=Restaurants,78411,0.124571791,3.9,109,18431,76.2,1,760,3.1,0,57,0.2,0,316,1.3,0,0,0,0,654,18.5,0,5.9,1,55357,0,66,1,0
Maggie's Family Kitchen,27.7102998,-97.3866715,"5334 Everhart Rd, Corpus Christi, TX 78411, United States",ChIJzTMtbm5faIYRY01GpBxUHU0,/biz/maggies-family-kitchen-corpus-christi?osq=Restaurants,78411,0.133399165,3.2,109,18431,76.2,1,760,3.1,0,57,0.2,0,316,1.3,0,0,0,0,654,18.5,0,5.9,1,55357,0,66,1,0
Niko's Steakhouse,27.686219,-97.386477,"5409 Saratoga Blvd, Corpus Christi, TX 78413, United States",ChIJFdN0Nqz1aIYRV4qCwHMaV8A,/biz/nikos-steakhouse-corpus-christi?osq=Restaurants,78413,0.114085391,4,68,27538,74.4,1,1492,4,1,180,0.5,1,848,2.3,0,0,0,0,1376,25.7,1,5.1,1,73859,1,3,1,0
Atomic Omelette And Grill,27.6804843,-97.3859373,"6646 S Staples St, Corpus Christi, TX 78413, United States",ChIJMeRqrtL1aIYRu5RUscFWqiE,/biz/atomic-omelette-and-grill-corpus-christi?osq=Restaurants,78413,0.123043167,3.8,68,27538,74.4,1,1492,4,1,180,0.5,1,848,2.3,0,0,0,0,1376,25.7,1,5.1,1,73859,1,3,1,0
Kyoto Sushi & Seafood,27.6865058,-97.3850104,"5506 Saratoga Blvd, Corpus Christi, TX 78413, United States",ChIJq2RypCf1aIYRKHumUIm0jAk,/biz/kyoto-sushi-and-seafood-corpus-christi?osq=Restaurants,78413,0.130195764,4.4,68,27538,74.4,1,1492,4,1,180,0.5,1,848,2.3,0,0,0,0,1376,25.7,1,5.1,1,73859,1,3,1,0
Wallbangers Gourmet Hamburgers,27.6833839,-97.3844471,"6542 S Staples St, Corpus Christi, TX 78413, United States",ChIJfUHZZmJfaIYRPx7OlLkYYeE,/biz/wallbangers-gourmet-hamburgers-corpus-christi-3?osq=Restaurants,78411,0.195797886,3.9,109,18431,76.2,1,760,3.1,0,57,0.2,0,316,1.3,0,0,0,0,654,18.5,0,5.9,1,55357,0,66,1,0
The Way Inn,27.7633983,-97.3839387,"3115 Ocean Dr, Corpus Christi, TX 78404, United States",ChIJ6fX_Dh9faIYRPCDXkInadsA,/biz/the-way-inn-corpus-christi?osq=Restaurants,78404,0.166344871,4,32,12065,77.1,1,408,2.6,0,8,0.1,0,290,1.9,0,0,0,0,294,15.5,0,4.7,1,49473,0,39,1,0
Charleys Cheesesteaks and Wings,27.6841672,-97.3832255,"5625 Saratoga Blvd Suite 105, Corpus Christi, TX 78414, United States",ChIJKeQT0sL1aIYRCwxCsBruZEw,/biz/charleys-cheesesteaks-corpus-christi?osq=Restaurants,78414,0.102747251,4.5,51,31039,67.3,0,1076,2.3,0,104,0.2,0,2488,5.4,1,44,0.1,1,2830,38.1,1,2.7,0,87231,1,8,1,0
Zambra Fusion Cafe,27.6840229,-97.3831016,"5625 Saratoga Blvd SUITE 117, Corpus Christi, TX 78414, United States",ChIJOTHxu3b1aIYR4J-Rv09dihs,/biz/zambra-fusion-cafe-corpus-christi-4?osq=Restaurants,78414,0.118695215,4.5,51,31039,67.3,0,1076,2.3,0,104,0.2,0,2488,5.4,1,44,0.1,1,2830,38.1,1,2.7,0,87231,1,8,1,0
Taylor Center Deli,27.7473636,-97.3830297,"3636 S Alameda St, Corpus Christi, TX 78411, United States",ChIJcUwflG1faIYRM4J6bmySM80,/biz/taylor-center-deli-corpus-christi?osq=Restaurants,78411,0.132409439,2.9,109,18431,76.2,1,760,3.1,0,57,0.2,0,316,1.3,0,0,0,0,654,18.5,0,5.9,1,55357,0,66,1,0
Tuk Tuk Thai Restaurant,27.6608615,-97.3830112,"6314 Yorktown Blvd #201, Corpus Christi, TX 78414, United States",ChIJFyaij5D1aIYRpWr1zIGV-Gg,/biz/tuk-tuk-thai-restaurant-corpus-christi?osq=Restaurants,78414,0.054487212,4.2,51,31039,67.3,0,1076,2.3,0,104,0.2,0,2488,5.4,1,44,0.1,1,2830,38.1,1,2.7,0,87231,1,8,1,0
Tuk Tuk Thai Restaurant,27.6608615,-97.3830112,"6314 Yorktown Blvd #201, Corpus Christi, TX 78414, United States",ChIJFyaij5D1aIYRpWr1zIGV-Gg,/biz/tuk-tuk-thai-cuisine-corpus-christi?osq=Restaurants,78414,0.075578866,4.8,51,31039,67.3,0,1076,2.3,0,104,0.2,0,2488,5.4,1,44,0.1,1,2830,38.1,1,2.7,0,87231,1,8,1,0
Taco Palenque Saratoga Blvd,27.6846449,-97.3828612,"5617 Saratoga Blvd, Corpus Christi, TX 78414, United States",ChIJiwcqMib1aIYRXjICsiWjonM,/biz/taco-palenque-saratoga-blvd-corpus-christi-2?osq=Restaurants,78414,0.107080614,3.8,51,31039,67.3,0,1076,2.3,0,104,0.2,0,2488,5.4,1,44,0.1,1,2830,38.1,1,2.7,0,87231,1,8,1,0
Surfing Crab,27.6867333,-97.3826196,"6418 S Staples St #124, Corpus Christi, TX 78413, United States",ChIJj3kF91b1aIYRDELeFJcOq5w,/biz/surfing-crab-corpus-christi?osq=Restaurants,78411,0.159448508,3.6,109,18431,76.2,1,760,3.1,0,57,0.2,0,316,1.3,0,0,0,0,654,18.5,0,5.9,1,55357,0,66,1,1
Surfing Crab Cajun Seafood Boil,27.6867333,-97.3826196,"6418 S Staples St #124, Corpus Christi, TX 78413, United States",ChIJj3kF91b1aIYRDELeFJcOq5w,/biz/surfing-crab-cajun-seafood-boil-corpus-christi?osq=Restaurants,78413,0.150861348,4,68,27538,74.4,1,1492,4,1,180,0.5,1,848,2.3,0,0,0,0,1376,25.7,1,5.1,1,73859,1,3,1,1
KoKo's Crispy Fried Chicken,27.6869391,-97.3825282,"6418 S Staples St #118, Corpus Christi, TX 78413, United States",ChIJwfA9Uv_1aIYRPX89MLgMDHM,/biz/kokos-crispy-fried-chicken-corpus-christi?osq=Restaurants,78413,0.209633668,3.6,68,27538,74.4,1,1492,4,1,180,0.5,1,848,2.3,0,0,0,0,1376,25.7,1,5.1,1,73859,1,3,1,1
Hu Dat Noodle House,27.6871338,-97.3823864,"6418 S Staples St #102, Corpus Christi, TX 78413, United States",ChIJB7wnILL1aIYRNuB6ARH0V8o,/biz/hu-dat-noodle-house-corpus-christi?osq=Restaurants,78413,0.108096905,2.4,68,27538,74.4,1,1492,4,1,180,0.5,1,848,2.3,0,0,0,0,1376,25.7,1,5.1,1,73859,1,3,1,1
Bellino Ristorante Italiano and Bottega,27.7434748,-97.3823616,"3815 S Alameda St, Corpus Christi, TX 78411, United States",ChIJw5SWUG5faIYRTo-Qb7m-YaY,/biz/bellino-ristorante-italiano-and-bottega-corpus-christi?osq=Restaurants,78411,0.173110603,3.8,109,18431,76.2,1,760,3.1,0,57,0.2,0,316,1.3,0,0,0,0,654,18.5,0,5.9,1,55357,0,66,1,1
Prime Steakhouse & Whiskey Bar,27.6604075,-97.3822095,"6326 Yorktown Blvd Ste 2, Corpus Christi, TX 78414, United States",ChIJ9b6Xz3b1aIYRsC3O7t5cLH8,/biz/prime-steakhouse-and-whiskey-bar-corpus-christi-2?osq=Restaurants,78414,0.23285199,5,51,31039,67.3,0,1076,2.3,0,104,0.2,0,2488,5.4,1,44,0.1,1,2830,38.1,1,2.7,0,87231,1,8,1,0
TANNINS Wine Bar & Tapas Restaurant,27.7432274,-97.3812345,"3855 S Alameda St, Corpus Christi, TX 78411, United States",ChIJS2E3-G5faIYRzfYBm8tKhoQ,/biz/tannins-wine-bar-and-tapas-restaurant-corpus-christi-3?osq=Restaurants,78411,0.178649464,4.3,109,18431,76.2,1,760,3.1,0,57,0.2,0,316,1.3,0,0,0,0,654,18.5,0,5.9,1,55357,0,66,1,1
Katz 21 Steak & Spirits,27.6876645,-97.3811909,"5702 Spohn Dr, Corpus Christi, TX 78414, United States",ChIJq3vMkV9eaIYReNckzJd65BI,/biz/katz-21-steak-and-spirits-corpus-christi?osq=Restaurants,78414,0.120482598,3.8,51,31039,67.3,0,1076,2.3,0,104,0.2,0,2488,5.4,1,44,0.1,1,2830,38.1,1,2.7,0,87231,1,8,1,1
C21 Grub & Social,27.6876226,-97.3811097,"5702 Spohn Dr, Corpus Christi, TX 78414, United States",ChIJ1co1RJX1aIYRxVxNUzGyMJ0,/biz/c21-grub-and-social-corpus-christi?osq=Restaurants,78414,0.108108539,5,51,31039,67.3,0,1076,2.3,0,104,0.2,0,2488,5.4,1,44,0.1,1,2830,38.1,1,2.7,0,87231,1,8,1,1
Cafe Italia,27.7261554,-97.3807718,"4117 S Staples St #200, Corpus Christi, TX 78411, United States",ChIJS0k4tIn1aIYRquaFbr-5R-o,/biz/cafe-italia-corpus-christi?osq=Restaurants,78411,0.236559319,4.3,109,18431,76.2,1,760,3.1,0,57,0.2,0,316,1.3,0,0,0,0,654,18.5,0,5.9,1,55357,0,66,1,0
Nolan's Restaurant,27.7263015,-97.3804233,"4117 S Staples St, Corpus Christi, TX 78411, United States",ChIJo7apAkL1aIYRE1V1EM9zPNI,/biz/nolans-restaurant-corpus-christi-2?osq=Restaurants,78411,0.152788663,3.4,109,18431,76.2,1,760,3.1,0,57,0.2,0,316,1.3,0,0,0,0,654,18.5,0,5.9,1,55357,0,66,1,0
Yola Cocina Mexicana,27.74460567,-97.38041263,"3818 S Alameda St Ste 036 Corpus Christi, TX 78411",-,/biz/yola-cocina-mexicana-corpus-christi?osq=Restaurants,78411,0.292591756,4.1,109,18431,76.2,1,760,3.1,0,57,0.2,0,316,1.3,0,0,0,0,654,18.5,0,5.9,1,55357,0,66,1,1
BJ's Restaurant & Brewhouse,27.7118452,-97.3802042,"5037 S Padre Island Dr, Corpus Christi, TX 78411, United States",ChIJ9WMDFJH1aIYR822QLDv7GvI,/biz/bjs-restaurant-and-brewhouse-corpus-christi?osq=Restaurants,78411,0.130450382,3.4,109,18431,76.2,1,760,3.1,0,57,0.2,0,316,1.3,0,0,0,0,654,18.5,0,5.9,1,55357,0,66,1,1
Panda Express,27.7272181,-97.380124,"4119 S Staples St, Corpus Christi, TX 78411, United States",ChIJ2fcGSoj1aIYRmIOpjRDQ9dI,/biz/panda-express-corpus-christi-2?osq=Restaurants,78411,0.093592642,2.5,109,18431,76.2,1,760,3.1,0,57,0.2,0,316,1.3,0,0,0,0,654,18.5,0,5.9,1,55357,0,66,1,0
Hester's - Lamar Park,27.7440732,-97.3801133,"3812 S Alameda St, Corpus Christi, TX 78411, United States",ChIJu63e9W5faIYREbUocygViq8,/biz/hesters-lamar-park-corpus-christi-2?osq=Restaurants,78411,0.155620977,4.4,109,18431,76.2,1,760,3.1,0,57,0.2,0,316,1.3,0,0,0,0,654,18.5,0,5.9,1,55357,0,66,1,1
Pompano's Seafood House,27.7283966,-97.3799154,"4124 S Staples St, Corpus Christi, TX 78411, United States",ChIJu8NHGs9faIYRrunvwtkC0-o,/biz/pompanos-seafood-house-corpus-christi?osq=Restaurants,78411,0.31184847,3.9,109,18431,76.2,1,760,3.1,0,57,0.2,0,316,1.3,0,0,0,0,654,18.5,0,5.9,1,55357,0,66,1,0
Seor Jaime's Mexican Restaurant & Cantina,27.722611,-97.3798222,"4615 Everhart Rd, Corpus Christi, TX 78411, United States",ChIJwZyvUUL1aIYRhYi-GPts3Kc,/biz/se%C3%B1or-jaimes-mexican-restaurant-and-cantina-corpus-christi-2?osq=Restaurants,78411,0.126803078,3.8,109,18431,76.2,1,760,3.1,0,57,0.2,0,316,1.3,0,0,0,0,654,18.5,0,5.9,1,55357,0,66,1,0
BKK thai kitchen + bar,27.7437058,-97.3797751,"3850 S Alameda St UNIT 27, Corpus Christi, TX 78411, United States",ChIJacrOw25faIYR3rpeuSXNt00,/biz/bkk-thai-kitchen-bar-corpus-christi?osq=Restaurants,78411,0.198227009,4.2,109,18431,76.2,1,760,3.1,0,57,0.2,0,316,1.3,0,0,0,0,654,18.5,0,5.9,1,55357,0,66,1,1
BKK thai kitchen + bar,27.7437058,-97.3797751,"3850 S Alameda St UNIT 27, Corpus Christi, TX 78411, United States",ChIJacrOw25faIYR3rpeuSXNt00,/biz/bkk-thai-kitchen-bar-corpus-christi-2?osq=Restaurants,78413,0.123638125,4.3,68,27538,74.4,1,1492,4,1,180,0.5,1,848,2.3,0,0,0,0,1376,25.7,1,5.1,1,73859,1,3,1,1
The Post At Lamar Park,27.7446637,-97.3797134,"411 Doddridge St #102, Corpus Christi, TX 78411, United States",ChIJ-4t-u25faIYRl9VY6_9aGcs,/biz/the-post-at-lamar-park-corpus-christi?osq=Restaurants,78411,0.583753034,3.8,109,18431,76.2,1,760,3.1,0,57,0.2,0,316,1.3,0,0,0,0,654,18.5,0,5.9,1,55357,0,66,1,1
Neil's Urban Oven,27.6590196,-97.3796361,"6534 Yorktown Blvd #116, Corpus Christi, TX 78414, United States",ChIJ4_KMcAL1aIYRjsg4q_Hda7Y,/biz/neils-urban-oven-corpus-christi?osq=Restaurants,78414,0.112357158,2.7,51,31039,67.3,0,1076,2.3,0,104,0.2,0,2488,5.4,1,44,0.1,1,2830,38.1,1,2.7,0,87231,1,8,1,0
JB's German Restaurant and Bakery,27.7253852,-97.379001,"4141 S Staples St Suite 100, Corpus Christi, TX 78411, United States",ChIJZ0wWL1P6aIYR6WGw2uRolm8,/biz/jbs-german-restaurant-and-bakery-corpus-christi?osq=Restaurants,78418,0.322334034,4.4,55,23329,77.7,1,923,3.1,0,152,0.5,1,1263,4.2,1,0,0,0,1320,40,1,5,1,80906,1,40,1,0
On The Border Mexican Grill & Cantina - Corpus Christi,27.7110706,-97.3786551,"5117 S Padre Island Dr, Corpus Christi, TX 78411, United States",ChIJ_wL4_ZP1aIYR4X2lOHT2OGA,/biz/on-the-border-mexican-grill-and-cantina-corpus-christi-corpus-christi?osq=Restaurants,78411,0.122770867,2.4,109,18431,76.2,1,760,3.1,0,57,0.2,0,316,1.3,0,0,0,0,654,18.5,0,5.9,1,55357,0,66,1,1
Ojos Locos Sports Cantina,27.7107822,-97.3780146,"5133 S Padre Island Dr, Corpus Christi, TX 78411, United States",ChIJv5ePXfv1aIYRrsO4e55o_6o,/biz/ojos-locos-sports-cantina-corpus-christi?osq=Restaurants,78411,0.133695616,3.8,109,18431,76.2,1,760,3.1,0,57,0.2,0,316,1.3,0,0,0,0,654,18.5,0,5.9,1,55357,0,66,1,1
Hacienda Vieja,27.7223424,-97.3769078,"2703 4301 S Staples St, Corpus Christi, TX 78411, United States",ChIJE2V1doz1aIYR1GG4GiWdsFk,/biz/hacienda-vieja-corpus-christi-2?osq=Restaurants,78411,0.102171423,3.5,109,18431,76.2,1,760,3.1,0,57,0.2,0,316,1.3,0,0,0,0,654,18.5,0,5.9,1,55357,0,66,1,0
TGI Fridays,27.710051,-97.376769,"5217 S Padre Island Dr, Corpus Christi, TX 78411, United States",ChIJufvQb5T1aIYRHCEqsIb07CY,/biz/tgi-fridays-corpus-christi?osq=Restaurants,78411,0.135015945,4,109,18431,76.2,1,760,3.1,0,57,0.2,0,316,1.3,0,0,0,0,654,18.5,0,5.9,1,55357,0,66,1,1
Andy's Country Kitchen,27.6963494,-97.3766013,"5802 S Staples St, Corpus Christi, TX 78413, United States",ChIJ-cdNrLn1aIYRAlqlrdC3L80,/biz/andys-country-kitchen-corpus-christi?osq=Restaurants,78413,0.177099127,4.5,68,27538,74.4,1,1492,4,1,180,0.5,1,848,2.3,0,0,0,0,1376,25.7,1,5.1,1,73859,1,3,1,0
Waffles Unlimited,27.6963494,-97.3766013,"5802 S Staples St, Corpus Christi, TX 78413, United States",ChIJ-cdNrLn1aIYRAlqlrdC3L80,/biz/waffles-unlimited-corpus-christi?osq=Restaurants,78414,0.108539694,5,51,31039,67.3,0,1076,2.3,0,104,0.2,0,2488,5.4,1,44,0.1,1,2830,38.1,1,2.7,0,87231,1,8,1,0
Takeniwa Asian Fusion Bistro,27.7117906,-97.3765843,"5216 S Padre Island Dr, Corpus Christi, TX 78411, United States",ChIJeQ09jpP1aIYRYwoWkHw8zW8,/biz/takeniwa-asian-fusion-bistro-corpus-christi?osq=Restaurants,78411,0.134200677,3.5,109,18431,76.2,1,760,3.1,0,57,0.2,0,316,1.3,0,0,0,0,654,18.5,0,5.9,1,55357,0,66,1,1
Authentic New York Pizza,27.6955932,-97.3763719,"5838 S Staples St, Corpus Christi, TX 78413, United States",ChIJgWtKoLn1aIYRc3Pz0LRTzCo,/biz/authentic-new-york-pizza-corpus-christi?osq=Restaurants,78413,0.119128358,2.1,68,27538,74.4,1,1492,4,1,180,0.5,1,848,2.3,0,0,0,0,1376,25.7,1,5.1,1,73859,1,3,1,0
Olive Garden Italian Restaurant,27.711751,-97.376106,"5258 S Padre Island Dr, Corpus Christi, TX 78411, United States",ChIJlRtqgJP1aIYRf3kF5kcj7MQ,/biz/olive-garden-italian-restaurant-corpus-christi-3?osq=Restaurants,78411,0.10698773,2.5,109,18431,76.2,1,760,3.1,0,57,0.2,0,316,1.3,0,0,0,0,654,18.5,0,5.9,1,55357,0,66,1,1
Tokyo Hibachi Steak House,27.697401,-97.375736,"5702 S Staples St c1, Corpus Christi, TX 78413, United States",ChIJa5b847j1aIYRU7b0REXYPEY,/biz/tokyo-hibachi-steak-house-corpus-christi-2?osq=Restaurants,78413,0.130394729,4,68,27538,74.4,1,1492,4,1,180,0.5,1,848,2.3,0,0,0,0,1376,25.7,1,5.1,1,73859,1,3,1,0
Hanaya Poke Southside,27.6803259,-97.3744961,"6113 Saratoga Blvd a, Corpus Christi, TX 78414, United States",ChIJwwhU_rr1aIYR8ztKwqvRlQc,/biz/hanaya-poke-southside-corpus-christi-4?osq=Restaurants,78414,0.124379562,5,51,31039,67.3,0,1076,2.3,0,104,0.2,0,2488,5.4,1,44,0.1,1,2830,38.1,1,2.7,0,87231,1,8,1,0
Roasted Coffee Shop,27.7013723,-97.3744412,"5535 Bonner Dr, Corpus Christi, TX 78411, United States",ChIJAX5URwD1aIYRobvkr7mVaT8,/biz/roasted-coffee-shop-corpus-christi?osq=Restaurants,78411,0.081566985,3.5,109,18431,76.2,1,760,3.1,0,57,0.2,0,316,1.3,0,0,0,0,654,18.5,0,5.9,1,55357,0,66,1,0
Mikoto Ramen,27.6803149,-97.3743832,"6113 Saratoga Blvd B, Corpus Christi, TX 78414, United States",ChIJW2rGokr0aIYR09qCLfOWSIs,/biz/mikoto-ramen-corpus-christi?osq=Restaurants,78414,0.133986854,4.7,51,31039,67.3,0,1076,2.3,0,104,0.2,0,2488,5.4,1,44,0.1,1,2830,38.1,1,2.7,0,87231,1,8,1,0
Ora's Kitchen,27.7019481,-97.3743591,"5433 S Staples St q1, Corpus Christi, TX 78411, United States",ChIJrY1BwCP1aIYRLte9kXI4rNg,/biz/oras-kitchen-corpus-christi?osq=Restaurants,78411,0.136388619,3.4,109,18431,76.2,1,760,3.1,0,57,0.2,0,316,1.3,0,0,0,0,654,18.5,0,5.9,1,55357,0,66,1,0
Taiwan Restaurant,27.7082609,-97.3741584,"5425 S Padre Island Dr #168, Corpus Christi, TX 78411, United States",ChIJb58lmer1aIYRckBYGFXYakY,/biz/taiwan-restaurant-corpus-christi?osq=Restaurants,78411,0.10547869,4.2,109,18431,76.2,1,760,3.1,0,57,0.2,0,316,1.3,0,0,0,0,654,18.5,0,5.9,1,55357,0,66,1,0
Flatiron Grill,27.710864,-97.373617,"5488 S Padre Island Dr, Corpus Christi, TX 78411, United States",ChIJ0-2IqZT1aIYRA6r6fRGC_s8,/biz/flatiron-grill-corpus-christi?osq=Restaurants,78408,0.10716736,3.2,20,7079,68.8,0,1019,9.9,1,30,0.3,0,53,0.5,0,0,0,0,57,4.1,0,1.4,0,37488,0,82,1,1
LongHorn Steakhouse,27.710864,-97.373617,"5488 S Padre Island Dr, Corpus Christi, TX 78411, United States",ChIJ0-2IqZT1aIYRA6r6fRGC_s8,/biz/longhorn-steakhouse-corpus-christi-3?osq=Restaurants,78411,0.113263708,3.6,109,18431,76.2,1,760,3.1,0,57,0.2,0,316,1.3,0,0,0,0,654,18.5,0,5.9,1,55357,0,66,1,1
Gemini Sushi & Business Lounge,27.7027156,-97.3735997,"5413 S Staples St, Corpus Christi, TX 78411, United States",ChIJbeK0J2_1aIYRz1lGCcNvwH8,/biz/gemini-sushi-and-business-lounge-corpus-christi?osq=Restaurants,78411,0.133244233,4.2,109,18431,76.2,1,760,3.1,0,57,0.2,0,316,1.3,0,0,0,0,654,18.5,0,5.9,1,55357,0,66,1,0
Twin Peaks,27.7083453,-97.373149,"5425 S Padre Island Dr, Corpus Christi, TX 78411, United States",ChIJ20C9K-v1aIYR_clSBG54M5w,/biz/twin-peaks-corpus-christi?osq=Restaurants,78411,0.12567531,4.2,109,18431,76.2,1,760,3.1,0,57,0.2,0,316,1.3,0,0,0,0,654,18.5,0,5.9,1,55357,0,66,1,0
P.F. Chang's,27.7104449,-97.3728011,"5488 S Padre Island Dr #5001, Corpus Christi, TX 78411, United States",ChIJf_rdPZP1aIYRY-OBOSGZHPU,/biz/p-f-changs-corpus-christi?osq=Restaurants,78411,0.123531687,4.2,109,18431,76.2,1,760,3.1,0,57,0.2,0,316,1.3,0,0,0,0,654,18.5,0,5.9,1,55357,0,66,1,1
Steak 'n Shake,27.7112217,-97.3727589,"5488 S Padre Island Dr, Corpus Christi, TX 78411, United States",ChIJVz6iXJP1aIYR2W7oOrIGGGc,/biz/steak-n-shake-corpus-christi-2?osq=Restaurants,78411,0.050946343,3.6,109,18431,76.2,1,760,3.1,0,57,0.2,0,316,1.3,0,0,0,0,654,18.5,0,5.9,1,55357,0,66,1,1
Ninja Bar Wings and Seafood,27.6783371,-97.3725452,"6181 Saratoga Blvd Ste: 107A, Corpus Christi, TX 78414, United States",ChIJaxIw0Y71aIYRimNg3snssEM,/biz/ninja-bar-wings-and-seafood-corpus-christi?osq=Restaurants,78414,0.151398173,5,51,31039,67.3,0,1076,2.3,0,104,0.2,0,2488,5.4,1,44,0.1,1,2830,38.1,1,2.7,0,87231,1,8,1,0
Oyshi Sushi3 Southside,27.6782958,-97.3724634,"6181 Saratoga Blvd #109, Corpus Christi, TX 78414, United States",ChIJi7RZyF31aIYRojPCygrx1Eg,/biz/oyshi-sushi3-southside-corpus-christi?osq=Restaurants,78414,0.107705797,3,51,31039,67.3,0,1076,2.3,0,104,0.2,0,2488,5.4,1,44,0.1,1,2830,38.1,1,2.7,0,87231,1,8,1,0
Grimaldi's Pizzeria,27.7102716,-97.3723898,"5488 S Padre Island Dr Suite 1202, Corpus Christi, TX 78411, United States",ChIJf_rdPZP1aIYRGCnFxXo2Xp0,/biz/grimaldis-pizzeria-corpus-christi-5?osq=Restaurants,78411,0.152004893,3.6,109,18431,76.2,1,760,3.1,0,57,0.2,0,316,1.3,0,0,0,0,654,18.5,0,5.9,1,55357,0,66,1,1
Ol' Steakhouse Co,27.7294485,-97.3722806,"4307 Avalon St, Corpus Christi, TX 78412, United States",ChIJz6Xp7F9faIYRbOBkzwyXGRg,/biz/ol-steakhouse-co-corpus-christi?osq=Restaurants,78412,0.247582684,4.2,75,29948,72.9,1,1525,3.7,0,131,0.3,0,1687,4.1,1,41,0.1,1,2088,29.2,1,8.8,1,51280,0,120,1,1
The Barn,27.7297981,-97.3722418,"4301 S Alameda St A, Corpus Christi, TX 78412, United States",ChIJORUH619faIYRP8U2D3fNfxU,/biz/the-barn-corpus-christi-4?osq=Restaurants,78412,0.197421191,4.5,75,29948,72.9,1,1525,3.7,0,131,0.3,0,1687,4.1,1,41,0.1,1,2088,29.2,1,8.8,1,51280,0,120,1,1
Schlotzsky's,27.7321465,-97.3721795,"4218 S Alameda St Suite 180, Corpus Christi, TX 78412, United States",ChIJQ5DnKV5faIYRLfOnc5950pM,/biz/schlotzskys-corpus-christi-2?osq=Restaurants,78412,0.067776306,3.3,75,29948,72.9,1,1525,3.7,0,131,0.3,0,1687,4.1,1,41,0.1,1,2088,29.2,1,8.8,1,51280,0,120,1,1
Drunkn' Noodlez Asian Restaurant,27.7319446,-97.3719991,"4214 S Alameda St, Corpus Christi, TX 78412, United States",ChIJnxnYKV5faIYRLKaSjkCp8Pk,/biz/drunkn-noodlez-asian-restaurant-corpus-christi?osq=Restaurants,78412,0.137874671,3.8,75,29948,72.9,1,1525,3.7,0,131,0.3,0,1687,4.1,1,41,0.1,1,2088,29.2,1,8.8,1,51280,0,120,1,1
Town & Country Cafe,27.7319078,-97.3719726,"4228 S Alameda St, Corpus Christi, TX 78412, United States",ChIJaUAkKl5faIYRrrc5YqTszCg,/biz/town-and-country-cafe-corpus-christi?osq=Restaurants,78412,0.142559337,3.5,75,29948,72.9,1,1525,3.7,0,131,0.3,0,1687,4.1,1,41,0.1,1,2088,29.2,1,8.8,1,51280,0,120,1,1
Dave & Buster's,27.7102309,-97.371895,"5488 S Padre Island Dr Ste 1260, Corpus Christi, TX 78411, United States",ChIJAR7VTcX1aIYRm3Nmtp3hLkw,/biz/dave-and-busters-corpus-christi-2?osq=Restaurants,78411,0.104540313,3.6,109,18431,76.2,1,760,3.1,0,57,0.2,0,316,1.3,0,0,0,0,654,18.5,0,5.9,1,55357,0,66,1,1
Cancun Mexican Restaurant,27.731192,-97.3718166,"4252 S Alameda St, Corpus Christi, TX 78412, United States",ChIJP6Bv019faIYRBab6yFErBAg,/biz/cancun-mexican-restaurant-corpus-christi?osq=Restaurants,78412,0.111440614,4.1,75,29948,72.9,1,1525,3.7,0,131,0.3,0,1687,4.1,1,41,0.1,1,2088,29.2,1,8.8,1,51280,0,120,1,1
Howie's Premium Subs,27.7059607,-97.3716837,"Next to HEB Between Jamba Juice and GNC, 5425 S Padre Island Dr Suite 113, Corpus Christi, TX 78411, United States",ChIJg2ilo5_1aIYRPzcR8uf3B8o,/biz/howie-s-premium-subs-corpus-christi?osq=Restaurants,78411,0.146480992,3.5,109,18431,76.2,1,760,3.1,0,57,0.2,0,316,1.3,0,0,0,0,654,18.5,0,5.9,1,55357,0,66,1,1
Raising Canes's,27.7074379,-97.3712048,"5425 S Padre Island Dr #138, Corpus Christi, TX 78411, United States",ChIJzbz--Mz1aIYR3kuzXvBqD7s,/biz/raising-canes-s-corpus-christi?osq=Restaurants,78411,0.114067882,3.3,109,18431,76.2,1,760,3.1,0,57,0.2,0,316,1.3,0,0,0,0,654,18.5,0,5.9,1,55357,0,66,1,1
Hibachi Grill & Supreme Buffet,27.7047313,-97.3710606,"5274 S Staples St, Corpus Christi, TX 78411, United States",ChIJi8ITMsD1aIYRGZtOO8EU2BY,/biz/hibachi-grill-and-supreme-buffet-corpus-christi?osq=Restaurants,78411,0.128326866,3.9,109,18431,76.2,1,760,3.1,0,57,0.2,0,316,1.3,0,0,0,0,654,18.5,0,5.9,1,55357,0,66,1,1
Chili's,27.70878,-97.370771,"5542 S Padre Island Dr, Corpus Christi, TX 78411, United States",ChIJUZbIA-v1aIYRs93wL7K2u5s,/biz/chilis-corpus-christi-4?osq=Restaurants,78411,0.021491299,4.4,109,18431,76.2,1,760,3.1,0,57,0.2,0,316,1.3,0,0,0,0,654,18.5,0,5.9,1,55357,0,66,1,1
Eirinis Gyros and More,27.7290623,-97.3699936,"4360 S Alameda St, Corpus Christi, TX 78412, United States",ChIJC3s3e19faIYRgGm2Vdc1NTQ,/biz/eirinis-gyros-and-more-corpus-christi?osq=Restaurants,78412,0.169725769,4.4,75,29948,72.9,1,1525,3.7,0,131,0.3,0,1687,4.1,1,41,0.1,1,2088,29.2,1,8.8,1,51280,0,120,1,0
A&A Gyro & More,27.7290623,-97.3699936,"4360 S Alameda St, Corpus Christi, TX 78412, United States",ChIJC3s3e19faIYRgGm2Vdc1NTQ,/biz/a-and-a-gyro-and-more-corpus-christi?osq=Restaurants,78414,0.148148741,4.3,51,31039,67.3,0,1076,2.3,0,104,0.2,0,2488,5.4,1,44,0.1,1,2830,38.1,1,2.7,0,87231,1,8,1,0
Mac's Barbecue,27.7293205,-97.369981,"4354 S Alameda St, Corpus Christi, TX 78412, United States",ChIJ24xOel9faIYR8L9R1hITZdY,/biz/macs-barbecue-corpus-christi?osq=Restaurants,78412,0.124204604,3.2,75,29948,72.9,1,1525,3.7,0,131,0.3,0,1687,4.1,1,41,0.1,1,2088,29.2,1,8.8,1,51280,0,120,1,0
Razzoo's Cajun Cafe,27.7089432,-97.3696724,"4953 S Staples St, Corpus Christi, TX 78412, United States",ChIJz_ZvUkb1aIYRYODSTkgAs9g,/biz/razzoos-cajun-cafe-corpus-christi?osq=Restaurants,78411,0.159783406,3.9,109,18431,76.2,1,760,3.1,0,57,0.2,0,316,1.3,0,0,0,0,654,18.5,0,5.9,1,55357,0,66,1,1
Corner Bakery Cafe,27.7086039,-97.3691342,"4938 S Staples St, Corpus Christi, TX 78411, United States",ChIJdanL4VBeaIYRKaC8K7vo8Z0,/biz/corner-bakery-cafe-corpus-christi?osq=Restaurants,78411,0.095005584,5,109,18431,76.2,1,760,3.1,0,57,0.2,0,316,1.3,0,0,0,0,654,18.5,0,5.9,1,55357,0,66,1,1
MOD Pizza,27.7110801,-97.369112,"4938 S Staples St, Corpus Christi, TX 78411, United States",ChIJ6WKepr_1aIYRopRBhUBpsFE,/biz/mod-pizza-corpus-christi?osq=Restaurants,78411,0.128120367,2.4,109,18431,76.2,1,760,3.1,0,57,0.2,0,316,1.3,0,0,0,0,654,18.5,0,5.9,1,55357,0,66,1,0
Grub Burger Bar,27.7111391,-97.3690989,"4902 S Staples St, Corpus Christi, TX 78412, United States",ChIJ2S6KLOr1aIYRnH-BbFtpmhs,/biz/grub-burger-bar-corpus-christi-2?osq=Restaurants,78412,0.142793325,4.2,75,29948,72.9,1,1525,3.7,0,131,0.3,0,1687,4.1,1,41,0.1,1,2088,29.2,1,8.8,1,51280,0,120,1,0
Ramen Legend,27.7078189,-97.3681888,"4938 S Staples St c16, Corpus Christi, TX 78411, United States",ChIJVb_gUs_1aIYRsTYcQL_qvZA,/biz/ramen-legend-corpus-christi?osq=Restaurants,78412,0.264240547,4.2,75,29948,72.9,1,1525,3.7,0,131,0.3,0,1687,4.1,1,41,0.1,1,2088,29.2,1,8.8,1,51280,0,120,1,1
Hanaya Poke SPID,27.7107888,-97.3681643,"4938 S Staples St Ste E5, Corpus Christi, TX 78411, United States",ChIJURori4j1aIYR5zASpb6GaR8,/biz/hanaya-poke-spid-corpus-christi?osq=Restaurants,78411,0.128806856,3.3,109,18431,76.2,1,760,3.1,0,57,0.2,0,316,1.3,0,0,0,0,654,18.5,0,5.9,1,55357,0,66,1,0
Googly's,27.6938934,-97.3664646,"6062 Holly Rd b1, Corpus Christi, TX 78412, United States",ChIJnY9g8s_1aIYRndJIklF2ljw,/biz/googlys-corpus-christi?osq=Restaurants,78412,0.072600337,2.7,75,29948,72.9,1,1525,3.7,0,131,0.3,0,1687,4.1,1,41,0.1,1,2088,29.2,1,8.8,1,51280,0,120,1,0
Redline Burger,27.7075386,-97.3658874,"5858 S Padre Island Dr, Corpus Christi, TX 78412, United States",ChIJ3dL0Mmf1aIYRCfv47Mgc9ZY,/biz/redline-burger-corpus-christi?osq=Restaurants,78415,0.012733149,3,54,29415,70.7,0,1233,3,0,27,0.1,0,342,0.8,0,0,0,0,713,11.9,0,9.2,1,49255,0,127,0,0
Red Lobster,27.70487,-97.36584,"5825 S Padre Island Dr, Corpus Christi, TX 78412, United States",ChIJl-Ixd8L1aIYRy1EkLl1VSVk,/biz/red-lobster-corpus-christi?osq=Restaurants,78412,0.012689504,2.1,75,29948,72.9,1,1525,3.7,0,131,0.3,0,1687,4.1,1,41,0.1,1,2088,29.2,1,8.8,1,51280,0,120,1,0
Salt Water Grill,27.6861915,-97.3654371,"2401 Cimarron Blvd, Corpus Christi, TX 78414, United States",ChIJV1YVScz1aIYR-c5DuU2FDS8,/biz/salt-water-grill-corpus-christi-2?osq=Restaurants,78414,0.519253607,4.2,51,31039,67.3,0,1076,2.3,0,104,0.2,0,2488,5.4,1,44,0.1,1,2830,38.1,1,2.7,0,87231,1,8,1,0
Cheddar's Scratch Kitchen,27.70425,-97.3653,"5855 S Padre Island Dr, Corpus Christi, TX 78412, United States",ChIJZcysYcL1aIYRCDGYHu_JpRs,/biz/cheddars-scratch-kitchen-corpus-christi-2?osq=Restaurants,78412,0.124593459,3.3,75,29948,72.9,1,1525,3.7,0,131,0.3,0,1687,4.1,1,41,0.1,1,2088,29.2,1,8.8,1,51280,0,120,1,0
Odi's Pizzeria Napoletana,27.6934507,-97.3652769,"2033 Airline Rd, Corpus Christi, TX 78412, United States",ChIJURcs5CL1aIYRVT07plnbYPA,/biz/odis-pizzeria-napoletana-corpus-christi?osq=Restaurants,78412,0.164559056,3.9,75,29948,72.9,1,1525,3.7,0,131,0.3,0,1687,4.1,1,41,0.1,1,2088,29.2,1,8.8,1,51280,0,120,1,0
JaJa Cafe,27.7096642,-97.3649243,"5714 McArdle Rd, Corpus Christi, TX 78412, United States",ChIJucugeAn1aIYR82Ke9cUjQWE,/biz/jaja-cafe-corpus-christi?osq=Restaurants,78412,0.211426406,4.6,75,29948,72.9,1,1525,3.7,0,131,0.3,0,1687,4.1,1,41,0.1,1,2088,29.2,1,8.8,1,51280,0,120,1,1
Ninja Ramen and Thai,27.6938792,-97.3647126,"2033 airline rd STE: E5, Corpus Christi, TX 78412, United States",ChIJwwPXWnr1aIYRpf5zQCPJLcc,/biz/ninja-ramen-and-thai-corpus-christi?osq=Restaurants,78412,0.132253573,4,75,29948,72.9,1,1525,3.7,0,131,0.3,0,1687,4.1,1,41,0.1,1,2088,29.2,1,8.8,1,51280,0,120,1,0
Marco's Pizza,27.6766262,-97.3646965,"2821 Airline Rd Suite 1, Corpus Christi, TX 78414, United States",ChIJk7BFbiT1aIYR5hkdfx8LPo4,/biz/marcos-pizza-corpus-christi?osq=Restaurants,78414,0.047002632,5,51,31039,67.3,0,1076,2.3,0,104,0.2,0,2488,5.4,1,44,0.1,1,2830,38.1,1,2.7,0,87231,1,8,1,0
Mudbugs Cajun Icehouse,27.6785792,-97.3646546,"2743 Airline Rd, Corpus Christi, TX 78414, United States",ChIJ-Zj0Hmj1aIYRp6E4xewA-QA,/biz/mudbugs-cajun-icehouse-corpus-christi?osq=Restaurants,78414,0.140942488,3.2,51,31039,67.3,0,1076,2.3,0,104,0.2,0,2488,5.4,1,44,0.1,1,2830,38.1,1,2.7,0,87231,1,8,1,0
Yardarm Restaurant,27.7370358,-97.3646316,"4310 Ocean Dr, Corpus Christi, TX 78412, United States",ChIJhcqnFlpfaIYRpSDSjv4_VxU,/biz/yardarm-restaurant-corpus-christi?osq=Restaurants,78412,0.228424276,3.7,75,29948,72.9,1,1525,3.7,0,131,0.3,0,1687,4.1,1,41,0.1,1,2088,29.2,1,8.8,1,51280,0,120,1,0
Dao Authentic Asian Cusine,27.6936684,-97.3642682,"2033 Airline Rd g3, Corpus Christi, TX 78412, United States",ChIJSQnsXGb1aIYRPwkUSG2Cnoo,/biz/dao-authentic-asian-cusine-corpus-christi?osq=Restaurants,78412,0.193649577,4.3,75,29948,72.9,1,1525,3.7,0,131,0.3,0,1687,4.1,1,41,0.1,1,2088,29.2,1,8.8,1,51280,0,120,1,0
Chuy's,27.7036801,-97.364085,"5933 S Padre Island Dr, Corpus Christi, TX 78412, United States",ChIJNfTB6ML1aIYROt3HeXYJxHM,/biz/chuys-corpus-christi?osq=Restaurants,78412,0.131049468,2.8,75,29948,72.9,1,1525,3.7,0,131,0.3,0,1687,4.1,1,41,0.1,1,2088,29.2,1,8.8,1,51280,0,120,1,0
Hom Pom cafe,27.6886403,-97.3639476,"2233 Airline Rd, Corpus Christi, TX 78414, United States",ChIJjT3n0Zj1aIYR9HS3I7xWAAQ,/biz/hom-pom-cafe-corpus-christi?osq=Restaurants,78412,0.159281913,4.8,75,29948,72.9,1,1525,3.7,0,131,0.3,0,1687,4.1,1,41,0.1,1,2088,29.2,1,8.8,1,51280,0,120,1,0
Tacobar Street,27.7246859,-97.3633993,"4711 S Alameda St, Corpus Christi, TX 78412, United States",ChIJ3aV0Pfj1aIYROPs3A3jvo_8,/biz/tacobar-street-corpus-christi?osq=Restaurants,78412,0.160275499,4.8,75,29948,72.9,1,1525,3.7,0,131,0.3,0,1687,4.1,1,41,0.1,1,2088,29.2,1,8.8,1,51280,0,120,1,0
Catfish Charlie's,27.7094053,-97.3633835,"5830 McArdle Rd #12, Corpus Christi, TX 78412, United States",ChIJrypNiuj1aIYRltiwNBfeEhw,/biz/catfish-charlies-corpus-christi?osq=Restaurants,78412,0.144271425,3.4,75,29948,72.9,1,1525,3.7,0,131,0.3,0,1687,4.1,1,41,0.1,1,2088,29.2,1,8.8,1,51280,0,120,1,1
Chapala Grill,27.6864193,-97.3632874,"2330 Airline Rd, Corpus Christi, TX 78414, United States",ChIJsaCOLZj1aIYRVTqn4XD4_jY,/biz/chapala-grill-corpus-christi?osq=Restaurants,78414,0.016888883,3.4,51,31039,67.3,0,1076,2.3,0,104,0.2,0,2488,5.4,1,44,0.1,1,2830,38.1,1,2.7,0,87231,1,8,1,0
House of Burgers & Wings,27.7009182,-97.3632083,"1645 Airline Rd, Corpus Christi, TX 78412, United States",ChIJfbArRMP1aIYRKMKu003Zsso,/biz/house-of-burgers-and-wings-corpus-christi-2?osq=Restaurants,78412,0.123518029,3.6,75,29948,72.9,1,1525,3.7,0,131,0.3,0,1687,4.1,1,41,0.1,1,2088,29.2,1,8.8,1,51280,0,120,1,0
Thai Cottage Corpus Christi,27.7096944,-97.3629222,"Crossroads Shopping Village, 5830 McArdle Rd, Corpus Christi, TX 78412, United States",ChIJrypNiuj1aIYRvXwJWJN8Su4,/biz/thai-cottage-corpus-christi-corpus-christi-2?osq=Restaurants,78412,0.14916765,3,75,29948,72.9,1,1525,3.7,0,131,0.3,0,1687,4.1,1,41,0.1,1,2088,29.2,1,8.8,1,51280,0,120,1,1
Black Monk Tavern,27.7170487,-97.3628559,"5712 Gollihar Rd, Corpus Christi, TX 78412, United States",ChIJs3CL--_1aIYRVrqR0GVko4A,/biz/black-monk-tavern-corpus-christi?osq=Restaurants,78412,0.246711771,4.6,75,29948,72.9,1,1525,3.7,0,131,0.3,0,1687,4.1,1,41,0.1,1,2088,29.2,1,8.8,1,51280,0,120,1,0
Saigon's Civet Cafe,27.6883376,-97.362713,"2222 Airline Rd. Suite: A1, Corpus Christi, TX 78414, United States",ChIJ6ZxbA7X1aIYREHZ5CNWkChg,/biz/saigon-s-civet-cafe-corpus-christi?osq=Restaurants,78414,0.128211941,4.5,51,31039,67.3,0,1076,2.3,0,104,0.2,0,2488,5.4,1,44,0.1,1,2830,38.1,1,2.7,0,87231,1,8,1,0
Wonders Bar & Grill,27.7243355,-97.3627098,"4733 S Alameda St, Corpus Christi, TX 78412, United States",ChIJD1nqXvf1aIYRPLpeMAfw0KQ,/biz/wonders-bar-and-grill-corpus-christi?osq=Restaurants,78412,0.113871577,5,75,29948,72.9,1,1525,3.7,0,131,0.3,0,1687,4.1,1,41,0.1,1,2088,29.2,1,8.8,1,51280,0,120,1,0
Reparo Taquito,27.7173638,-97.3625009,"831 Airline Rd, Corpus Christi, TX 78412, United States",ChIJQdaW-O_1aIYRB8xBnllRkfU,/biz/reparo-taquito-corpus-christi-2?osq=Restaurants,78412,0.009289196,4.2,75,29948,72.9,1,1525,3.7,0,131,0.3,0,1687,4.1,1,41,0.1,1,2088,29.2,1,8.8,1,51280,0,120,1,0
Panjo's Pizza,27.7069203,-97.3622746,"1320 Airline Rd, Corpus Christi, TX 78412, United States",ChIJ05vcdOj1aIYRQ-3GTwz_Pms,/biz/panjos-pizza-corpus-christi?osq=Restaurants,78412,0.072213407,4.5,75,29948,72.9,1,1525,3.7,0,131,0.3,0,1687,4.1,1,41,0.1,1,2088,29.2,1,8.8,1,51280,0,120,1,0
8TE,27.7101018,-97.3620452,"1220 Airline Rd #250, Corpus Christi, TX 78412, United States",ChIJyWpILOb1aIYRiagl0lbsdPw,/biz/8te-corpus-christi?osq=Restaurants,78412,0.71944707,4.3,75,29948,72.9,1,1525,3.7,0,131,0.3,0,1687,4.1,1,41,0.1,1,2088,29.2,1,8.8,1,51280,0,120,1,1
Bamboo Garden Restaurant,27.7086218,-97.3615943,"1220 Airline Rd #115, Corpus Christi, TX 78412, United States",ChIJVQTh0ef1aIYRTcWk6plnqhU,/biz/bamboo-garden-restaurant-corpus-christi?osq=Restaurants,78412,0.098703799,2.8,75,29948,72.9,1,1525,3.7,0,131,0.3,0,1687,4.1,1,41,0.1,1,2088,29.2,1,8.8,1,51280,0,120,1,1
Origami Japanese Cuisine & Sushi Bar,27.7089119,-97.361584,"Promenade Shopping Center, 1220 Airline Rd # 150, Corpus Christi, TX 78412, United States",ChIJu2cxJeb1aIYR-Hw9R2MJR8U,/biz/origami-japanese-cuisine-and-sushi-bar-corpus-christi?osq=Restaurants,78412,0.047276095,4,75,29948,72.9,1,1525,3.7,0,131,0.3,0,1687,4.1,1,41,0.1,1,2088,29.2,1,8.8,1,51280,0,120,1,1
Z Counter,27.7089994,-97.3615803,"1220 Airline Rd #155, Corpus Christi, TX 78412, United States",ChIJu2cxJeb1aIYRpCQsra5dbOE,/biz/z-counter-corpus-christi-2?osq=Restaurants,78412,0.233138493,4.3,75,29948,72.9,1,1525,3.7,0,131,0.3,0,1687,4.1,1,41,0.1,1,2088,29.2,1,8.8,1,51280,0,120,1,1
"Rudy's ""Country Store%E2%80%9D and Bar-B-Q",27.7023734,-97.3614004,"6101 S Padre Island Dr, Corpus Christi, TX 78412, United States",ChIJFRHX4Nz1aIYRsx5j43JGn5o,/biz/rudys-country-store-and-bar-b-q-corpus-christi-2?osq=Restaurants,78412,0.11649838,4.3,75,29948,72.9,1,1525,3.7,0,131,0.3,0,1687,4.1,1,41,0.1,1,2088,29.2,1,8.8,1,51280,0,120,1,0
BO BBQ- Korean Grill & Bar,27.7042278,-97.3612371,"6042 S Padre Island Dr, Corpus Christi, TX 78412, United States",ChIJTxEWl-71aIYRCBIq9IrsNK0,/biz/bo-bbq-korean-grill-and-bar-corpus-christi?osq=Restaurants,78412,0.323990458,3.9,75,29948,72.9,1,1525,3.7,0,131,0.3,0,1687,4.1,1,41,0.1,1,2088,29.2,1,8.8,1,51280,0,120,1,0
Salty Oak Brew and `Cue,27.7231179,-97.3607067,"4855 S Alameda St, Corpus Christi, TX 78412, United States",ChIJ92mpvXP1aIYRsWrUkRc13oo,/biz/salty-oak-brew-and-cue-corpus-christi?osq=Restaurants,78412,0.169615216,3.9,75,29948,72.9,1,1525,3.7,0,131,0.3,0,1687,4.1,1,41,0.1,1,2088,29.2,1,8.8,1,51280,0,120,1,0
New Hong Kong Express,27.7022112,-97.3602579,"6201 S Padre Island Dr #102, Corpus Christi, TX 78412, United States",ChIJOc981Mv1aIYRjCxSqWGoLQE,/biz/new-hong-kong-express-corpus-christi-2?osq=Restaurants,78412,0.072235062,3.6,75,29948,72.9,1,1525,3.7,0,131,0.3,0,1687,4.1,1,41,0.1,1,2088,29.2,1,8.8,1,51280,0,120,1,0
Burger beach hideaway,27.7054544,-97.357734,"6109 McArdle Rd, Corpus Christi, TX 78412, United States",ChIJcSneehP1aIYRV-yadMDZhLQ,/biz/burger-beach-hideaway-corpus-christi?osq=Restaurants,78412,0.168259877,4.5,75,29948,72.9,1,1525,3.7,0,131,0.3,0,1687,4.1,1,41,0.1,1,2088,29.2,1,8.8,1,51280,0,120,1,0
B & J's Pizza,27.7002322,-97.3568464,"6335 S Padre Island Dr, Corpus Christi, TX 78412, United States",ChIJ4Q_SStn1aIYRU50_eiWVHhM,/biz/b-and-js-pizza-corpus-christi-9?osq=Restaurants,78412,0.111638971,3.2,75,29948,72.9,1,1525,3.7,0,131,0.3,0,1687,4.1,1,41,0.1,1,2088,29.2,1,8.8,1,51280,0,120,1,0
La Mexicana Bakery And Tortilla Factory,27.7001493,-97.3567057,"6337 S Padre Island Dr, Corpus Christi, TX 78412, United States",ChIJnYvOStn1aIYR-DKAsilmhDc,/biz/la-mexicana-bakery-and-tortilla-factory-corpus-christi?osq=Restaurants,78412,0.045056919,3.7,75,29948,72.9,1,1525,3.7,0,131,0.3,0,1687,4.1,1,41,0.1,1,2088,29.2,1,8.8,1,51280,0,120,1,0
The BWB Restaurant,27.672747,-97.3565019,"7114 Saratoga Blvd Suite 222, Corpus Christi, TX 78414, United States",ChIJw0hQa7f1aIYRfCP-Bo93150,/biz/the-bwb-restaurant-corpus-christi?osq=Restaurants,78414,0.184968463,4.2,51,31039,67.3,0,1076,2.3,0,104,0.2,0,2488,5.4,1,44,0.1,1,2830,38.1,1,2.7,0,87231,1,8,1,0
Applebee's Grill + Bar,27.6973603,-97.3511747,"6691 S Padre Island Dr, Corpus Christi, TX 78412, United States",ChIJERRL0nf2aIYRMW_YfHZBJP8,/biz/applebees-grill-bar-corpus-christi?osq=Restaurants,78412,0.060915881,2,75,29948,72.9,1,1525,3.7,0,131,0.3,0,1687,4.1,1,41,0.1,1,2088,29.2,1,8.8,1,51280,0,120,1,0
Saltgrass Steak House,27.6965838,-97.3500189,"6729 S Padre Island Dr, Corpus Christi, TX 78412, United States",ChIJY_3Ivnf2aIYRg_EnIzZEQTI,/biz/saltgrass-steak-house-corpus-christi-2?osq=Restaurants,78412,0.136027681,3.4,75,29948,72.9,1,1525,3.7,0,131,0.3,0,1687,4.1,1,41,0.1,1,2088,29.2,1,8.8,1,51280,0,120,1,0
Sufi Kabob,27.6941083,-97.341344,"7150 S Padre Island Dr Suite 104, Corpus Christi, TX 78412, United States",ChIJuw-wunr2aIYRrW8Uzg6Zqro,/biz/sufi-kabob-corpus-christi?osq=Restaurants,78412,0.158571784,4.1,75,29948,72.9,1,1525,3.7,0,131,0.3,0,1687,4.1,1,41,0.1,1,2088,29.2,1,8.8,1,51280,0,120,1,0
El Potro Restaurant,27.6947697,-97.3412062,"1401 Rodd Field Rd, Corpus Christi, TX 78412, United States",ChIJW4IXrHr2aIYRYDXDejpfo08,/biz/el-potro-restaurant-corpus-christi?osq=Restaurants,78412,0.112111888,4,75,29948,72.9,1,1525,3.7,0,131,0.3,0,1687,4.1,1,41,0.1,1,2088,29.2,1,8.8,1,51280,0,120,1,0
Islander's Teriyaki,27.7186218,-97.3344841,"6133 Ennis Joslin Rd, Corpus Christi, TX 78412, United States",ChIJiR8WXO33aIYR3ATfcT79d9U,/biz/islanders-teriyaki-corpus-christi?osq=Restaurants,78412,0.140903036,4.5,75,29948,72.9,1,1525,3.7,0,131,0.3,0,1687,4.1,1,41,0.1,1,2088,29.2,1,8.8,1,51280,0,120,1,0
El Jalisco Grill,27.6898948,-97.3304206,"1813 Ennis Joslin Rd #113, Corpus Christi, TX 78412, United States",ChIJrzMr02f2aIYRM_9MOdNvymU,/biz/el-jalisco-grill-corpus-christi?osq=Restaurants,78412,0.224241024,4.3,75,29948,72.9,1,1525,3.7,0,131,0.3,0,1687,4.1,1,41,0.1,1,2088,29.2,1,8.8,1,51280,0,120,1,0
In The Game Funtrackers,27.6736229,-97.2964172,"9605 S Padre Island Dr, Corpus Christi, TX 78418, United States",ChIJye2tEBD3aIYRMdX9cWQXQVw,/biz/in-the-game-funtrackers-corpus-christi?osq=Restaurants,78418,0.004215732,4.4,55,23329,77.7,1,923,3.1,0,152,0.5,1,1263,4.2,1,0,0,0,1320,40,1,5,1,80906,1,40,1,0
The Bar & Grill,27.6518037,-97.2934279,"2150 Waldron Rd, Corpus Christi, TX 78418, United States",ChIJ9fk9ssD3aIYRYxDNOmuj7h4,/biz/the-bar-and-grill-corpus-christi?osq=Restaurants,78418,0.151262355,4.3,55,23329,77.7,1,923,3.1,0,152,0.5,1,1263,4.2,1,0,0,0,1320,40,1,5,1,80906,1,40,1,0
Little Manila Lumpia House,27.6521315,-97.2929607,"2124 Waldron Rd, Corpus Christi, TX 78418, United States",ChIJY7j7ETr3aIYRRp-Bv87n0NI,/biz/little-manila-lumpia-house-corpus-christi?osq=Restaurants,78418,0.141108102,3.7,55,23329,77.7,1,923,3.1,0,152,0.5,1,1263,4.2,1,0,0,0,1320,40,1,5,1,80906,1,40,1,0
Lucky Buffet,27.6669919,-97.2843834,"10241 S Padre Island Dr Suite 102, Corpus Christi, TX 78418, United States",ChIJVeeNS-73aIYRtyVOWVRqwGU,/biz/lucky-buffet-corpus-christi?osq=Restaurants,78418,0.116584916,4,55,23329,77.7,1,923,3.1,0,152,0.5,1,1263,4.2,1,0,0,0,1320,40,1,5,1,80906,1,40,1,0
Boardwalk Cafe,27.6732012,-97.2800892,"706 NAS Dr, Corpus Christi, TX 78418, United States",ChIJvboCRW73aIYR7wreuZSFPSo,/biz/boardwalk-cafe-corpus-christi?osq=Restaurants,78418,0.160709498,4.2,55,23329,77.7,1,923,3.1,0,152,0.5,1,1263,4.2,1,0,0,0,1320,40,1,5,1,80906,1,40,1,0
Taqueria Almeida 3,27.6734914,-97.2798763,"622 NAS Dr, Corpus Christi, TX 78418, United States",ChIJjXSpN273aIYRMeTowP5hfUw,/biz/taqueria-almeida-3-corpus-christi?osq=Restaurants,78413,0.108699139,3.6,68,27538,74.4,1,1492,4,1,180,0.5,1,848,2.3,0,0,0,0,1376,25.7,1,5.1,1,73859,1,3,1,0
Black Diamond Oyster Bar,27.6760067,-97.2780753,"418 NAS Dr, Corpus Christi, TX 78418, United States",ChIJV_ULMHD3aIYR7_3_EB6hcTk,/biz/black-diamond-oyster-bar-corpus-christi-2?osq=Restaurants,78418,0.384225035,4.4,55,23329,77.7,1,923,3.1,0,152,0.5,1,1263,4.2,1,0,0,0,1320,40,1,5,1,80906,1,40,1,0
The Flight Deck,27.6938772,-97.2669743,"Corpus Christi, TX 78418, United States",ChIJf2I6N4f3aIYRj1Z6VzeTX6E,/biz/the-flight-deck-corpus-christi?osq=Restaurants,78419,0.120436135,4.2,1,339,62.3,0,147,27,1,0,0,0,14,2.6,1,0,0,0,40,28.2,1,8.9,1,73333,1,18,0,0
Catalina Club,27.6939148,-97.257744,"301-323 Dimmit Dr, Corpus Christi, TX 78418, United States",ChIJP8Tvgi74aIYREP_J_Zw6wU4,/biz/catalina-club-corpus-christi?osq=Restaurants,78418,0.025500488,2.4,55,23329,77.7,1,923,3.1,0,152,0.5,1,1263,4.2,1,0,0,0,1320,40,1,5,1,80906,1,40,1,0