Restaurant,Latitude,Longitude,Address,Place-ID,URL,ZIP,Avg. exposure,Stars,White,ofWhite,Black,ofBlack,AmericanIndaian,ofAI,Asian,ofAisan,NativeHawiian,ofNativeHawiian,Edu,ofEDU,Unemployment,Wealth,Attraction,Hotspot
Il Pastaio,34.0708413,-118.400882,"400 N Canon Dr, Beverly Hills, CA 90210, United States",ChIJHyxdbQe8woARxadFSuW4Ok4,/biz/il-pastaio-beverly-hills?osq=Restaurants,90210,0.004305816,3.9,16406,83.6,374,1.9,21,0.1,996,5.1,0,0,1042,70,4.4,154740,1,0
Manzke,34.0553761,-118.3976024,"9575 W Pico Blvd, Los Angeles, CA 90035, United States",ChIJHxC85uO7woARBABVGm0-F7A,/biz/manzke-los-angeles?osq=Restaurants,90035,0.110053824,4.6,19345,73.2,1788,6.8,29,0.1,1825,6.9,58,0.2,3331,73,6.5,101570,0,0
Bicyclette,34.0553761,-118.3976002,"9575 W Pico Blvd, Los Angeles, CA 90035, United States",ChIJu5Y0uG67woARvE5Nmmmtv_0,/biz/bicyclette-los-angeles-2?osq=Restaurants,90035,0.052231777,4.1,19345,73.2,1788,6.8,29,0.1,1825,6.9,58,0.2,3331,73,6.5,101570,0,0
LAVO Ristorante,34.0909518,-118.3925134,"9201 Sunset Blvd Suite 100, West Hollywood, CA 90069, United States",ChIJXQJme12_woARbospaYJsQZc,/biz/lavo-ristorante-west-hollywood?osq=Restaurants,90069,0.115888890333333,3.7,16332,80.9,557,2.8,0,0,1455,7.2,0,0,4045,79.5,7.4,98440,1,0
Ardor,34.0903625,-118.3895841,"9040 Sunset Blvd, West Hollywood, CA 90069, United States",ChIJH50jK7q_woARoGL0jC_3YCA,/biz/ardor-west-hollywood?osq=Restaurants,90069,0.030323046,4.2,16332,80.9,557,2.8,0,0,1455,7.2,0,0,4045,79.5,7.4,98440,1,0
Crustica,34.0821863,-118.3885369,"9045 Santa Monica Blvd, West Hollywood, CA 90069, United States",ChIJmf6Abvq_woAR2V0v5mSwbgs,/biz/crustica-west-hollywood?osq=Restaurants,90069,0.0258552256666667,4.3,16332,80.9,557,2.8,0,0,1455,7.2,0,0,4045,79.5,7.4,98440,1,0
Firefly,34.1414298,-118.3884489,"11720 Ventura Blvd, Studio City, CA 91604, United States",ChIJczmOIgm-woARRRSIOSN8rDk,/biz/firefly-studio-city?osq=Restaurants,91604,0.138284251666667,3.9,24933,76.3,1329,4.1,97,0.3,2650,8.1,0,0,4078,75.5,8.1,124271,0,0
Il Cielo,34.071839,-118.388383,"9018 Burton Way, Beverly Hills, CA 90211, United States",ChIJpX3FuVS5woAR9UWSsD95z4Y,/biz/il-cielo-beverly-hills-3?osq=Restaurants,90211,0.0879512786666667,4,6246,67.9,186,2,0,0,1830,19.9,0,0,942,67.8,9.3,89946,0,0
Great White Melrose,34.0809762,-118.3872782,"8917 Melrose Ave, West Hollywood, CA 90069, United States",ChIJZ0BQ2aG_woARPg5yDkOvaiw,/biz/great-white-melrose-west-hollywood?osq=Restaurants,90069,0.0461084993333333,4,16332,80.9,557,2.8,0,0,1455,7.2,0,0,4045,79.5,7.4,98440,1,0
etta,34.0282487,-118.3870538,"8801 Washington Blvd, Culver City, CA 90232, United States",ChIJ2xBhsim5woARKtbHYOJw_1c,/biz/etta-culver-city-2?osq=Restaurants,90232,0.149302252666667,4.3,9224,60.1,769,5,18,0.1,3146,20.5,0,0,2421,70.7,5.7,105932,0,0
Gracias Madre - West Hollywood,34.0809605,-118.3869599,"8905 Melrose Ave, West Hollywood, CA 90069, United States",ChIJxYyaKq--woARHpeKzYN9mt4,/biz/gracias-madre-west-hollywood-west-hollywood?osq=Restaurants,90069,0.157868545,4,16332,80.9,557,2.8,0,0,1455,7.2,0,0,4045,79.5,7.4,98440,1,0
Craig's,34.0806889,-118.3864781,"8826 Melrose Ave, West Hollywood, CA 90069, United States",ChIJC82Z166-woART-e875tW9-s,/biz/craigs-west-hollywood?osq=Restaurants,90069,0.0866659756666667,3.8,16332,80.9,557,2.8,0,0,1455,7.2,0,0,4045,79.5,7.4,98440,1,0
Soulmate,34.0817267,-118.3857725,"631 N Robertson Blvd, West Hollywood, CA 90069, United States",ChIJJVlaiqi_woARF_6cy0FTgCQ,/biz/soulmate-west-hollywood?osq=Restaurants,90069,0.127095806666667,4.1,16332,80.9,557,2.8,0,0,1455,7.2,0,0,4045,79.5,7.4,98440,1,0
King and Queen Cantina - West Hollywood,34.0814544,-118.3853552,"616 N Robertson Blvd, West Hollywood, CA 90069, United States",ChIJdd6s35m_woAReD5utG-nm_M,/biz/king-and-queen-cantina-west-hollywood-west-hollywood?osq=Restaurants,90069,0.0128607123333333,4.4,16332,80.9,557,2.8,0,0,1455,7.2,0,0,4045,79.5,7.4,98440,1,0
Bottega Louie - WEHO,34.0839952,-118.38504,"8936 Santa Monica Blvd, West Hollywood, CA 90069, United States",ChIJn1Y3ALy_woARZq6siBxWznQ,/biz/bottega-louie-weho-los-angeles-2?osq=Restaurants,90069,0.145361680333333,4,16332,80.9,557,2.8,0,0,1455,7.2,0,0,4045,79.5,7.4,98440,1,0
A Food Affair,34.0517694,-118.3843222,"1515 S Robertson Blvd, Los Angeles, CA 90035, United States",ChIJ16BECme5woAR_VIOySO4z4k,/biz/a-food-affair-los-angeles?osq=Restaurants,90035,0.02557133,4.5,19345,73.2,1788,6.8,29,0.1,1825,6.9,58,0.2,3331,73,6.5,101570,0,0
Izakaya Tora,34.084473,-118.3842625,"8908 Santa Monica Blvd, West Hollywood, CA 90069, United States",ChIJB3yJizG_woARp4Yq61_AJCM,/biz/izakaya-tora-west-hollywood?osq=Restaurants,90069,0.103884745333333,4.4,16332,80.9,557,2.8,0,0,1455,7.2,0,0,4045,79.5,7.4,98440,1,0
1-2-3 pasta,34.0644709,-118.3833073,"214 S Robertson Blvd, Beverly Hills, CA 90211, United States",ChIJb_wfW4S5woARMVFCUH2tnag,/biz/1-2-3-pasta-beverly-hills?osq=Restaurants,90211,0.0641509333333333,5,6246,67.9,186,2,0,0,1830,19.9,0,0,942,67.8,9.3,89946,0,0
Zinqu%C3%A9,34.08128,-118.38264,"8684 Melrose  West Hollywood, CA 90069",-,/biz/zinqu%C3%A9-west-hollywood-2?osq=Restaurants,90069,0.120123147333333,3.8,16332,80.9,557,2.8,0,0,1455,7.2,0,0,4045,79.5,7.4,98440,1,1
AOC,34.0734496,-118.3819145,"8700 W 3rd St, Los Angeles, CA 90048, United States",ChIJX6WyxTa5woARZPdVFVEVAKU,/biz/aoc-los-angeles?osq=Restaurants,90048,0.0981813486666667,3.9,16274,79.4,781,3.8,14,0.1,1465,7.1,0,0,4310,84.1,6.3,102567,0,0
Vespertine,34.0241664,-118.3818876,"3599 Hayden Ave, Culver City, CA 90232, United States",ChIJVd04SYW5woAROE52K0dXeYE,/biz/vespertine-culver-city?osq=Restaurants,90232,0.0341078896666667,3.7,9224,60.1,769,5,18,0.1,3146,20.5,0,0,2421,70.7,5.7,105932,0,0
GRANVILLE,34.0771558,-118.3806867,"8701 Beverly Blvd, West Hollywood, CA 90048, United States",ChIJDbKeh7K-woARG7zBCol46Fw,/biz/granville-west-hollywood-2?osq=Restaurants,90048,0.766255508333333,4.4,16274,79.4,781,3.8,14,0.1,1465,7.1,0,0,4310,84.1,6.3,102567,0,0
"The Butcher, The Baker, The Cappuccino Maker",34.0921328,-118.3805803,"8653 Sunset Blvd, West Hollywood, CA 90069, United States",ChIJOd2I0Ly-woAR_hEFYtqTFiQ,/biz/the-butcher-the-baker-the-cappuccino-maker-west-hollywood-2?osq=Restaurants,90069,0.161577759666667,3.9,16332,80.9,557,2.8,0,0,1455,7.2,0,0,4045,79.5,7.4,98440,1,1
ABSteak By Chef Akira Back,34.0736958,-118.3770638,"8500 Beverly Blvd #111, Los Angeles, CA 90048, United States",ChIJp_otqRq5woARA9vRILr7ZiM,/biz/absteak-by-chef-akira-back-los-angeles?osq=Restaurants,90048,0.110010621333333,4.7,16274,79.4,781,3.8,14,0.1,1465,7.1,0,0,4310,84.1,6.3,102567,0,0
Hoys Wok Chinese Food,34.0730878,-118.3769215,"8520 W 3rd St, Los Angeles, CA 90048, United States",ChIJTSWqRie_woARNsLoEiiJ00M,/biz/hoys-wok-chinese-food-los-angeles?osq=Restaurants,90048,0.0635811573333333,5,16274,79.4,781,3.8,14,0.1,1465,7.1,0,0,4310,84.1,6.3,102567,0,1
Versailles,34.0527864421524,-118.376569174241,"1415 S La Cienega Blvd, Los Angeles, CA 90035, United States",ChIJvSD0dbR95kcRukqEDa0AnoY,/biz/versailles-los-angeles-4?osq=Restaurants,90035,0.0168952933333333,3.8,19345,73.2,1788,6.8,29,0.1,1825,6.9,58,0.2,3331,73,6.5,101570,0,0
Rosaline,34.0825654,-118.3759042,"8479 Melrose Ave, West Hollywood, CA 90069, United States",ChIJIegyMbG-woAR5lAy62GLMN4,/biz/rosaline-west-hollywood-2?osq=Restaurants,90069,0.134745961333333,3.9,16332,80.9,557,2.8,0,0,1455,7.2,0,0,4045,79.5,7.4,98440,1,0
Mad Bulldog Hot Chicken,34.0571635,-118.3756683,"1080 S La Cienega Blvd #110, Los Angeles, CA 90035, United States",ChIJ8cedK8K5woARSRvDyjLsEKo,/biz/mad-bulldog-hot-chicken-los-angeles?osq=Restaurants,90035,0.0093249286666666,4.8,19345,73.2,1788,6.8,29,0.1,1825,6.9,58,0.2,3331,73,6.5,101570,0,1
Toca Madera - Los Angeles,34.0730546,-118.374948,"8450 W 3rd St, Los Angeles, CA 90048, United States",ChIJ90CShUu5woARYZy6vEwA0NE,/biz/toca-madera-los-angeles-los-angeles?osq=Restaurants,90048,0.172920419666667,3.8,16274,79.4,781,3.8,14,0.1,1465,7.1,0,0,4310,84.1,6.3,102567,0,1
Katana,34.0949712,-118.3745604,"8439 Sunset Blvd, West Hollywood, CA 90069, United States",ChIJ676_Qr6-woARy3H97J4OVdY,/biz/katana-west-hollywood?osq=Restaurants,90069,0.012857778,3.9,16332,80.9,557,2.8,0,0,1455,7.2,0,0,4045,79.5,7.4,98440,1,0
Bari,34.073089499258,-118.37406017424,"8422 W 3rd St, Los Angeles, CA 90048, United States",ChIJb40H8_joRxMR4Qg5agZUcgg,/biz/bari-los-angeles?osq=Restaurants,90048,0.0962557926666667,4.3,16274,79.4,781,3.8,14,0.1,1465,7.1,0,0,4310,84.1,6.3,102567,0,0
Merois,34.0946318,-118.3735788,"8430 Sunset Blvd, West Hollywood, CA 90069, United States",ChIJ62K862-_woAR8YptH_AXFJY,/biz/merois-west-hollywood?osq=Restaurants,90069,0.0424985373333333,4.1,16332,80.9,557,2.8,0,0,1455,7.2,0,0,4045,79.5,7.4,98440,1,0
Seoulmates,34.0725668,-118.3707825,"8320 W 3rd St, Los Angeles, CA 90048, United States",ChIJqzV1Kme5woAR2JP1xfLGCbA,/biz/seoulmates-los-angeles?osq=Restaurants,90048,0.089105706,4.6,16274,79.4,781,3.8,14,0.1,1465,7.1,0,0,4310,84.1,6.3,102567,0,0
Bao Dim Sum House,34.075852,-118.369861,"8256 Beverly Blvd, Los Angeles, CA 90048, United States",ChIJre7lnkq5woARc4eVeKkOoEQ,/biz/bao-dim-sum-house-los-angeles?osq=Restaurants,90048,0.184074723,4,16274,79.4,781,3.8,14,0.1,1465,7.1,0,0,4310,84.1,6.3,102567,0,0
Norah,34.0908828,-118.3697462,"8279 Santa Monica Blvd, West Hollywood, CA 90046, United States",ChIJc5n3nLi-woARfLhTYXUepcc,/biz/norah-west-hollywood?osq=Restaurants,90046,0.0473714846666667,3.8,35153,72.1,2825,5.8,194,0.4,3224,6.6,46,0.1,9364,69.2,8.2,77162,0,0
Nic's on Beverly,34.0763041,-118.3695848,"8265 Beverly Blvd, Los Angeles, CA 90048, United States",ChIJf85-oEq5woARL7PnWsoyfP0,/biz/nics-on-beverly-los-angeles?osq=Restaurants,90048,0.0749014886666667,4.3,16274,79.4,781,3.8,14,0.1,1465,7.1,0,0,4310,84.1,6.3,102567,0,0
Pura Vita,34.0905005,-118.3695355,"8274 Santa Monica Blvd, West Hollywood, CA 90046, United States",ChIJq6RgRXG_woARNbs5SgPIco0,/biz/pura-vita-west-hollywood-2?osq=Restaurants,90046,0.0086650096666666,4.3,35153,72.1,2825,5.8,194,0.4,3224,6.6,46,0.1,9364,69.2,8.2,77162,0,0
The Front Yard,34.14517,-118.369529,"4222 Vineland Ave, North Hollywood, CA 91602, United States",ChIJm_HBFxi-woARmnpaK256fi0,/biz/the-front-yard-north-hollywood-2?osq=Restaurants,91602,0.226454526666667,4,13220,64.6,1457,7.1,91,0.4,2199,10.7,94,0.5,2507,62.3,9.3,83866,0,0
The Little Door,34.0722609140252,-118.367539560072,"8164 W 3rd St  Los Angeles, CA 90048  Beverly Grove",-,/biz/the-little-door-los-angeles?osq=Restaurants,90048,0.0042983646666666,4.1,16274,79.4,781,3.8,14,0.1,1465,7.1,0,0,4310,84.1,6.3,102567,0,1
OSTE,34.0721029,-118.3673558,"8142 W 3rd St, Los Angeles, CA 90048, United States",ChIJ2wrtW3K5woARk7UY33VZ4XQ,/biz/oste-west-hollywood?osq=Restaurants,90048,0.175042153,4.8,16274,79.4,781,3.8,14,0.1,1465,7.1,0,0,4310,84.1,6.3,102567,0,0
Alchemist Restaurant,34.0630082,-118.3654274,"6258 Wilshire Blvd, Los Angeles, CA 90048, United States",ChIJjUlyVn-5woARbeXf7nf08W4,/biz/alchemist-restaurant-los-angeles?osq=Restaurants,90048,0.0977320716666667,4.4,16274,79.4,781,3.8,14,0.1,1465,7.1,0,0,4310,84.1,6.3,102567,0,1
Uovo - Mid-Wilshire,34.0637475,-118.365075,"6245 Wilshire Blvd Suite 103, Los Angeles, CA 90048, United States",ChIJ-YitLJ65woARQZQd6ec8GFk,/biz/uovo-mid-wilshire-los-angeles-3?osq=Restaurants,90048,0.0795737416666667,4.3,16274,79.4,781,3.8,14,0.1,1465,7.1,0,0,4310,84.1,6.3,102567,0,0
Bacari W 3rd,34.071853,-118.3647493,"8030 W 3rd St #3/4, Los Angeles, CA 90048, United States",ChIJtRAaaVa5woARq9Kq3Nu5Exk,/biz/bacari-w-3rd-los-angeles?osq=Restaurants,90048,0.0964603796666667,4.3,16274,79.4,781,3.8,14,0.1,1465,7.1,0,0,4310,84.1,6.3,102567,0,1
Ggiata - West Hollywood,34.0906325,-118.3647459,"7998 Santa Monica Blvd C, West Hollywood, CA 90046, United States",ChIJj1BKQGu_woARIT4n885www8,/biz/ggiata-west-hollywood-west-hollywood?osq=Restaurants,90046,0.019157553,4,35153,72.1,2825,5.8,194,0.4,3224,6.6,46,0.1,9364,69.2,8.2,77162,0,1
Open Face Food Shop,34.0326477,-118.3646589,"5577 W Adams Blvd, Los Angeles, CA 90016, United States",ChIJ_4HsM9W5woARi-AeV84dy60,/biz/open-face-food-shop-los-angeles?osq=Restaurants,90016,0.017259597,3.2,16100,35.1,12997,28.3,82,0.2,2070,4.5,34,0.1,3252,35.7,6.5,53659,0,1
Farmhouse Kitchen LA,34.0323298,-118.3644075,"5560 W Adams Blvd, Los Angeles, CA 90016, United States",ChIJH2mn_KO5woARQu3oO5i8uNw,/biz/farmhouse-kitchen-la-los-angeles?osq=Restaurants,90016,0.057235208,4.5,16100,35.1,12997,28.3,82,0.2,2070,4.5,34,0.1,3252,35.7,6.5,53659,0,1
Farmhouse Kitchen Thai Cuisine,34.0323298,-118.3644075,"5560 W Adams Blvd, Los Angeles, CA 90016, United States",ChIJH2mn_KO5woARQu3oO5i8uNw,/biz/farmhouse-kitchen-thai-cuisine-los-angeles-2?osq=Restaurants,90016,0.0901273803333333,4.1,16100,35.1,12997,28.3,82,0.2,2070,4.5,34,0.1,3252,35.7,6.5,53659,0,1
Flavors From Afar,34.0568083,-118.3641944,"1046 S Fairfax Ave, Los Angeles, CA 90019, United States",ChIJ4bBUgAu5woARBXjZoiwNzCo,/biz/flavors-from-afar-los-angeles-2?osq=Restaurants,90019,0.103989996333333,4.9,19471,31.9,10822,17.7,390,0.6,10762,17.6,216,0.4,4304,40.3,8.2,61616,0,1
Employees Only,34.0909582,-118.3632083,"7953 Santa Monica Blvd, West Hollywood, CA 90046, United States",ChIJJadp28W-woAR4e8gNp9hqZI,/biz/employees-only-west-hollywood?osq=Restaurants,90046,0.112559407333333,4,35153,72.1,2825,5.8,194,0.4,3224,6.6,46,0.1,9364,69.2,8.2,77162,0,1
Carlitos Gardel Argentine Steakhouse,34.0839167,-118.3631966,"7963 Melrose Ave, Los Angeles, CA 90046, United States",ChIJSfKeA8y-woARpP7lY4htzZk,/biz/carlitos-gardel-argentine-steakhouse-los-angeles-2?osq=Restaurants,90046,0.0627845106666667,4.4,35153,72.1,2825,5.8,194,0.4,3224,6.6,46,0.1,9364,69.2,8.2,77162,0,1
Tu Madre - West Hollywood,34.091268,-118.3631497,"1111 N Hayworth Ave, West Hollywood, CA 90046, United States",ChIJA4fAr_y_woARylDkeMB32Ss,/biz/tu-madre-west-hollywood-west-hollywood?osq=Restaurants,90046,0.118804967666667,4,35153,72.1,2825,5.8,194,0.4,3224,6.6,46,0.1,9364,69.2,8.2,77162,0,0
The Griddle Cafe,34.0977412,-118.3622541,"7916 Sunset Blvd, Los Angeles, CA 90046, United States",ChIJEyTzR8K-woARV5lp-fOoATU,/biz/the-griddle-cafe-los-angeles-2?osq=Restaurants,90046,0.069155897,4.1,35153,72.1,2825,5.8,194,0.4,3224,6.6,46,0.1,9364,69.2,8.2,77162,0,1
Jon & Vinny's Fairfax,34.0786385,-118.3613216,"412 N Fairfax Ave, Los Angeles, CA 90036, United States",ChIJA2LuJDO5woARuhCFGBZy40o,/biz/jon-and-vinnys-fairfax-los-angeles-4?osq=Restaurants,90036,0.186531747333333,3.8,23600,62.8,1934,5.1,75,0.2,7529,20,5,0,7655,78.4,8.6,87868,1,0
Uncool Bar,34.0917193,-118.3613096,"7881 Santa Monica Blvd, West Hollywood, CA 90046, United States",ChIJ70VByi25woAR8K07WlWjANM,/biz/uncool-bar-west-hollywood-3?osq=Restaurants,90046,0.008490997,4.2,35153,72.1,2825,5.8,194,0.4,3224,6.6,46,0.1,9364,69.2,8.2,77162,0,0
Fanny's,34.0631204,-118.3611661,"6067 Wilshire Blvd, Los Angeles, CA 90036, United States",ChIJlUY00dK5woARQR4cocZNq9M,/biz/fannys-los-angeles?osq=Restaurants,90036,0.0170373906666667,4,23600,62.8,1934,5.1,75,0.2,7529,20,5,0,7655,78.4,8.6,87868,1,0
Vicky's All Day,34.0323461,-118.3609651,"5410 W Adams Blvd, Los Angeles, CA 90016, United States",ChIJw4dUX6W5woARgnVS3Yp8qEs,/biz/vickys-all-day-los-angeles?osq=Restaurants,90016,0.0299060376666667,4.8,16100,35.1,12997,28.3,82,0.2,2070,4.5,34,0.1,3252,35.7,6.5,53659,0,0
Pasta Corner,34.0720884,-118.3608886,"6333 W 3rd St #510, Los Angeles, CA 90036, United States",ChIJ6Y7xkoG5woARtqlBd0KF8H4,/biz/pasta-corner-los-angeles?osq=Restaurants,90036,0.093093819,4.3,23600,62.8,1934,5.1,75,0.2,7529,20,5,0,7655,78.4,8.6,87868,1,0
Pampas Grill,34.0719433,-118.360263,"6333 W 3rd St, Los Angeles, CA 90036, United States",ChIJU4YaWjC5woARINhrwwtdrzE,/biz/pampas-grill-los-angeles?osq=Restaurants,90036,0.0084743116666666,4.1,23600,62.8,1934,5.1,75,0.2,7529,20,5,0,7655,78.4,8.6,87868,1,0
Alta West Adams,34.0326954,-118.3599842,"5359 W Adams Blvd, Los Angeles, CA 90016, United States",ChIJ5XZfNW65woARIhG9hN44XQ4,/biz/alta-west-adams-los-angeles?osq=Restaurants,90016,0.103956706666667,3.7,16100,35.1,12997,28.3,82,0.2,2070,4.5,34,0.1,3252,35.7,6.5,53659,0,0
Ghost Sando Shop,34.0839558,-118.3596674,"7801 Melrose Ave Unit 1 A, Los Angeles, CA 90046, United States",ChIJdUgk4nm_woARXff-FF2OdeY,/biz/ghost-sando-shop-los-angeles-2?osq=Restaurants,90046,0.102172867333333,5,35153,72.1,2825,5.8,194,0.4,3224,6.6,46,0.1,9364,69.2,8.2,77162,0,0
My Two Cents,34.0498552,-118.3596244,"5583 W Pico Blvd, Los Angeles, CA 90019, United States",ChIJa8OZJBC5woARblCK_qJudYI,/biz/my-two-cents-los-angeles-3?osq=Restaurants,90019,0.0214656046666667,2.9,19471,31.9,10822,17.7,390,0.6,10762,17.6,216,0.4,4304,40.3,8.2,61616,0,0
MIAN %7C %E6%BB%8B%E5%91%B3%E5%B0%8F%E9%9D%A2,34.03278,-118.35742,"5263 W Adams Blvd  Los Angeles, CA 90016  West Adams",-,/biz/mian-%E6%BB%8B%E5%91%B3%E5%B0%8F%E9%9D%A2-los-angeles?osq=Restaurants,90016,0.1417985,4.1,16100,35.1,12997,28.3,82,0.2,2070,4.5,34,0.1,3252,35.7,6.5,53659,0,0
Indian Curry and Kabob,34.0544515,-118.3549403,"5607 San Vicente Blvd, Los Angeles, CA 90019, United States",ChIJK2Ixyxu5woAREmznP5PiG-Y,/biz/indian-curry-and-kabob-los-angeles-2?osq=Restaurants,90019,0.103428411,5,19471,31.9,10822,17.7,390,0.6,10762,17.6,216,0.4,4304,40.3,8.2,61616,0,0
7455 SUSHI by Roshi,34.0838318,-118.3525411,"7455 Melrose Ave, Los Angeles, CA 90046, United States",ChIJOZjVZKm_woARD876vjY69x0,/biz/7455-sushi-by-roshi-los-angeles-2?osq=Restaurants,90046,0.004231989,5,35153,72.1,2825,5.8,194,0.4,3224,6.6,46,0.1,9364,69.2,8.2,77162,0,0
ATTITUDE CAFE,34.0702213,-118.3517065,"6009 W 3rd St, Los Angeles, CA 90036, United States",ChIJseODnpa5woARkmR1LwNLA9o,/biz/attitude-cafe-los-angeles-3?osq=Restaurants,90036,0.0759042036666667,4.8,23600,62.8,1934,5.1,75,0.2,7529,20,5,0,7655,78.4,8.6,87868,1,0
The Village Idiot,34.0838011,-118.3509493,"7383 Melrose Ave, Los Angeles, CA 90046, United States",ChIJT0xWkdS-woARNtrwjHf8Sg4,/biz/the-village-idiot-los-angeles?osq=Restaurants,90046,0.07272797,3.8,35153,72.1,2825,5.8,194,0.4,3224,6.6,46,0.1,9364,69.2,8.2,77162,0,0
Blu Jam Caf%C3%A9,34.0839785752563,-118.350547002401,"7371 Melrose Ave  Los Angeles, CA 90046  Fairfax",-,/biz/blu-jam-caf%C3%A9-los-angeles-2?osq=Restaurants,90046,0.094143742,4.2,35153,72.1,2825,5.8,194,0.4,3224,6.6,46,0.1,9364,69.2,8.2,77162,0,1
Chibiscus Asian Cafe,34.098333,-118.350376,"7361 Sunset Blvd, Los Angeles, CA 90046, United States",ChIJ7wbnx96-woAR_4UR4uSwdB4,/biz/chibiscus-asian-cafe-los-angeles-2?osq=Restaurants,90046,0.100851126333333,4.3,35153,72.1,2825,5.8,194,0.4,3224,6.6,46,0.1,9364,69.2,8.2,77162,0,0
Jurassic Magic Coffee,34.0409463,-118.3486132,"1865 S Mansfield Ave, Los Angeles, CA 90019, United States",ChIJcf2UMQO5woARfUKkuMQX5d8,/biz/jurassic-magic-coffee-los-angeles?osq=Restaurants,90019,0.0301932776666667,4.4,19471,31.9,10822,17.7,390,0.6,10762,17.6,216,0.4,4304,40.3,8.2,61616,0,0
Sugar Taco,34.0836476,-118.3477819,"7257 Melrose Ave, Los Angeles, CA 90046, United States",ChIJKwr07hO_woARgmDctTKwG6g,/biz/sugar-taco-los-angeles-2?osq=Restaurants,90046,0.0709300933333333,4.4,35153,72.1,2825,5.8,194,0.4,3224,6.6,46,0.1,9364,69.2,8.2,77162,0,0
Bossa Nova on Sunset,34.0982382,-118.346581,"7181 Sunset Blvd, Los Angeles, CA 90046, United States",ChIJJ0YDr9i-woAROWZwJTnbiX0,/biz/bossa-nova-brazilian-cuisine-los-angeles-4?osq=Restaurants,90046,0.114651818333333,3.7,35153,72.1,2825,5.8,194,0.4,3224,6.6,46,0.1,9364,69.2,8.2,77162,0,0
Jones,34.0908821,-118.3464231,"7205 Santa Monica Blvd, West Hollywood, CA 90046, United States",ChIJ_ZaCK9a-woARo6DSOmfgk4s,/biz/jones-west-hollywood-2?osq=Restaurants,90046,0.0446137556666667,4,35153,72.1,2825,5.8,194,0.4,3224,6.6,46,0.1,9364,69.2,8.2,77162,0,0
Fratelli Cafe,34.0833396,-118.3463773,"7200 Melrose Ave, Los Angeles, CA 90046, United States",ChIJyfwuqyq5woARZvjaQJAOeGk,/biz/fratelli-cafe-los-angeles?osq=Restaurants,90046,0.166536042333333,4.3,35153,72.1,2825,5.8,194,0.4,3224,6.6,46,0.1,9364,69.2,8.2,77162,0,0
Breakfast Republic,34.0908658,-118.3460668,"7141 Santa Monica Blvd Suite 500, West Hollywood, CA 90046, United States",ChIJecqkMba_woARciESQNH9FJA,/biz/breakfast-republic-west-hollywood-2?osq=Restaurants,90046,0.0128169073333333,4.1,35153,72.1,2825,5.8,194,0.4,3224,6.6,46,0.1,9364,69.2,8.2,77162,0,0
Formosa Cafe,34.0904935,-118.3460438,"7156 Santa Monica Blvd, West Hollywood, CA 90046, United States",ChIJdU3LK9a-woARss6xbZxQxMs,/biz/formosa-cafe-west-hollywood-2?osq=Restaurants,90046,0.100443099666667,3.9,35153,72.1,2825,5.8,194,0.4,3224,6.6,46,0.1,9364,69.2,8.2,77162,0,0
Supremo,34.0587144,-118.3458989,"901 S La Brea Ave #2, Los Angeles, CA 90036, United States",ChIJS6w44sa5woARgMDuTqjDntw,/biz/supremo-los-angeles?osq=Restaurants,90036,0.174188320333333,4.6,23600,62.8,1934,5.1,75,0.2,7529,20,5,0,7655,78.4,8.6,87868,1,0
Caribbean Soul Kitchen LA,34.0621032,-118.3455302,"5354 Wilshire Blvd, Los Angeles, CA 90036, United States",ChIJ35hnUO-3woAR23KvTbQYGaI,/biz/caribbean-soul-kitchen-la-los-angeles?osq=Restaurants,90036,0.03932753,4.3,23600,62.8,1934,5.1,75,0.2,7529,20,5,0,7655,78.4,8.6,87868,1,0
Karibbean Cuisine,34.0621032,-118.3455302,"5354 Wilshire Blvd, Los Angeles, CA 90036, United States",ChIJ35hnUO-3woAR23KvTbQYGaI,/biz/karibbean-cuisine-los-angeles?osq=Restaurants,90019,0.155937017666667,5,19471,31.9,10822,17.7,390,0.6,10762,17.6,216,0.4,4304,40.3,8.2,61616,0,0
Egg Tuck - West Hollywood,34.0985025,-118.3452992,"7131 Sunset Blvd B, Los Angeles, CA 90046, United States",ChIJe_YXkfa_woARL2XZBsVFos8,/biz/egg-tuck-west-hollywood-west-hollywood?osq=Restaurants,90046,0.04544661,4.2,35153,72.1,2825,5.8,194,0.4,3224,6.6,46,0.1,9364,69.2,8.2,77162,0,0
Three Borders Brunch & Grill,34.0574612,-118.3451493,"5269 W Olympic Blvd, Los Angeles, CA 90036, United States",ChIJYyXM-R25woAR6h-8jr1yaYw,/biz/three-borders-brunch-and-grill-los-angeles-3?osq=Restaurants,90036,0.0899941216666667,4.8,23600,62.8,1934,5.1,75,0.2,7529,20,5,0,7655,78.4,8.6,87868,1,0
Met Him At A Bar,34.0604174,-118.344915,"801 S La Brea Ave, Los Angeles, CA 90036, United States",ChIJr_mnX1C5woARwarSFr8qd0s,/biz/met-him-at-a-bar-los-angeles-3?osq=Restaurants,90036,0.250804061666667,4.4,23600,62.8,1934,5.1,75,0.2,7529,20,5,0,7655,78.4,8.6,87868,1,0
Whistlin' Dixie,34.0988466,-118.3448746,"1523 N La Brea Ave SUITE 207, Los Angeles, CA 90028, United States",ChIJt2xl9J6_woARFjTJNQ0ORXU,/biz/whistlin-dixie-los-angeles-2?osq=Restaurants,90028,0.110006657666667,4.8,15755,52.7,2733,9.1,341,1.1,3482,11.7,0,0,5644,63,10.5,52814,1,0
Met Her At A Bar,34.0606376,-118.3448225,"759 S La Brea Ave, Los Angeles, CA 90036, United States",ChIJCR8mNeC4woARNOtGMrgsKeE,/biz/met-her-at-a-bar-los-angeles-2?osq=Restaurants,90036,0.276190981,4.5,23600,62.8,1934,5.1,75,0.2,7529,20,5,0,7655,78.4,8.6,87868,1,0
Tatsu Ramen,34.0836463,-118.3446589,"7111 Melrose Ave, Los Angeles, CA 90046, United States",ChIJSdpItSq_woARWdnhOGkp47U,/biz/tatsu-ramen-los-angeles-4?osq=Restaurants,90046,0.0955010203333333,4,35153,72.1,2825,5.8,194,0.4,3224,6.6,46,0.1,9364,69.2,8.2,77162,0,0
The Sycamore Kitchen,34.0723645,-118.3443467,"143 S La Brea Ave, Los Angeles, CA 90036, United States",ChIJo02CONi4woAR2ye_8MlbqnQ,/biz/the-sycamore-kitchen-los-angeles-2?osq=Restaurants,90036,0.117964087666667,4,23600,62.8,1934,5.1,75,0.2,7529,20,5,0,7655,78.4,8.6,87868,1,0
Anan,34.0682874,-118.3437991,"318 S La Brea Ave, Los Angeles, CA 90036, United States",ChIJGQTKw0i5woARGYKn4-ox-vM,/biz/anan-los-angeles-4?osq=Restaurants,90036,0.0739723463333333,4.2,23600,62.8,1934,5.1,75,0.2,7529,20,5,0,7655,78.4,8.6,87868,1,0
Republique,34.0640856,-118.3437963,"624 S La Brea Ave, Los Angeles, CA 90036, United States",ChIJqaA5zt-4woARHGIEp3XlsZo,/biz/republique-los-angeles-6?osq=Restaurants,90036,0.372894491,4.2,23600,62.8,1934,5.1,75,0.2,7529,20,5,0,7655,78.4,8.6,87868,1,1
Mother Tongue,34.0886994,-118.3435677,"960 N La Brea Ave 4th Floor, Los Angeles, CA 90038, United States",ChIJKcVRacG_woAR5EBGiWQBmsg,/biz/mother-tongue-los-angeles-2?osq=Restaurants,90038,0.261735230666667,4,11827,42.2,1896,6.8,396,1.4,1873,6.7,83,0.3,4118,54.6,7.1,51096,0,1
Mr. T,34.088674,-118.343118,"953 N Sycamore Ave, Los Angeles, CA 90038, United States",ChIJQZ3_fj6_woARTym0tY6Nn8Y,/biz/mr-t-los-angeles?osq=Restaurants,90038,0.200889271333333,4.7,11827,42.2,1896,6.8,396,1.4,1873,6.7,83,0.3,4118,54.6,7.1,51096,0,0
Tartine Sycamore,34.0874916,-118.3429215,"911 N Sycamore Ave, Los Angeles, CA 90038, United States",ChIJ3_dBqxy_woARX4fgjATj6yg,/biz/tartine-sycamore-west-hollywood?osq=Restaurants,90038,0.061786649,4,11827,42.2,1896,6.8,396,1.4,1873,6.7,83,0.3,4118,54.6,7.1,51096,0,0
Mizlala Sycamore,34.089028,-118.3426054,"7007 Romaine St Suite 103, Los Angeles, CA 90038, United States",ChIJs7yxb_q_woARYOjzFY6gMIg,/biz/mizlala-sycamore-los-angeles?osq=Restaurants,90038,0.0622850946666667,3.8,11827,42.2,1896,6.8,396,1.4,1873,6.7,83,0.3,4118,54.6,7.1,51096,0,1
Casablanca Moroccan kitchens,34.0835663,-118.3423714,"6919 Melrose Ave, Los Angeles, CA 90038, United States",ChIJOwwMz9S4woARMowrYr4zTOs,/biz/casablanca-moroccan-kitchens-los-angeles?osq=Restaurants,90038,0.160010422333333,4.7,11827,42.2,1896,6.8,396,1.4,1873,6.7,83,0.3,4118,54.6,7.1,51096,0,1
OUI MELROSE,34.0836755,-118.341956,"6909 Melrose Ave, Los Angeles, CA 90038, United States",ChIJdzh0xcu5woAR2laBSanG1ko,/biz/oui-melrose-los-angeles-2?osq=Restaurants,90038,0.144257023,4.6,11827,42.2,1896,6.8,396,1.4,1873,6.7,83,0.3,4118,54.6,7.1,51096,0,1
25 Degrees,34.1013583,-118.3419472,"7000 Hollywood Blvd, Los Angeles, CA 90028, United States",ChIJazD_QyG_woAROx09d4paOSA,/biz/25-degrees-los-angeles?osq=Restaurants,90028,0.0856968546666667,3.7,15755,52.7,2733,9.1,341,1.1,3482,11.7,0,0,5644,63,10.5,52814,1,1
The Barish,34.1012777,-118.3416128,"7000 Hollywood Blvd, Los Angeles, CA 90028, United States",ChIJqcxg_W-_woAR3Oab_YskpB0,/biz/the-barish-los-angeles?osq=Restaurants,90028,0.0126730763333333,4.2,15755,52.7,2733,9.1,341,1.1,3482,11.7,0,0,5644,63,10.5,52814,1,0
Genwa Korean BBQ Mid Wilshire,34.0623715,-118.3410558,"5115 Wilshire Blvd, Los Angeles, CA 90036, United States",ChIJqQ4Ix-C4woARVgFkT95yhko,/biz/genwa-korean-bbq-mid-wilshire-los-angeles?osq=Restaurants,90036,0.0879122033333333,4.4,23600,62.8,1934,5.1,75,0.2,7529,20,5,0,7655,78.4,8.6,87868,1,0
Japan House Los Angeles,34.1023935,-118.3400505,"6801 Hollywood Blvd, Los Angeles, CA 90028, United States",ChIJLbAh1CO_woARwJCuww-aX_4,/biz/japan-house-los-angeles-los-angeles-2?osq=Restaurants,90028,0.069116813,4,15755,52.7,2733,9.1,341,1.1,3482,11.7,0,0,5644,63,10.5,52814,1,0
Meteora,34.0837081,-118.3399396,"6703 Melrose Ave, Los Angeles, CA 90038, United States",ChIJ9-5CroC5woARfbFyVsudp1c,/biz/meteora-los-angeles-2?osq=Restaurants,90038,0.152719214,4,11827,42.2,1896,6.8,396,1.4,1873,6.7,83,0.3,4118,54.6,7.1,51096,0,0
Osteria Mozza,34.0833021,-118.3388403,"6602 Melrose Ave, Los Angeles, CA 90038, United States",ChIJBacpEtO4woAR8TxewBOIolo,/biz/osteria-mozza-los-angeles?osq=Restaurants,90038,0.0383005633333333,3.9,11827,42.2,1896,6.8,396,1.4,1873,6.7,83,0.3,4118,54.6,7.1,51096,0,0
Pizzeria Mozza,34.083117,-118.3388375,"641 N Highland Ave, Los Angeles, CA 90036, United States",ChIJbWvuoNO4woARx2Xy5MvJ138,/biz/pizzeria-mozza-los-angeles-4?osq=Restaurants,90036,0.0556888126666667,4,23600,62.8,1934,5.1,75,0.2,7529,20,5,0,7655,78.4,8.6,87868,1,0
Next Door,34.092327,-118.3384489,"1154 N Highland Ave, Los Angeles, CA 90038, United States",ChIJv9_z5S6_woARLiJDrcfqi_c,/biz/next-door-los-angeles?osq=Restaurants,90036,0.034755927,4.3,23600,62.8,1934,5.1,75,0.2,7529,20,5,0,7655,78.4,8.6,87868,1,0
Sumac Mediterranean Cuisine,34.09246,-118.3382046,"1156 N Highland Ave, Los Angeles, CA 90038, United States",ChIJEXmiOFG_woARx6KeQ3C6Pfg,/biz/sumac-mediterranean-cuisine-los-angeles?osq=Restaurants,90038,0.095037119,4.6,11827,42.2,1896,6.8,396,1.4,1873,6.7,83,0.3,4118,54.6,7.1,51096,0,0
Petit Trois,34.0841463,-118.3381902,"718 N Highland Ave, Los Angeles, CA 90038, United States",ChIJydzjPNO4woAR9la4IiglqbA,/biz/petit-trois-los-angeles-15?osq=Restaurants,90038,0.0779652216666667,4,11827,42.2,1896,6.8,396,1.4,1873,6.7,83,0.3,4118,54.6,7.1,51096,0,0
Fat Sal's Deli - Hollywood,34.0945304,-118.3381642,"1300 N Highland Ave, Los Angeles, CA 90028, United States",ChIJa4_vbS-_woARKmPslo3M6HY,/biz/fat-sals-deli-hollywood-los-angeles?osq=Restaurants,90028,0.128217280666667,3.9,15755,52.7,2733,9.1,341,1.1,3482,11.7,0,0,5644,63,10.5,52814,1,0
Soregashi,34.0910449,-118.3381226,"6775 Santa Monica Blvd #3, Los Angeles, CA 90038, United States",ChIJJ68MkC6_woARkWO7q2f_Syk,/biz/soregashi-los-angeles?osq=Restaurants,90038,0.017132416,4.2,11827,42.2,1896,6.8,396,1.4,1873,6.7,83,0.3,4118,54.6,7.1,51096,0,0
L'Antica Pizzeria Da Michele,34.0990608,-118.3373107,"1534 N McCadden Pl, Los Angeles, CA 90028, United States",ChIJm_JlplW_woARfUC7uDz1_OA,/biz/l-antica-pizzeria-da-michele-los-angeles-2?osq=Restaurants,90028,0.391092206333333,4.3,15755,52.7,2733,9.1,341,1.1,3482,11.7,0,0,5644,63,10.5,52814,1,0
Mr. Tempo Cantina,34.10119,-118.33675,"6714 Hollywood Blvd  Los Angeles, CA 90028  Hollywood",-,/biz/mr-tempo-cantina-los-angeles?osq=Restaurants,90028,0.089087946,4.1,15755,52.7,2733,9.1,341,1.1,3482,11.7,0,0,5644,63,10.5,52814,1,0
Hot Motha Clucker,34.1017749,-118.336055,"1708 N Las Palmas Ave, Hollywood, CA 90028, United States",ChIJd1o16e-_woARrDAojOvZTC4,/biz/hot-motha-clucker-los-angeles-2?osq=Restaurants,90028,0.097595277,4.2,15755,52.7,2733,9.1,341,1.1,3482,11.7,0,0,5644,63,10.5,52814,1,0
Musso & Frank Grill,34.1017472,-118.3353628,"6667 Hollywood Blvd, Hollywood, CA 90028, United States",ChIJaZ3OWSO_woARSF1VduqxGgY,/biz/musso-and-frank-grill-hollywood?osq=Restaurants,90028,0.123884461,4.2,15755,52.7,2733,9.1,341,1.1,3482,11.7,0,0,5644,63,10.5,52814,1,1
Rao's Hollywood,34.0891941,-118.3329565,"1006 Seward St, Los Angeles, CA 90038, United States",ChIJ37HK_jK_woARZPdrDBqCh_4,/biz/raos-hollywood-los-angeles-2?osq=Restaurants,90038,0.064021792,4.2,11827,42.2,1896,6.8,396,1.4,1873,6.7,83,0.3,4118,54.6,7.1,51096,0,1
Johnny's West Adams,34.0328063,-118.3329362,"4327 W Adams Blvd, Los Angeles, CA 90007, United States",ChIJd0pJVsu5woARnRPLsv5yy8o,/biz/johnnys-west-adams-los-angeles?osq=Restaurants,90018,0.0172621196666667,4.1,14335,27.9,14408,28,188,0.4,2765,5.4,89,0.2,2889,32.5,7.9,55275,0,1
Superba Food + Bread,34.0977501,-118.3326212,"6530 Sunset Blvd, Los Angeles, CA 90028, United States",ChIJa8iBzvq_woARBT8YLSK_h-s,/biz/superba-food-bread-los-angeles-3?osq=Restaurants,90028,0.147403836,4.4,15755,52.7,2733,9.1,341,1.1,3482,11.7,0,0,5644,63,10.5,52814,1,1
Eat This Cafe,34.0908726,-118.3323571,"6547 Santa Monica Blvd, Los Angeles, CA 90038, United States",ChIJh_PYOTK_woAR0LMGbZguTfM,/biz/eat-this-cafe-los-angeles?osq=Restaurants,90038,0.156831496,4.3,11827,42.2,1896,6.8,396,1.4,1873,6.7,83,0.3,4118,54.6,7.1,51096,0,1
Ka'teen,34.0996826,-118.3315953,"6516 Selma Ave, Los Angeles, CA 90028, United States",ChIJ5eGiqxq_woARw16RF2_1dVc,/biz/kateen-los-angeles-2?osq=Restaurants,90028,0.247243943333333,3.9,15755,52.7,2733,9.1,341,1.1,3482,11.7,0,0,5644,63,10.5,52814,1,1
Mother Wolf,34.0994241,-118.3313098,"1545 Wilcox Ave, Los Angeles, CA 90028, United States",ChIJxdFqHyq_woARDUHX8G7HMgo,/biz/mother-wolf-los-angeles?osq=Restaurants,90028,0.175879273666667,3.8,15755,52.7,2733,9.1,341,1.1,3482,11.7,0,0,5644,63,10.5,52814,1,0
Mama Shelter Rooftop Bar,34.099645,-118.3312496,"6500 Selma Ave, Los Angeles, CA 90028, United States",ChIJ9bqRUzq_woARdOD_jJ4FGNY,/biz/mama-shelter-rooftop-bar-los-angeles?osq=Restaurants,90028,0.168471748666667,3.5,15755,52.7,2733,9.1,341,1.1,3482,11.7,0,0,5644,63,10.5,52814,1,1
Mes Amis,34.0991301,-118.3311657,"1541 Wilcox Ave, Los Angeles, CA 90028, United States",ChIJPxB9-h-_woAR6cLASIXi8hc,/biz/mes-amis-los-angeles?osq=Restaurants,90028,0.161161684,4.4,15755,52.7,2733,9.1,341,1.1,3482,11.7,0,0,5644,63,10.5,52814,1,0
TAO Asian Bistro,34.0999524,-118.3303843,"6421 Selma Ave, Los Angeles, CA 90028, United States",ChIJ5ZNDtTu_woARN_oM_I9pUpo,/biz/tao-asian-bistro-los-angeles-2?osq=Restaurants,90028,0.140654135333333,4,15755,52.7,2733,9.1,341,1.1,3482,11.7,0,0,5644,63,10.5,52814,1,1
Providence,34.0839491499476,-118.330190152101,"5955 Melrose Ave, Los Angeles, CA 90038, United States",ChIJExTYg8S_woARus1uFdY6Z44,/biz/providence-los-angeles-2?osq=Restaurants,90038,0.121982642333333,4.4,11827,42.2,1896,6.8,396,1.4,1873,6.7,83,0.3,4118,54.6,7.1,51096,0,1
The Highlight Room Grill,34.0999656,-118.3301535,"6417 Selma Ave, Hollywood, CA 90028, United States",ChIJ5ZNDtTu_woARrOVfqCP4IB8,/biz/the-highlight-room-grill-los-angeles-2?osq=Restaurants,90028,0.222473668666667,3.6,15755,52.7,2733,9.1,341,1.1,3482,11.7,0,0,5644,63,10.5,52814,1,1
Hui Tou Xiang,34.1011081132612,-118.329768703075,"1643 N Cahuenga Blvd, Los Angeles, CA 90028, United States",ChIJ-11fjirbwoARwz_IqklY53Y,/biz/hui-tou-xiang-los-angeles?osq=Restaurants,90028,0.231309283333333,4.5,15755,52.7,2733,9.1,341,1.1,3482,11.7,0,0,5644,63,10.5,52814,1,1
Beauty & Essex,34.1001997,-118.3297411,"1615 Cahuenga Blvd, Los Angeles, CA 90028, United States",ChIJ_W7KzDu_woARUlfzDdk1j8U,/biz/beauty-and-essex-los-angeles?osq=Restaurants,90028,0.209627994666667,4.2,15755,52.7,2733,9.1,341,1.1,3482,11.7,0,0,5644,63,10.5,52814,1,0
Running Goose,34.1005304,-118.3294141,"1620 N Cahuenga Blvd, Los Angeles, CA 90028, United States",ChIJnUsXzTu_woARN-58bPlbMk4,/biz/running-goose-los-angeles?osq=Restaurants,90028,0.864674241666667,4.3,15755,52.7,2733,9.1,341,1.1,3482,11.7,0,0,5644,63,10.5,52814,1,1
Saint Felix,34.0999856,-118.3293909,"1602 N Cahuenga Blvd, Hollywood, CA 90028, United States",ChIJESe-MTq_woAR7uelsP5jvs0,/biz/saint-felix-los-angeles?osq=Restaurants,90028,0.100820594333333,3.8,15755,52.7,2733,9.1,341,1.1,3482,11.7,0,0,5644,63,10.5,52814,1,1
Stout Burgers & Beers,34.099504,-118.3293496,"1544 N Cahuenga Blvd, Los Angeles, CA 90028, United States",ChIJjzsXOzq_woART7fZDOjfDVI,/biz/stout-burgers-and-beers-los-angeles?osq=Restaurants,90028,0.145854578666667,3.9,15755,52.7,2733,9.1,341,1.1,3482,11.7,0,0,5644,63,10.5,52814,1,1
Grandmaster Recorders,34.0986271,-118.3291615,"1518 N Cahuenga Blvd, Los Angeles, CA 90028, United States",ChIJJUJEGTq_woARZvcUXEP1nVc,/biz/grandmaster-recorders-los-angeles?osq=Restaurants,90028,0.127332279333333,3.8,15755,52.7,2733,9.1,341,1.1,3482,11.7,0,0,5644,63,10.5,52814,1,1
Banh Oui,34.0995091,-118.3291587,"1552 N Cahuenga Blvd, Los Angeles, CA 90028, United States",ChIJJ6TuLUrHwoARGAZlofTY51I,/biz/banh-oui-los-angeles-4?osq=Restaurants,90028,0.034262871,3.8,15755,52.7,2733,9.1,341,1.1,3482,11.7,0,0,5644,63,10.5,52814,1,1
3rd Base LA,34.099598,-118.3290194,"1562 N Cahuenga Blvd, Los Angeles, CA 90028, United States",ChIJZ5bf4lu_woARB4KW3zA_6RQ,/biz/3rd-base-la-los-angeles?osq=Restaurants,90028,0.132846842,3.8,15755,52.7,2733,9.1,341,1.1,3482,11.7,0,0,5644,63,10.5,52814,1,1
Chuck's Chicken & Waffles,34.1041445,-118.3287271,"6363 Yucca St, Los Angeles, CA 90028, United States",ChIJr6oU2IC_woARSKZLxbM_JGU,/biz/chucks-chicken-and-waffles-los-angeles-3?osq=Restaurants,90046,0.0043817386666666,1,35153,72.1,2825,5.8,194,0.4,3224,6.6,46,0.1,9364,69.2,8.2,77162,0,1
The Bourbon Room,34.1012458,-118.3284912,"6356 Hollywood Blvd 2nd floor, Los Angeles, CA 90028, United States",ChIJfdR7CW-_woARmat1_BCMQYQ,/biz/the-bourbon-room-los-angeles?osq=Restaurants,90028,0.0138013486666667,3.9,15755,52.7,2733,9.1,341,1.1,3482,11.7,0,0,5644,63,10.5,52814,1,0
WILDBIRD,34.0978244,-118.3284406,"6374 Sunset Blvd Suite D, Los Angeles, CA 90028, United States",ChIJNzRaF2O_woARxKlz93s2GwY,/biz/wildbird-los-angeles?osq=Restaurants,90028,0.0042453386666666,4.7,15755,52.7,2733,9.1,341,1.1,3482,11.7,0,0,5644,63,10.5,52814,1,0
Spaccio Salumeria by Truffle Brothers,34.0401495,-118.3281968,"4073 W Washington Blvd, Los Angeles, CA 90018, United States",ChIJfTT-wLS5woAR9ENUM6nqYDw,/biz/spaccio-salumeria-by-truffle-brothers-los-angeles-2?osq=Restaurants,90018,0.0084673246666666,4.7,14335,27.9,14408,28,188,0.4,2765,5.4,89,0.2,2889,32.5,7.9,55275,0,0
El Zarape Vine,34.0960299,-118.3265083,"1358 Vine St, Los Angeles, CA 90028, United States",ChIJgRzFZpW_woARNjLy1y41wB0,/biz/el-zarape-vine-los-angeles?osq=Restaurants,90028,0.0043732756666666,4.7,15755,52.7,2733,9.1,341,1.1,3482,11.7,0,0,5644,63,10.5,52814,1,1
Gus's World Famous Fried Chicken,34.0479809,-118.3264704,"1262 Crenshaw Blvd, Los Angeles, CA 90019, United States",ChIJE8L2mvW4woAR-Cc7WipCW4A,/biz/guss-world-famous-fried-chicken-los-angeles?osq=Restaurants,90019,0.073829522,4.2,19471,31.9,10822,17.7,390,0.6,10762,17.6,216,0.4,4304,40.3,8.2,61616,0,1
Mario's Peruvian & Seafood,34.0832447,-118.3263145,"5786 Melrose Ave, Los Angeles, CA 90038, United States",ChIJ6wEv18u4woAR3UWTV7FCQ9k,/biz/marios-peruvian-and-seafood-los-angeles?osq=Restaurants,90038,0.108742491,4,11827,42.2,1896,6.8,396,1.4,1873,6.7,83,0.3,4118,54.6,7.1,51096,0,1
Wood & Vine,34.101456,-118.32619,"6280 Hollywood Blvd, Los Angeles, CA 90028, United States",ChIJ13AyBDm_woARUWjuB3ien_M,/biz/wood-and-vine-los-angeles?osq=Restaurants,90028,0.0889126363333333,3.7,15755,52.7,2733,9.1,341,1.1,3482,11.7,0,0,5644,63,10.5,52814,1,0
Hollywood Burger,34.1014556,-118.3260125,"6250 Hollywood Blvd, Los Angeles, CA 90028, United States",ChIJuyOoqzm_woARsYmUbiy2M-8,/biz/hollywood-burger-los-angeles?osq=Restaurants,90028,0.0424920476666667,4.3,15755,52.7,2733,9.1,341,1.1,3482,11.7,0,0,5644,63,10.5,52814,1,1
Off Vine Restaurant,34.0971641,-118.325996,"6263 Leland Way, Los Angeles, CA 90028, United States",ChIJMe4yCze_woARr5Nmph6kImw,/biz/off-vine-restaurant-hollywood?osq=Restaurants,90028,0.125270183,3.9,15755,52.7,2733,9.1,341,1.1,3482,11.7,0,0,5644,63,10.5,52814,1,0
The Kluckin Chicken,34.0903784,-118.3259901,"6248 Santa Monica Blvd, Los Angeles, CA 90038, United States",ChIJe4NMp_a5woAR8qVGu4VBomE,/biz/the-kluckin-chicken-los-angeles-3?osq=Restaurants,90038,0.0906761366666667,4.4,11827,42.2,1896,6.8,396,1.4,1873,6.7,83,0.3,4118,54.6,7.1,51096,0,1
For The Win,34.1055206,-118.3249492,"6221 Franklin Ave, Los Angeles, CA 90028, United States",ChIJTVjfcKW_woARp-ih-k9WSag,/biz/for-the-win-los-angeles?osq=Restaurants,90028,0.0212075496666667,4.3,15755,52.7,2733,9.1,341,1.1,3482,11.7,0,0,5644,63,10.5,52814,1,0
Osteria Mamma,34.0833397,-118.324761,"5732 Melrose Ave, Los Angeles, CA 90004, United States",ChIJgalQiMm4woARdwePHGSaKtY,/biz/osteria-mamma-los-angeles?osq=Restaurants,90038,0.172672943666667,4,11827,42.2,1896,6.8,396,1.4,1873,6.7,83,0.3,4118,54.6,7.1,51096,0,1
Totoyama Sushi & Ramen,34.1018819,-118.3245763,"6201 Hollywood Blvd Suite 118, Los Angeles, CA 90028, United States",ChIJJetq1HG_woAR0TzOtLw6fK8,/biz/totoyama-sushi-and-ramen-los-angeles-2?osq=Restaurants,90028,0.0084740386666666,3.8,15755,52.7,2733,9.1,341,1.1,3482,11.7,0,0,5644,63,10.5,52814,1,0
Papi Tacos & Churros,34.0254752,-118.3244886,"2622 W Jefferson Blvd, Los Angeles, CA 90018, United States",ChIJQQo7Qlm5woARON9Weqmtu_M,/biz/papi-tacos-and-churros-los-angeles-2?osq=Restaurants,90028,0.0772731436666667,4.1,15755,52.7,2733,9.1,341,1.1,3482,11.7,0,0,5644,63,10.5,52814,1,1
Kali Restaurant,34.0833975,-118.3244417,"5722 Melrose Ave, Los Angeles, CA 90038, United States",ChIJdfiEi8m4woAR82sc6js_AXs,/biz/kali-restaurant-los-angeles?osq=Restaurants,90038,0.128509200666667,4.3,11827,42.2,1896,6.8,396,1.4,1873,6.7,83,0.3,4118,54.6,7.1,51096,0,0
Good Goose Cafe,34.076056,-118.324166,"5210 Beverly Blvd, Los Angeles, CA 90004, United States",ChIJX3by04q5woARhzVHPKDJiCk,/biz/good-goose-cafe-los-angeles?osq=Restaurants,90004,0.158099235,4.8,17681,29.7,2448,4.1,446,0.7,15224,25.5,104,0.2,5708,46.1,7.4,54947,0,0
Le Pain Quotidien,34.0734622,-118.3239569,"113 N Larchmont Blvd, Los Angeles, CA 90004, United States",ChIJbdvmssC4woARf3u3oMM5jgQ,/biz/le-pain-quotidien-los-angeles-26?osq=Restaurants,90004,0.065118001,3.9,17681,29.7,2448,4.1,446,0.7,15224,25.5,104,0.2,5708,46.1,7.4,54947,0,1
Clark Street Diner,34.1054154,-118.3238529,"6145 Franklin Ave, Los Angeles, CA 90068, United States",ChIJeT73Y6W_woARWD66LORGh6k,/biz/clark-street-diner-los-angeles?osq=Restaurants,90028,0.0693269443333333,4,15755,52.7,2733,9.1,341,1.1,3482,11.7,0,0,5644,63,10.5,52814,1,0
Vernetti,34.0753835,-118.3238365,"225 N Larchmont Blvd, Los Angeles, CA 90004, United States",ChIJhbFBbse4woAREv4mJ_ipBII,/biz/vernetti-los-angeles?osq=Restaurants,90004,0.138442487,3.8,17681,29.7,2448,4.1,446,0.7,15224,25.5,104,0.2,5708,46.1,7.4,54947,0,0
Muraya,34.0738233,-118.3238124,"125 N Larchmont Blvd, Los Angeles, CA 90004, United States",ChIJO0FeSce4woARzNRKY2rwMvM,/biz/muraya-los-angeles?osq=Restaurants,90004,0.0669677996666667,4,17681,29.7,2448,4.1,446,0.7,15224,25.5,104,0.2,5708,46.1,7.4,54947,0,1
Magari,34.100398163396,-118.32369804956,"6115 Sunset Blvd Suite 100, Los Angeles, CA 90028, United States",ChIJi4GdWlyTwoARH7KOFhULebs,/biz/magari-los-angeles-2?osq=Restaurants,90028,0.129122477,4.1,15755,52.7,2733,9.1,341,1.1,3482,11.7,0,0,5644,63,10.5,52814,1,1
Great White,34.0758859,-118.3234756,"244 N Larchmont Blvd, Los Angeles, CA 90004, United States",ChIJ_Vof54W5woAReyLh-5XMF90,/biz/great-white-los-angeles-2?osq=Restaurants,90004,0.310813285666667,4,17681,29.7,2448,4.1,446,0.7,15224,25.5,104,0.2,5708,46.1,7.4,54947,0,1
Gunsmoke,34.0996336,-118.3234262,"1550 N El Centro Ave, Los Angeles, CA 90028, United States",ChIJH3VDOq6_woARQBrFnmmIp50,/biz/gunsmoke-los-angeles?osq=Restaurants,90028,0.190072048,4.4,15755,52.7,2733,9.1,341,1.1,3482,11.7,0,0,5644,63,10.5,52814,1,0
Sisters Dumpling,34.0537072,-118.3231592,"1032 Crenshaw Blvd UNIT B, Los Angeles, CA 90019, United States",ChIJmdrJU_O4woARsPKyY-UnQ8g,/biz/sisters-dumpling-los-angeles-2?osq=Restaurants,90019,0.0771105156666667,4.5,19471,31.9,10822,17.7,390,0.6,10762,17.6,216,0.4,4304,40.3,8.2,61616,0,0
The Kickin' Crab,34.0973741,-118.3231389,"6122 Sunset Blvd, Los Angeles, CA 90028, United States",ChIJTb_ysDu_woAR4AXnFbCsZgo,/biz/the-kickin-crab-los-angeles-2?osq=Restaurants,90028,0.01694585,4.6,15755,52.7,2733,9.1,341,1.1,3482,11.7,0,0,5644,63,10.5,52814,1,1
La Cevicheria,34.0475978,-118.3228241,"3809 W Pico Blvd, Los Angeles, CA 90019, United States",ChIJi69a_V-4woAR1rAANbCBWDk,/biz/la-cevicheria-los-angeles?osq=Restaurants,90019,0.104240015333333,4.3,19471,31.9,10822,17.7,390,0.6,10762,17.6,216,0.4,4304,40.3,8.2,61616,0,1
Roscoe's House of Chicken & Waffles - Hollywood,34.0985708,-118.3221951,"1514 N Gower St, Los Angeles, CA 90028, United States",ChIJPVN0GUi_woAR9fU08F9m0Ec,/biz/roscoes-house-of-chicken-and-waffles-hollywood-los-angeles?osq=Restaurants,90028,0.0042157323333333,4,15755,52.7,2733,9.1,341,1.1,3482,11.7,0,0,5644,63,10.5,52814,1,1
DrunkenChicken,34.0984798,-118.3220565,"6095 Sunset Blvd, Hollywood, CA 90028, United States",ChIJPYHXroq_woARABMWJdCCN6I,/biz/drunkenchicken-los-angeles?osq=Restaurants,90028,0.0638794976666667,4.6,15755,52.7,2733,9.1,341,1.1,3482,11.7,0,0,5644,63,10.5,52814,1,0
Beachwood Cafe,34.1199814,-118.32127,"2695 N Beachwood Dr, Los Angeles, CA 90068, United States",ChIJQfrAYG2_woAR_cxTsMpXoAM,/biz/beachwood-cafe-los-angeles?osq=Restaurants,90068,0.086346072,4,16345,77.4,1219,5.8,39,0.2,1479,7,8,0,2547,60.3,8,90733,0,0
Mocha City,34.0622434,-118.3208622,"4221 Wilshire Blvd #190, Los Angeles, CA 90010, United States",ChIJkXqnVJK4woARGyRbodJzRWI,/biz/mocha-city-los-angeles?osq=Restaurants,90010,0.0298163206666667,4.5,1046,24.3,239,5.5,36,0.8,2672,62,65,1.5,891,64.1,3.1,76547,0,0
The Sisters Cafe,34.097782,-118.3184556,"5910 Sunset Blvd Unit A, Los Angeles, CA 90028, United States",ChIJ56tx6SG_woARoKAjmOFLDmc,/biz/the-sisters-cafe-los-angeles-2?osq=Restaurants,90028,0.134854235333333,4.7,15755,52.7,2733,9.1,341,1.1,3482,11.7,0,0,5644,63,10.5,52814,1,1
Hoy-Ka Thai Restaurant,34.0977697,-118.3183665,"5908 Sunset Blvd, Los Angeles, CA 90028, United States",ChIJ92lOKka_woAR4rx2fnKC2Tw,/biz/hoy-ka-thai-restaurant-los-angeles?osq=Restaurants,90028,0.145223376666667,4.3,15755,52.7,2733,9.1,341,1.1,3482,11.7,0,0,5644,63,10.5,52814,1,1
ixlb DimSum Eats,34.0978983,-118.318129,"5900 Sunset Blvd, Los Angeles, CA 90028, United States",ChIJX9eyIUm_woART2-8how99Pg,/biz/ixlb-dimsum-eats-los-angeles-2?osq=Restaurants,90028,0.134425667666667,4.4,15755,52.7,2733,9.1,341,1.1,3482,11.7,0,0,5644,63,10.5,52814,1,0
Pasta Sisters,34.0475368,-118.3171697,"3343 W Pico Blvd, Los Angeles, CA 90019, United States",ChIJA-ZYDSu5woARRnUA678ZKvI,/biz/pasta-sisters-los-angeles?osq=Restaurants,90019,0.159675071666667,4.4,19471,31.9,10822,17.7,390,0.6,10762,17.6,216,0.4,4304,40.3,8.2,61616,0,0
Osteria La Buca,34.0833443,-118.3139444,"5210 Melrose Ave, Los Angeles, CA 90038, United States",ChIJxYti_7C4woARDmORdKEvD38,/biz/osteria-la-buca-los-angeles-2?osq=Restaurants,90038,0.181318754666667,4.1,11827,42.2,1896,6.8,396,1.4,1873,6.7,83,0.3,4118,54.6,7.1,51096,0,0
HanShik Express,34.0621008,-118.3135865,"3959 Wilshire Blvd Suite A5, Los Angeles, CA 90010, United States",ChIJT4GUH_i5woAR0Ru8I5LRATo,/biz/hanshik-express-los-angeles?osq=Restaurants,90010,0.141466386,4.5,1046,24.3,239,5.5,36,0.8,2672,62,65,1.5,891,64.1,3.1,76547,0,0
Assa Dakbal,34.0616078482073,-118.313010102401,"3950 Wilshire Blvd  Los Angeles, CA 90010  Koreatown, Wilshire Center",-,/biz/assa-dakbal-los-angeles-2?osq=Restaurants,90010,0.0436882646666667,4.3,1046,24.3,239,5.5,36,0.8,2672,62,65,1.5,891,64.1,3.1,76547,0,0
The Edmon,34.0833966,-118.312813,"5168 Melrose Ave, Los Angeles, CA 90038, United States",ChIJhVUQTrC4woARkW9zZcRmSX0,/biz/the-edmon-los-angeles?osq=Restaurants,90038,0.182391197333333,4.3,11827,42.2,1896,6.8,396,1.4,1873,6.7,83,0.3,4118,54.6,7.1,51096,0,0
HONG YEON LLC,34.0529873,-118.312542,"3411 W Olympic Blvd, Los Angeles, CA 90019, United States",ChIJEetqZ4i4woARXbHwvZIMKXY,/biz/hong-yeon-llc-los-angeles?osq=Restaurants,90019,0.0445804563333333,4.8,19471,31.9,10822,17.7,390,0.6,10762,17.6,216,0.4,4304,40.3,8.2,61616,0,1
DaeBuDo,34.06144,-118.311834,"3916 Wilshire Blvd, Los Angeles, CA 90010, United States",ChIJGSFPA5C4woARanciY3aWmUA,/biz/daebudo-los-angeles-2?osq=Restaurants,90010,0.0474224216666667,4.3,1046,24.3,239,5.5,36,0.8,2672,62,65,1.5,891,64.1,3.1,76547,0,0
Antico Nuovo,34.0765597,-118.3109803,"4653 Beverly Blvd, Los Angeles, CA 90004, United States",ChIJB0hqPkC5woARQq-rCwWDiSY,/biz/antico-nuovo-los-angeles?osq=Restaurants,90004,0.0042419716666666,4.1,17681,29.7,2448,4.1,446,0.7,15224,25.5,104,0.2,5708,46.1,7.4,54947,0,1
Star Night,34.0619887,-118.3108337,"3855 Wilshire Blvd, Los Angeles, CA 90010, United States",ChIJ5_fEjVG5woAR4k-gZ1WUv98,/biz/star-night-los-angeles?osq=Restaurants,90010,0.0517620616666667,4.2,1046,24.3,239,5.5,36,0.8,2672,62,65,1.5,891,64.1,3.1,76547,0,0
Chris N' Eddy's,34.0983925,-118.3107247,"5539 Sunset Blvd, Los Angeles, CA 90028, United States",ChIJsxGhIZO_woARky4XurTJZYs,/biz/chris-n-eddy-s-los-angeles?osq=Restaurants,90028,0.111252434333333,4.5,15755,52.7,2733,9.1,341,1.1,3482,11.7,0,0,5644,63,10.5,52814,1,0
Pelicana Chicken,34.0630624,-118.3097898,"621 S Western Ave #116, Los Angeles, CA 90005, United States",ChIJcdYQy9K5woARuZXotiWB5OM,/biz/pelicana-chicken-los-angeles?osq=Restaurants,90005,0.191505311,3,7616,20.6,2180,5.9,325,0.9,12212,33.1,18,0,3900,48.6,4.5,44913,0,0
Ggiata Delicatessen,34.0837,-118.3097055,"5009 Melrose Ave, Los Angeles, CA 90038, United States",ChIJt01BZgLHwoARxhNWOiLa_CU,/biz/ggiata-delicatessen-los-angeles-3?osq=Restaurants,90038,0.0499565973333333,3.9,11827,42.2,1896,6.8,396,1.4,1873,6.7,83,0.3,4118,54.6,7.1,51096,0,1
Saikai Ramen Bar,34.0750294,-118.3096289,"209 N Western Ave # B, Los Angeles, CA 90004, United States",ChIJJcuohRe5woARncJ2ZxVqo7U,/biz/saikai-ramen-bar-los-angeles?osq=Restaurants,90004,0.138356380666667,4.8,17681,29.7,2448,4.1,446,0.7,15224,25.5,104,0.2,5708,46.1,7.4,54947,0,1
Pixiu Mala Hongtang,34.0663443,-118.3096243,"425 S Western Ave STE # E, Los Angeles, CA 90020, United States",ChIJqdRtuDO5woARg51nTNhJRSI,/biz/pixiu-mala-hongtang-los-angeles?osq=Restaurants,90020,0.268102423333333,4.6,7633,20,2624,6.9,496,1.3,16918,44.4,73,0.2,4695,56.2,7.5,51013,0,1
Han Bat Sul Lung Tang,34.0654526,-118.3096161,"4163 W 5th St, Los Angeles, CA 90020, United States",ChIJo6-1QZq4woARerPD3BB1DXU,/biz/han-bat-sul-lung-tang-los-angeles-2?osq=Restaurants,90020,0.171758618,4.4,7633,20,2624,6.9,496,1.3,16918,44.4,73,0.2,4695,56.2,7.5,51013,0,0
Jeonju Hyundaiok,34.0747605,-118.3095963,"201 N Western Ave, Los Angeles, CA 90004, United States",ChIJezzv_w3HwoAReKdseVlGlDQ,/biz/jeonju-hyundaiok-los-angeles-4?osq=Restaurants,90004,0.0608847056666667,4.5,17681,29.7,2448,4.1,446,0.7,15224,25.5,104,0.2,5708,46.1,7.4,54947,0,1
Jeong Yuk Jeom,34.0629721,-118.3095601,"621 S Western Ave #100, Los Angeles, CA 90005, United States",ChIJCVZYpIy5woARnN-7t9XK0FA,/biz/jeong-yuk-jeom-los-angeles-2?osq=Restaurants,90005,0.0728482453333333,3.8,7616,20.6,2180,5.9,325,0.9,12212,33.1,18,0,3900,48.6,4.5,44913,0,0
Pho gogo,34.0557349,-118.309514,"901 S Western Ave, Los Angeles, CA 90006, United States",ChIJFRyYeHq5woARw4sJH70Ktyk,/biz/pho-gogo-los-angeles-2?osq=Restaurants,90006,0.046674945,4.3,16801,29.4,1897,3.3,624,1.1,10531,18.4,119,0.2,3345,30.2,6.2,41068,0,0
HanEuem,34.0641793,-118.3094913,"539 S Western Ave, Los Angeles, CA 90020, United States",ChIJH6UtMM-5woARoJm_a__qs98,/biz/haneuem-los-angeles-3?osq=Restaurants,90020,0.329184067666667,4.6,7633,20,2624,6.9,496,1.3,16918,44.4,73,0.2,4695,56.2,7.5,51013,0,1
Kuya Lord,34.0836965,-118.3094905,"5003 Melrose Ave, Los Angeles, CA 90038, United States",ChIJx-fAMlC5woAR4sMclHgF3NA,/biz/kuya-lord-los-angeles?osq=Restaurants,90038,0.0575376106666667,4,11827,42.2,1896,6.8,396,1.4,1873,6.7,83,0.3,4118,54.6,7.1,51096,0,1
Hae Ha Heng Thai Bistro,34.0684394,-118.3094622,"301 S Western Ave #209, Los Angeles, CA 90020, United States",ChIJH8YyuJm4woARF_paoYPFUCs,/biz/hae-ha-heng-thai-bistro-los-angeles-6?osq=Restaurants,90020,0.119845243,4.3,7633,20,2624,6.9,496,1.3,16918,44.4,73,0.2,4695,56.2,7.5,51013,0,1
Wow Choripan,34.0779628,-118.309356,"375 N Western Ave, Los Angeles, CA 90004, United States",ChIJ26joLdS5woARiUilORoXO40,/biz/wow-choripan-los-angeles?osq=Restaurants,90004,0.0776097593333333,4.6,17681,29.7,2448,4.1,446,0.7,15224,25.5,104,0.2,5708,46.1,7.4,54947,0,1
Annie's Soul Delicious,34.0822659,-118.309317,"615 N Western Ave, Los Angeles, CA 90004, United States",ChIJxYp0lsC5woARPz0dfWyAmZI,/biz/annies-soul-delicious-los-angeles?osq=Restaurants,90004,0.0573458973333333,4.3,17681,29.7,2448,4.1,446,0.7,15224,25.5,104,0.2,5708,46.1,7.4,54947,0,1
Hello Fish,34.066667,-118.3088658,"414 S Western Ave B, Los Angeles, CA 90020, United States",ChIJadzwBy65woARRid7N_0JkWU,/biz/hello-fish-los-angeles-3?osq=Restaurants,90020,0.141552893333333,4.3,7633,20,2624,6.9,496,1.3,16918,44.4,73,0.2,4695,56.2,7.5,51013,0,0
Two Hands Hotdog,34.0655066,-118.3087826,"450 S Western Ave Ste #313, Los Angeles, CA 90020, United States",ChIJla7cYbm5woARr64yVSzaUb0,/biz/two-hands-hotdog-los-angeles?osq=Restaurants,90020,0.0562568306666667,4.4,7633,20,2624,6.9,496,1.3,16918,44.4,73,0.2,4695,56.2,7.5,51013,0,0
The Kimbap,34.067006,-118.3087536,"400 S Western Ave #102, Los Angeles, CA 90020, United States",ChIJvyCCkpm4woARmx1x3Dn8FbA,/biz/the-kimbap-los-angeles?osq=Restaurants,90020,0.108280210333333,4.4,7633,20,2624,6.9,496,1.3,16918,44.4,73,0.2,4695,56.2,7.5,51013,0,1
Gangnam Station Korean BBQ,34.0620160948995,-118.308622574241,"3785 Wilshire Blvd, Los Angeles, CA 90010, United States",ChIJEzxn_6gr3YARur8SMQwPAyw,/biz/gangnam-station-korean-bbq-los-angeles?osq=Restaurants,90010,0.140195393333333,4.3,1046,24.3,239,5.5,36,0.8,2672,62,65,1.5,891,64.1,3.1,76547,0,0
Sinjeon,34.0657222,-118.3083861,"450 S Western Ave Suit 314, Los Angeles, CA 90020, United States",ChIJnyaZS_m5woAR4nUIE_KtN1k,/biz/sinjeon-los-angeles?osq=Restaurants,90020,0.077208843,3.8,7633,20,2624,6.9,496,1.3,16918,44.4,73,0.2,4695,56.2,7.5,51013,0,0
Here's Looking At You,34.063633,-118.3080805,"3901 W 6th St, Los Angeles, CA 90020, United States",ChIJr5ZwHpu4woARojlBj8F4c9I,/biz/heres-looking-at-you-los-angeles?osq=Restaurants,90020,0.059167711,3.9,7633,20,2624,6.9,496,1.3,16918,44.4,73,0.2,4695,56.2,7.5,51013,0,0
Tlayuda L.A. Restaurant,34.09062,-118.30803,"5450 Santa Monica Blvd  Los Angeles, CA 90029  East Hollywood",-,/biz/tlayuda-l-a-restaurant-los-angeles-6?osq=Restaurants,90029,0.122865345666667,4.6,11945,34.1,1372,3.9,285,0.8,5524,15.8,40,0.1,3786,43.6,10.1,50822,0,1
Cafe the Barn,34.0703027,-118.3076132,"228 S Oxford Ave, Los Angeles, CA 90004, United States",ChIJhVLfL1i5woARVPessRXPgIE,/biz/cafe-the-barn-los-angeles?osq=Restaurants,90004,0.044347117,4.1,17681,29.7,2448,4.1,446,0.7,15224,25.5,104,0.2,5708,46.1,7.4,54947,0,0
The Barn Cafe & Restaurant,34.0703027,-118.3076132,"228 S Oxford Ave, Los Angeles, CA 90004, United States",ChIJhVLfL1i5woARVPessRXPgIE,/biz/the-barn-cafe-and-restaurant-los-angeles?osq=Restaurants,90004,0.0614671153333333,4.3,17681,29.7,2448,4.1,446,0.7,15224,25.5,104,0.2,5708,46.1,7.4,54947,0,1
Honey Night,34.0574994,-118.3075592,"3526 W 8th St, Los Angeles, CA 90005, United States",ChIJ96XzMi65woARBjG2ySzkJjM,/biz/honey-night-los-angeles?osq=Restaurants,90005,0.141012210666667,4.8,7616,20.6,2180,5.9,325,0.9,12212,33.1,18,0,3900,48.6,4.5,44913,0,0
Rich Crab,34.0693375,-118.3072299,"4253 W 3rd St, Los Angeles, CA 90020, United States",ChIJD8eHMMm5woARwUyHUJlMbEQ,/biz/rich-crab-los-angeles-2?osq=Restaurants,90020,0.142682236,4.4,7633,20,2624,6.9,496,1.3,16918,44.4,73,0.2,4695,56.2,7.5,51013,0,0
Zzamong,34.0692979,-118.3072249,"4255 W 3rd St, Los Angeles, CA 90020, United States",ChIJYXSKE5m4woARXRHhC1kUb-8,/biz/zzamong-los-angeles?osq=Restaurants,90004,0.129302458333333,4.2,17681,29.7,2448,4.1,446,0.7,15224,25.5,104,0.2,5708,46.1,7.4,54947,0,0
Slurpin' Ramen Bar - Los Angeles,34.0575535,-118.3069086,"3500 W 8th St, Los Angeles, CA 90005, United States",ChIJI20a4Ve5woARGGWKUmcbYuQ,/biz/slurpin-ramen-bar-los-angeles-los-angeles?osq=Restaurants,90005,0.157055718333333,4.4,7616,20.6,2180,5.9,325,0.9,12212,33.1,18,0,3900,48.6,4.5,44913,0,0
Concerto,34.063071,-118.306414,"610 S Serrano Ave, Los Angeles, CA 90005, United States",ChIJZ9vwTpu4woARXb23iIdA5Lg,/biz/caffe-concerto-los-angeles-6?osq=Restaurants,90005,0.0553837936666667,3.9,7616,20.6,2180,5.9,325,0.9,12212,33.1,18,0,3900,48.6,4.5,44913,0,1
Haemaru,34.0575604,-118.306386,"3498 W 8th St, Los Angeles, CA 90005, United States",ChIJCRLWouW5woARJjKPmPoDCC4,/biz/haemaru-los-angeles-7?osq=Restaurants,90005,0.0642974493333333,3.9,7616,20.6,2180,5.9,325,0.9,12212,33.1,18,0,3900,48.6,4.5,44913,0,0
Hae Jang Chon,34.0638148,-118.3061243,"3821 W 6th St, Los Angeles, CA 90020, United States",ChIJqc1-Q5u4woARAzOO1E824cY,/biz/hae-jang-chon-los-angeles-2?osq=Restaurants,90020,0.0128225353333333,4.1,7633,20,2624,6.9,496,1.3,16918,44.4,73,0.2,4695,56.2,7.5,51013,0,0
The Carving Board,34.0615428,-118.3058425,"687 S Hobart Blvd Suite D, Los Angeles, CA 90005, United States",ChIJSRv06FG5woAR32GQGJ1jemY,/biz/the-carving-board-los-angeles?osq=Restaurants,90046,0.0973097033333333,4.3,35153,72.1,2825,5.8,194,0.4,3224,6.6,46,0.1,9364,69.2,8.2,77162,0,0
Ruen Pair,34.1019879,-118.305502,"5257 Hollywood Blvd, Los Angeles, CA 90027, United States",ChIJB_8Iy1C_woARO-B5t-OFmpM,/biz/ruen-pair-los-angeles?osq=Restaurants,90027,0.09952209,4,29049,65,1223,2.7,88,0.2,5515,12.3,54,0.1,7854,70,8,78356,0,0
El Zarape,34.0836857,-118.3054708,"3729 4809 Melrose Ave, Los Angeles, CA 90029, United States",ChIJcwVZUq-4woARJdBYHxiC6FY,/biz/el-zarape-los-angeles-2?osq=Restaurants,90029,0.0773431983333333,4.2,11945,34.1,1372,3.9,285,0.8,5524,15.8,40,0.1,3786,43.6,10.1,50822,0,0
Marlou Koreatown,34.06138,-118.3043901,"3630 Wilshire Blvd #2f, Los Angeles, CA 90010, United States",ChIJPexIqh65woAR3yO86nE8VPg,/biz/marlou-koreatown-los-angeles?osq=Restaurants,90010,0.116341187333333,5,1046,24.3,239,5.5,36,0.8,2672,62,65,1.5,891,64.1,3.1,76547,0,0
MDK Noodles,34.0614458,-118.3043805,"3630 Wilshire Blvd, Los Angeles, CA 90010, United States",ChIJtWVtaIO4woARvKdvpZsII3g,/biz/mdk-noodles-los-angeles?osq=Restaurants,90010,0.110330437666667,4,1046,24.3,239,5.5,36,0.8,2672,62,65,1.5,891,64.1,3.1,76547,0,1
Ahgassi Gopchang,34.0633316,-118.303944,"3744 W 6th St, Los Angeles, CA 90005, United States",ChIJTcRmtpy4woARKJQw5y0HKoI,/biz/ahgassi-gopchang-los-angeles-6?osq=Restaurants,90005,0.086772502,4.3,7616,20.6,2180,5.9,325,0.9,12212,33.1,18,0,3900,48.6,4.5,44913,0,0
King Chang - LA,34.0633643,-118.3037659,"3732 W 6th St, Los Angeles, CA 90020, United States",ChIJLcJV77S5woARwyTzSepUDjc,/biz/king-chang-la-los-angeles?osq=Restaurants,90020,0.334538908333333,4.9,7633,20,2624,6.9,496,1.3,16918,44.4,73,0.2,4695,56.2,7.5,51013,0,0
Seoul Salon Restaurant & Bar,34.0615339,-118.3037334,"3600 Wilshire Blvd Ste 100B, Los Angeles, CA 90010, United States",ChIJD7kUmpu5woAR2WxDWfgMT9A,/biz/seoul-salon-restaurant-and-bar-los-angeles?osq=Restaurants,90005,0.181924309,4.4,7616,20.6,2180,5.9,325,0.9,12212,33.1,18,0,3900,48.6,4.5,44913,0,0
ShaBuShi,34.0985503,-118.3030105,"5185 Sunset Blvd, Los Angeles, CA 90027, United States",ChIJMQREN1S_woARMHDPKSmHwfY,/biz/shabushi-los-angeles?osq=Restaurants,90027,0.00858874,3.8,29049,65,1223,2.7,88,0.2,5515,12.3,54,0.1,7854,70,8,78356,0,0
Sanamluang Cafe Hollywood,34.1014318,-118.3029647,"5176 Hollywood Blvd, Los Angeles, CA 90027, United States",ChIJk8id4la_woARV9zHafrsxbA,/biz/sanamluang-cafe-hollywood-los-angeles?osq=Restaurants,90027,0.121593749666667,3.8,29049,65,1223,2.7,88,0.2,5515,12.3,54,0.1,7854,70,8,78356,0,0
Lolo,34.0979222,-118.3020145,"5140 Sunset Blvd, Los Angeles, CA 90027, United States",ChIJk0aWgYC_woAR-ZMeTxnBc8Q,/biz/lolo-los-angeles-3?osq=Restaurants,90027,0.13952916,4.2,29049,65,1223,2.7,88,0.2,5515,12.3,54,0.1,7854,70,8,78356,0,1
Openaire,34.0620896,-118.3011787,"3515 Wilshire Blvd, Los Angeles, CA 90010, United States",ChIJD_h5Qti5woARUeDmRcmkWA4,/biz/openaire-los-angeles?osq=Restaurants,90010,0.156749836333333,3.7,1046,24.3,239,5.5,36,0.8,2672,62,65,1.5,891,64.1,3.1,76547,0,0
Yup Dduk LA,34.063967,-118.300666,"3603 W 6th St, Los Angeles, CA 90020, United States",ChIJSzImS524woARyPHri-JA_do,/biz/yup-dduk-la-los-angeles?osq=Restaurants,90020,0.159837668666667,4.5,7633,20,2624,6.9,496,1.3,16918,44.4,73,0.2,4695,56.2,7.5,51013,0,0
Egg Tuck,34.0613285,-118.2999717,"3458 wilshire blvd Unit #1/2, Los Angeles, CA 90010, United States",ChIJi98RaJG5woARY7a-NGxIvPE,/biz/egg-tuck-los-angeles?osq=Restaurants,90010,0.144776880666667,4.3,1046,24.3,239,5.5,36,0.8,2672,62,65,1.5,891,64.1,3.1,76547,0,0
EGG TUCK,34.0613285,-118.2999717,"3458 wilshire blvd Unit #1/2, Los Angeles, CA 90010, United States",ChIJi98RaJG5woARY7a-NGxIvPE,/biz/egg-tuck-west-hollywood?osq=Restaurants,90046,0.043837446,4.5,35153,72.1,2825,5.8,194,0.4,3224,6.6,46,0.1,9364,69.2,8.2,77162,0,1
Angry Chickz,34.1019398,-118.2998417,"5065 Hollywood Blvd, Los Angeles, CA 90027, United States",ChIJDyG-RRG_woARaC-fu4OCWRs,/biz/angry-chickz-los-angeles-2?osq=Restaurants,90027,0.00422543,4.7,29049,65,1223,2.7,88,0.2,5515,12.3,54,0.1,7854,70,8,78356,0,0
Papa Cristo's,34.0473704,-118.2996502,"2771 W Pico Blvd, Los Angeles, CA 90006, United States",ChIJX6khnHi4woARTyC7yCvfcjo,/biz/papa-cristos-los-angeles-2?osq=Restaurants,90006,0.0561741776666667,4,16801,29.4,1897,3.3,624,1.1,10531,18.4,119,0.2,3345,30.2,6.2,41068,0,1
LAON,34.0614606194126,-118.299472760748,"3446 Wilshire Blvd, Los Angeles, CA 90010, United States",ChIJoRHYeGtL6EcRoOVpgT7xCgQ,/biz/laon-los-angeles-3?osq=Restaurants,90010,0.174366515,4.8,1046,24.3,239,5.5,36,0.8,2672,62,65,1.5,891,64.1,3.1,76547,0,0
EMC Seafood & Raw Bar,34.0634881166476,-118.299014331912,"3500 W 6th St STE 101, Los Angeles, CA 90020, United States",ChIJLS8WqyGcwoARdTSn0JLYZu0,/biz/emc-seafood-and-raw-bar-los-angeles?osq=Restaurants,90020,0.048431764,4.1,7633,20,2624,6.9,496,1.3,16918,44.4,73,0.2,4695,56.2,7.5,51013,0,0
Khawaiian,34.0615081,-118.298932,"3438 Wilshire Blvd, Los Angeles, CA 90010, United States",ChIJScYzanDHwoAROQh-1D3Jejc,/biz/khawaiian-los-angeles?osq=Restaurants,90010,0.0767349223333333,5,1046,24.3,239,5.5,36,0.8,2672,62,65,1.5,891,64.1,3.1,76547,0,0
One More Kitchen,34.0688282,-118.2988315,"300 S Mariposa Ave, Los Angeles, CA 90020, United States",ChIJI44mCBbHwoARlJnOdu_J40Y,/biz/one-more-kitchen-los-angeles?osq=Restaurants,90020,0.127495118,4.3,7633,20,2624,6.9,496,1.3,16918,44.4,73,0.2,4695,56.2,7.5,51013,0,0
Double Trouble Union,34.0637026,-118.2983959,"3513 W 6th St, Los Angeles, CA 90020, United States",ChIJLyhWruLHwoARVZ-XR6gGISM,/biz/double-trouble-union-los-angeles-4?osq=Restaurants,90020,0.136709471666667,4.8,7633,20,2624,6.9,496,1.3,16918,44.4,73,0.2,4695,56.2,7.5,51013,0,0
Hanshin Pocha LA,34.0634123,-118.2981865,"3500 W 6th St Ste 311, Los Angeles, CA 90020, United States",ChIJy1Ay_8vHwoAR4RTYy-55FSM,/biz/hanshin-pocha-la-los-angeles?osq=Restaurants,90020,0.021420148,4,7633,20,2624,6.9,496,1.3,16918,44.4,73,0.2,4695,56.2,7.5,51013,0,0
H Cafe,34.0575731,-118.2977942,"3200 W 8th St, Los Angeles, CA 90005, United States",ChIJ6dxGa-XHwoARA2YS0yaI0z8,/biz/h-cafe-los-angeles?osq=Restaurants,90005,0.0664863066666667,4.3,7616,20.6,2180,5.9,325,0.9,12212,33.1,18,0,3900,48.6,4.5,44913,0,0
Hangari Kalguksu,34.0628876,-118.2975914,"3470 W 6th St Suite 9 and 10, Los Angeles, CA 90020, United States",ChIJx5nRNIK4woARACjYThjJXB0,/biz/hangari-kalguksu-los-angeles-4?osq=Restaurants,90020,0.469580235,4.3,7633,20,2624,6.9,496,1.3,16918,44.4,73,0.2,4695,56.2,7.5,51013,0,0
Sun Nong Dan,34.0629998,-118.2975584,"3470 W 6th St #7, Los Angeles, CA 90020, United States",ChIJfw-6EH3HwoARVNXjUUqYE7g,/biz/sun-nong-dan-los-angeles-4?osq=Restaurants,90020,0.205588827333333,4.2,7633,20,2624,6.9,496,1.3,16918,44.4,73,0.2,4695,56.2,7.5,51013,0,0
Sun Nong Dan,34.0629998,-118.2975584,"3470 W 6th St #7, Los Angeles, CA 90020, United States",ChIJfw-6EH3HwoARVNXjUUqYE7g,/biz/sun-nong-dan-los-angeles-5?osq=Restaurants,90005,0.100178843333333,4.1,7616,20.6,2180,5.9,325,0.9,12212,33.1,18,0,3900,48.6,4.5,44913,0,0
Chadolpoong,34.0632259,-118.2975323,"3470 W 6th St #3, Los Angeles, CA 90020, United States",ChIJTbV_iJvHwoAR8x30qppDWTM,/biz/chadolpoong-los-angeles-2?osq=Restaurants,90020,0.168650047333333,4.5,7633,20,2624,6.9,496,1.3,16918,44.4,73,0.2,4695,56.2,7.5,51013,0,0
Seoul Night by Chef Kang,34.0622771,-118.2975168,"3377 Wilshire Blvd, Los Angeles, CA 90010, United States",ChIJCSFMQhPHwoARrvRRDiaJeDM,/biz/seoul-night-by-chef-kang-los-angeles?osq=Restaurants,90010,0.180414204333333,4.6,1046,24.3,239,5.5,36,0.8,2672,62,65,1.5,891,64.1,3.1,76547,0,0
Chang Hwa Dang,34.0621274,-118.2974929,"3377 Wilshire Blvd #104, Los Angeles, CA 90010, United States",ChIJmzWEybrHwoARZgEDTU48iz0,/biz/chang-hwa-dang-los-angeles-2?osq=Restaurants,90010,0.156452612333333,4.6,1046,24.3,239,5.5,36,0.8,2672,62,65,1.5,891,64.1,3.1,76547,0,0
Louders,34.0631287,-118.2974712,"3470 W 6th St Ste 2a, Los Angeles, CA 90020, United States",ChIJhTcRmQnHwoAR3pS07npAQfY,/biz/louders-los-angeles?osq=Restaurants,90020,0.200534970666667,4.6,7633,20,2624,6.9,496,1.3,16918,44.4,73,0.2,4695,56.2,7.5,51013,0,0
Kang Ho-dong Baekjeong,34.0637541,-118.2972762,"3465 W 6th St #20, Los Angeles, CA 90020, United States",ChIJoz3QPH3HwoARAeRQDNuyoiw,/biz/kang-ho-dong-baekjeong-los-angeles-4?osq=Restaurants,90020,0.141714918666667,4.3,7633,20,2624,6.9,496,1.3,16918,44.4,73,0.2,4695,56.2,7.5,51013,0,0
KazuNori Koreatown,34.0637265,-118.2971577,"3465 W 6th St #50, Los Angeles, CA 90020, United States",ChIJY3b5oDLHwoAR3BxEBfktLyI,/biz/kazunori-koreatown-los-angeles-2?osq=Restaurants,90020,0.133286327666667,4.5,7633,20,2624,6.9,496,1.3,16918,44.4,73,0.2,4695,56.2,7.5,51013,0,0
TOKKI - Korean Tapas,34.0639719,-118.296799,"3465 W 6th St Suite 90-100, Los Angeles, CA 90020, United States",ChIJ1TZshBbHwoARJVq2EtE-ldQ,/biz/tokki-korean-tapas-los-angeles?osq=Restaurants,90020,0.198094199,4.5,7633,20,2624,6.9,496,1.3,16918,44.4,73,0.2,4695,56.2,7.5,51013,0,0
Woo Hyang Woo,34.0637788,-118.2965006,"3429 W 6th St, Los Angeles, CA 90020, United States",ChIJbaIxgP_HwoARv19lDO3o4EQ,/biz/woo-hyang-woo-los-angeles-2?osq=Restaurants,90020,0.145430432333333,4.6,7633,20,2624,6.9,496,1.3,16918,44.4,73,0.2,4695,56.2,7.5,51013,0,0
Ham Ji Park,34.0638226,-118.2958782,"3407 W 6th St #101, Los Angeles, CA 90020, United States",ChIJS3hu5nzHwoARwpVfMin2PYk,/biz/ham-ji-park-los-angeles-2?osq=Restaurants,90020,0.110692114333333,4.2,7633,20,2624,6.9,496,1.3,16918,44.4,73,0.2,4695,56.2,7.5,51013,0,0
Found Oyster,34.0953125,-118.2958212,"4880 Fountain Ave, Los Angeles, CA 90029, United States",ChIJkfUoRk_HwoARyBuvtlImPoQ,/biz/found-oyster-los-angeles?osq=Restaurants,90029,0.134750204333333,4.4,11945,34.1,1372,3.9,285,0.8,5524,15.8,40,0.1,3786,43.6,10.1,50822,0,0
Saffys,34.095555,-118.2952027,"4845 Fountain Ave, Los Angeles, CA 90029, United States",ChIJ76vC4DDHwoARI-yS3q4bNwI,/biz/saffys-los-angeles-3?osq=Restaurants,90029,0.0625788073333333,4.3,11945,34.1,1372,3.9,285,0.8,5524,15.8,40,0.1,3786,43.6,10.1,50822,0,0
Square One Dining,34.0953397,-118.2950284,"4854 Fountain Ave, Los Angeles, CA 90029, United States",ChIJp2RmuFTHwoAR8OpJMD5Q40o,/biz/square-one-dining-los-angeles?osq=Restaurants,90029,0.00425556,4.1,11945,34.1,1372,3.9,285,0.8,5524,15.8,40,0.1,3786,43.6,10.1,50822,0,0
Seong Buk Dong,34.064021,-118.2943534,"3303 W 6th St, Los Angeles, CA 90020, United States",ChIJO9M6hXzHwoAR0cimcXbbsy4,/biz/seong-buk-dong-los-angeles?osq=Restaurants,90020,0.154687903333333,4,7633,20,2624,6.9,496,1.3,16918,44.4,73,0.2,4695,56.2,7.5,51013,0,0
Gamsung Pocha,34.0575972,-118.2938845,"3074 W 8th St, Los Angeles, CA 90005, United States",ChIJPxsb7-jHwoAR3qSp4MDJYOw,/biz/gamsung-pocha-los-angeles?osq=Restaurants,90005,0.0667657053333333,4.8,7616,20.6,2180,5.9,325,0.9,12212,33.1,18,0,3900,48.6,4.5,44913,0,1
LA Rose Cafe,34.0956261,-118.292767,"4749 Fountain Ave, Los Angeles, CA 90029, United States",ChIJx53TXFPHwoAR81cJz671YoM,/biz/la-rose-cafe-los-angeles-2?osq=Restaurants,90029,0.107571054,4.2,11945,34.1,1372,3.9,285,0.8,5524,15.8,40,0.1,3786,43.6,10.1,50822,0,0
Olivia,34.0703206,-118.2921764,"205 S Vermont Ave, Los Angeles, CA 90004, United States",ChIJTasbtVrHwoAR4AXWcZFu1Kk,/biz/olivia-los-angeles-3?osq=Restaurants,90004,0.187728462666667,4.9,17681,29.7,2448,4.1,446,0.7,15224,25.5,104,0.2,5708,46.1,7.4,54947,0,0
Hodori Restaurant,34.052428,-118.2920499,"1001 Vermont Ave #101, Los Angeles, CA 90006, United States",ChIJ2arNv4PHwoARqipglktD9Bk,/biz/hodori-restaurant-los-angeles?osq=Restaurants,90006,0.00851145,4.2,16801,29.4,1897,3.3,624,1.1,10531,18.4,119,0.2,3345,30.2,6.2,41068,0,0
Sidewalk Grill,34.1026281,-118.2919846,"1727 N Vermont Ave #102, Los Angeles, CA 90027, United States",ChIJU1axoq7AwoARkXJGVjxJFDk,/biz/sidewalk-grill-los-angeles?osq=Restaurants,90027,0.140123475,4.3,29049,65,1223,2.7,88,0.2,5515,12.3,54,0.1,7854,70,8,78356,0,0
Crab House,34.0551213,-118.2918638,"923 S Vermont Ave, Los Angeles, CA 90006, United States",ChIJ6ZiBboLHwoARNjRMlzwIutk,/biz/crab-house-los-angeles?osq=Restaurants,90006,0.114832934,4,16801,29.4,1897,3.3,624,1.1,10531,18.4,119,0.2,3345,30.2,6.2,41068,0,0
Atrium,34.104125,-118.2916497,"1816 N Vermont Ave, Los Angeles, CA 90027, United States",ChIJZxPWwqLBwoARPvm2hexcr_w,/biz/atrium-los-angeles-2?osq=Restaurants,90027,0.0819578793333333,3.9,29049,65,1223,2.7,88,0.2,5515,12.3,54,0.1,7854,70,8,78356,0,0
Mirate,34.1022065,-118.2916334,"1712 N Vermont Ave, Los Angeles, CA 90027, United States",ChIJm4eLSVPBwoARog2JIXTPCx8,/biz/mirate-los-angeles?osq=Restaurants,90027,0.004851756,4.8,29049,65,1223,2.7,88,0.2,5515,12.3,54,0.1,7854,70,8,78356,0,0
Loupiotte Kitchen,34.1024777,-118.2914827,"1726 N Vermont Ave, Los Angeles, CA 90027, United States",ChIJV5hWVizBwoARPGENLfwHIws,/biz/loupiotte-kitchen-los-angeles-2?osq=Restaurants,90027,0.0826443683333333,4.6,29049,65,1223,2.7,88,0.2,5515,12.3,54,0.1,7854,70,8,78356,0,0
LEE GA,34.0601879,-118.2910931,"698 S Vermont Ave #106, Los Angeles, CA 90005, United States",ChIJBS24K3jHwoARSM1Oa2rYwLA,/biz/lee-ga-los-angeles?osq=Restaurants,90005,0.0922239816666667,5,7616,20.6,2180,5.9,325,0.9,12212,33.1,18,0,3900,48.6,4.5,44913,0,0
LEE GA,34.0601879,-118.2910931,"698 S Vermont Ave #106, Los Angeles, CA 90005, United States",ChIJBS24K3jHwoARSM1Oa2rYwLA,/biz/leega-%EC%9D%B4%EA%B0%80-los-angeles?osq=Restaurants,90005,0.0058194476666666,4.9,7616,20.6,2180,5.9,325,0.9,12212,33.1,18,0,3900,48.6,4.5,44913,0,0
LEE GA,34.0601879,-118.2910931,"698 S Vermont Ave #106, Los Angeles, CA 90005, United States",ChIJBS24K3jHwoARSM1Oa2rYwLA,/biz/lee-ga-los-angeles-2?osq=Restaurants,90005,0.071179134,4.3,7616,20.6,2180,5.9,325,0.9,12212,33.1,18,0,3900,48.6,4.5,44913,0,0
Kobawoo House,34.0601167,-118.2910128,"698 S Vermont Ave #109, Los Angeles, CA 90005, United States",ChIJ0__2bXnHwoARF2OG9wa2ycY,/biz/kobawoo-house-los-angeles-2?osq=Restaurants,90005,0.143049849333333,4.3,7616,20.6,2180,5.9,325,0.9,12212,33.1,18,0,3900,48.6,4.5,44913,0,0
Ululani's,34.1008666,-118.2907646,"4661 1, 2 Hollywood Blvd, Los Angeles, CA 90027, United States",ChIJyyAKiInBwoARbdnf7pfjvCA,/biz/ululanis-los-angeles?osq=Restaurants,90027,0.235730919666667,4.6,29049,65,1223,2.7,88,0.2,5515,12.3,54,0.1,7854,70,8,78356,0,0
S%C5%8Dgo Roll Bar,34.10015,-118.29021,"4634 Hollywood Blvd  Los Angeles, CA 90027  East Hollywood",-,/biz/s%C5%8Dgo-roll-bar-los-angeles?osq=Restaurants,90027,0.0653880733333333,4.3,29049,65,1223,2.7,88,0.2,5515,12.3,54,0.1,7854,70,8,78356,0,0
HomeState,34.0998706,-118.290135,"4624 Hollywood Blvd, Los Angeles, CA 90027, United States",ChIJidp6qa3AwoAR1ALo3QLZyj8,/biz/homestate-los-angeles?osq=Restaurants,90027,0.148066360666667,4.3,29049,65,1223,2.7,88,0.2,5515,12.3,54,0.1,7854,70,8,78356,0,1
Yuk Dae Jang,34.0640203,-118.2879838,"3033 W 6th St ste 104-105, Los Angeles, CA 90020, United States",ChIJNZaceXrHwoARKQidlIjlJQg,/biz/yuk-dae-jang-los-angeles-2?osq=Restaurants,90020,0.146689986333333,4.4,7633,20,2624,6.9,496,1.3,16918,44.4,73,0.2,4695,56.2,7.5,51013,0,1
Oh My Crab,34.0635005,-118.287332,"3000 W 6th St #100, Los Angeles, CA 90020, United States",ChIJKcyY3BbHwoARR7vGqK6PI8I,/biz/oh-my-crab-los-angeles?osq=Restaurants,90020,0.008556974,3.8,7633,20,2624,6.9,496,1.3,16918,44.4,73,0.2,4695,56.2,7.5,51013,0,0
Cafe Los Feliz,34.1106428,-118.2873249,"2118 Hillhurst Ave, Los Angeles, CA 90027, United States",ChIJxZ6-1rrAwoARTELadIUlIdE,/biz/cafe-los-feliz-los-angeles?osq=Restaurants,90027,0.066359803,4.2,29049,65,1223,2.7,88,0.2,5515,12.3,54,0.1,7854,70,8,78356,0,1
All Time,34.1088424,-118.2873042,"2040 Hillhurst Ave, Los Angeles, CA 90027, United States",ChIJFRNKrrrAwoARy7DkaVr5P9E,/biz/all-time-los-angeles?osq=Restaurants,90027,0.0084874296666666,3.9,29049,65,1223,2.7,88,0.2,5515,12.3,54,0.1,7854,70,8,78356,0,0
Seabirds Kitchen - Los Feliz,34.1111447,-118.2872202,"2138 Hillhurst Ave Suite B, Los Angeles, CA 90027, United States",ChIJ3eE8AT_BwoARtj5oeeFYqNQ,/biz/seabirds-kitchen-los-feliz-los-angeles?osq=Restaurants,90027,0.152779684,4.6,29049,65,1223,2.7,88,0.2,5515,12.3,54,0.1,7854,70,8,78356,0,0
Home Restaurant - Los Feliz,34.1030809,-118.2871875,"1760 Hillhurst Ave, Los Angeles, CA 90027, United States",ChIJpSViBLLAwoARJRk5xQxUrMw,/biz/home-restaurant-los-feliz-los-angeles?osq=Restaurants,90027,0.144873389,4,29049,65,1223,2.7,88,0.2,5515,12.3,54,0.1,7854,70,8,78356,0,0
La Pergoletta,34.1038943,-118.2869547,"1802 Hillhurst Ave, Los Angeles, CA 90027, United States",ChIJW9g98LHAwoAR7eaxzvH95Uw,/biz/la-pergoletta-los-angeles-4?osq=Restaurants,90027,0.165506321,4.3,29049,65,1223,2.7,88,0.2,5515,12.3,54,0.1,7854,70,8,78356,0,0
Sqirl,34.0845,-118.2866798,"720 N Virgil Ave #4, Los Angeles, CA 90029, United States",ChIJDX_-xETHwoARf6zx7LePHCo,/biz/sqirl-los-angeles-4?osq=Restaurants,90029,0.070971225,3.9,11945,34.1,1372,3.9,285,0.8,5524,15.8,40,0.1,3786,43.6,10.1,50822,0,0
BBQ + RICE,34.091048,-118.2864448,"1110 N Virgil Ave, Los Angeles, CA 90029, United States",ChIJS4nD2qHHwoARVfRfNz55pkU,/biz/bbq-rice-los-angeles-3?osq=Restaurants,90038,0.090792295,4.9,11827,42.2,1896,6.8,396,1.4,1873,6.7,83,0.3,4118,54.6,7.1,51096,0,0
B%C3%A9 %C3%99,34.0812001952639,-118.284673717742,"557 N Hoover St  Los Angeles, CA 90004  East Hollywood",-,/biz/b%C3%A9-%C3%B9-los-angeles?osq=Restaurants,90004,0.051237973,4.4,17681,29.7,2448,4.1,446,0.7,15224,25.5,104,0.2,5708,46.1,7.4,54947,0,1
hanchic.,34.0566206,-118.2824586,"2500 W 8th St #103, Los Angeles, CA 90057, United States",ChIJ0c_pwRHHwoARsJq2agngHMw,/biz/hanchic-los-angeles?osq=Restaurants,90057,0.135922245,4.6,13500,28.4,2773,5.8,894,1.9,8813,18.5,149,0.3,3043,30.4,7.4,43796,0,0
Jail Joa,34.0567571,-118.2823803,"2500 W 8th St, Los Angeles, CA 90057, United States",ChIJFb9F_orHwoAR6Dy9CsIAi9Y,/biz/jail-joa-los-angeles?osq=Restaurants,90057,0.138382908666667,4.7,13500,28.4,2773,5.8,894,1.9,8813,18.5,149,0.3,3043,30.4,7.4,43796,0,1
Needle,34.091768,-118.2794594,"3827 Sunset Blvd, Los Angeles, CA 90026, United States",ChIJg2OjaGnHwoARWROehKwkQOM,/biz/needle-los-angeles-2?osq=Restaurants,90026,0.0534312763333333,4.6,26122,39.6,2279,3.5,548,0.8,9800,14.9,163,0.2,9267,56.1,8.1,70436,0,0
Woon,34.0741789,-118.2793974,"2920 W Temple St, Los Angeles, CA 90026, United States",ChIJ75p-_iHHwoARVdkS14137u8,/biz/woon-los-angeles?osq=Restaurants,90026,0.016921397,4.2,26122,39.6,2279,3.5,548,0.8,9800,14.9,163,0.2,9267,56.1,8.1,70436,0,0
Yongdudong Dokkaebi,34.0510696,-118.278075,"1903 W Olympic Blvd, Los Angeles, CA 90006, United States",ChIJCVRZeqC4woARspNp0Cdc-FY,/biz/yongdudong-dokkaebi-los-angeles?osq=Restaurants,90006,0.0502303343333333,4.8,16801,29.4,1897,3.3,624,1.1,10531,18.4,119,0.2,3345,30.2,6.2,41068,0,0
Causita,34.0907762,-118.2779945,"3709 Sunset Blvd, Los Angeles, CA 90026, United States",ChIJKYF6WunHwoAROLDnmFFvDZ8,/biz/causita-los-angeles?osq=Restaurants,90026,0.025705259,4,26122,39.6,2279,3.5,548,0.8,9800,14.9,163,0.2,9267,56.1,8.1,70436,0,0
Bar Moruno,34.0907326,-118.2778835,"3705 Sunset Blvd, Los Angeles, CA 90026, United States",ChIJX7kJgdzHwoAReVX1F05GND4,/biz/bar-moruno-los-angeles?osq=Restaurants,90026,0.0606355866666667,4.1,26122,39.6,2279,3.5,548,0.8,9800,14.9,163,0.2,9267,56.1,8.1,70436,0,0
Bacari Silverlake,34.0901197,-118.2775804,"3626 Sunset Blvd, Los Angeles, CA 90026, United States",ChIJ___D30fHwoARymR_1Ylhtto,/biz/bacari-silverlake-los-angeles-2?osq=Restaurants,90026,0.147481064666667,4.7,26122,39.6,2279,3.5,548,0.8,9800,14.9,163,0.2,9267,56.1,8.1,70436,0,0
Bacari Silverlake,34.0901197,-118.2775804,"3626 Sunset Blvd, Los Angeles, CA 90026, United States",ChIJ___D30fHwoARymR_1Ylhtto,/biz/bacari-silverlake-los-angeles?osq=Restaurants,90026,0.0207462643333333,4.7,26122,39.6,2279,3.5,548,0.8,9800,14.9,163,0.2,9267,56.1,8.1,70436,0,0
Bacari Silverlake + Bar Bacari,34.0901197,-118.2775804,"3626 Sunset Blvd, Los Angeles, CA 90026, United States",ChIJ___D30fHwoARymR_1Ylhtto,/biz/bacari-silverlake-bar-bacari-los-angeles?osq=Restaurants,90026,0.0278809603333333,4.7,26122,39.6,2279,3.5,548,0.8,9800,14.9,163,0.2,9267,56.1,8.1,70436,0,0
Pine & Crane,34.0905285,-118.2771309,"1521 Griffith Park Blvd, Los Angeles, CA 90026, United States",ChIJLcT3DEjHwoARZa_z4-ThJCs,/biz/pine-and-crane-los-angeles-5?osq=Restaurants,90026,0.164795799666667,4.3,26122,39.6,2279,3.5,548,0.8,9800,14.9,163,0.2,9267,56.1,8.1,70436,0,0
Eszett,34.0888984,-118.2769088,"3510 Sunset Blvd, Los Angeles, CA 90026, United States",ChIJ11p1RVrHwoARM9TYxgLAm6E,/biz/eszett-los-angeles?osq=Restaurants,90026,0.0645644016666667,4.2,26122,39.6,2279,3.5,548,0.8,9800,14.9,163,0.2,9267,56.1,8.1,70436,0,0
Langer's Delicatessen,34.0561783,-118.2767993,"704 S Alvarado St, Los Angeles, CA 90057, United States",ChIJP1rAZZ_HwoARAcX96y-BrjY,/biz/langers-delicatessen-los-angeles-2?osq=Restaurants,90057,0.0949771763333333,4.4,13500,28.4,2773,5.8,894,1.9,8813,18.5,149,0.3,3043,30.4,7.4,43796,0,0
Omakase Osen,34.0890572,-118.2763905,"3503 Sunset Blvd, Los Angeles, CA 90026, United States",ChIJ-6ZCUabHwoARdmxxPG65hiI,/biz/omakase-osen-los-angeles-4?osq=Restaurants,90026,0.136622456333333,4.4,26122,39.6,2279,3.5,548,0.8,9800,14.9,163,0.2,9267,56.1,8.1,70436,0,0
Tet-a-Tet,34.0854157,-118.2751086,"3200 Sunset Blvd, Los Angeles, CA 90026, United States",ChIJZ-9jz27HwoARgwup9iMgVfc,/biz/tet-a-tet-los-angeles?osq=Restaurants,90026,0.125526766333333,3.8,26122,39.6,2279,3.5,548,0.8,9800,14.9,163,0.2,9267,56.1,8.1,70436,0,1
Bodega Park,34.0825533,-118.2732563,"2852 Sunset Blvd, Los Angeles, CA 90026, United States",ChIJ7YJ82kfHwoARWYdUz_cxutA,/biz/bodega-park-los-angeles?osq=Restaurants,90026,0.077158198,4.8,26122,39.6,2279,3.5,548,0.8,9800,14.9,163,0.2,9267,56.1,8.1,70436,0,0
Izakaya Osen - Los Angeles,34.083305,-118.2732155,"2903 Sunset Blvd, Los Angeles, CA 90026, United States",ChIJ8y6xrD_HwoARjAEI7-HU2q0,/biz/izakaya-osen-los-angeles-los-angeles?osq=Restaurants,90026,0.155099511333333,4.3,26122,39.6,2279,3.5,548,0.8,9800,14.9,163,0.2,9267,56.1,8.1,70436,0,0
Pijja Palace,34.0811009,-118.2704567,"2711 Sunset Blvd, Los Angeles, CA 90026, United States",ChIJCQV5OobHwoARuaw-9gQsRTw,/biz/pijja-palace-los-angeles?osq=Restaurants,90026,0.0584366816666667,4.2,26122,39.6,2279,3.5,548,0.8,9800,14.9,163,0.2,9267,56.1,8.1,70436,0,0
Morrison Atwater Village,34.1237569,-118.2687304,"3179 Los Feliz Blvd, Los Angeles, CA 90039, United States",ChIJ_5O6wunAwoARfoJOtIM7ci0,/biz/morrison-atwater-village-los-angeles?osq=Restaurants,90039,0.148557164333333,4.6,15257,52.9,403,1.4,741,2.6,5350,18.6,12,0,3204,60.8,6.8,99226,0,0
Sol Agave,34.0449976,-118.2649805,"800 W Olympic Blvd, Los Angeles, CA 90015, United States",ChIJ-7gl0h3HwoARk2xsigncEmA,/biz/sol-agave-los-angeles-9?osq=Restaurants,90015,0.029903128,4.4,8189,33.8,1966,8.1,374,1.5,4614,19,0,0,3772,57.5,6.3,53062,1,0
Fixins Soul Kitchen - Los Angeles,34.0444602,-118.2647277,"800 W Olympic Blvd A150, Los Angeles, CA 90015, United States",ChIJS6AxRJTHwoARwgYhvQLO63g,/biz/fixins-soul-kitchen-los-angeles-los-angeles?osq=Restaurants,90015,0.159518323,4.4,8189,33.8,1966,8.1,374,1.5,4614,19,0,0,3772,57.5,6.3,53062,1,0
Larchmont Bungalow Cafe,34.077022,-118.2640069,"2110 Sunset Blvd suite n, Los Angeles, CA 90026, United States",ChIJvepz4WfHwoARwsG42nA4Ehk,/biz/larchmont-bungalow-cafe-los-angeles?osq=Restaurants,90026,0.101543140666667,4.3,26122,39.6,2279,3.5,548,0.8,9800,14.9,163,0.2,9267,56.1,8.1,70436,0,0
Sparrow,34.0455678,-118.263988,"939 S Figueroa St Suite 200, Los Angeles, CA 90015, United States",ChIJtRNHuw7HwoARhA2ujvI-1gU,/biz/sparrow-los-angeles-2?osq=Restaurants,90015,0.131188587,4,8189,33.8,1966,8.1,374,1.5,4614,19,0,0,3772,57.5,6.3,53062,1,1
Strada Eateria & Bar,34.0465897,-118.26333,"825 James M Wood Blvd #90015, Los Angeles, CA 90015, United States",ChIJNXkfTC3HwoAR92DVIAWvMes,/biz/strada-eateria-and-bar-los-angeles?osq=Restaurants,90015,0.0298403636666667,4.7,8189,33.8,1966,8.1,374,1.5,4614,19,0,0,3772,57.5,6.3,53062,1,0
Pine & Crane DTLA,34.0408659,-118.2622749,"1120 S Grand Ave Suite 101, Los Angeles, CA 90015, United States",ChIJHeUDhMvHwoARiDna7r1DDGQ,/biz/pine-and-crane-dtla-los-angeles-3?osq=Restaurants,90015,0.107456220333333,4.6,8189,33.8,1966,8.1,374,1.5,4614,19,0,0,3772,57.5,6.3,53062,1,0
Marlou DTLA,34.0470551,-118.2608535,"819 Flower St, Los Angeles, CA 90017, United States",ChIJkXtGbC7HwoARayTVUm5YevQ,/biz/marlou-dtla-los-angeles-4?osq=Restaurants,90017,0.150249763333333,4.5,9814,34.5,3221,11.3,81,0.3,4396,15.5,137,0.5,4016,52.4,6,44607,0,0
The Rooftop at The Wayfarer Downtown LA,34.0470575,-118.2605233,"813 Flower St, Los Angeles, CA 90017, United States",ChIJB-QGt4XHwoARLFm11PoAZnw,/biz/the-rooftop-at-the-wayfarer-downtown-la-los-angeles?osq=Restaurants,90017,0.137966485666667,3.6,9814,34.5,3221,11.3,81,0.3,4396,15.5,137,0.5,4016,52.4,6,44607,0,0
Habachihana Grill,34.0406641,-118.259558,"1045 S Hill St, Los Angeles, CA 90015, United States",ChIJYwJ3NSXHwoAR3Dft0zguzcM,/biz/habachihana-grill-los-angeles?osq=Restaurants,90015,0.008623676,5,8189,33.8,1966,8.1,374,1.5,4614,19,0,0,3772,57.5,6.3,53062,1,0
Cara Restaurant,34.039315,-118.258852,"1100 S Broadway PH, Los Angeles, CA 90015, United States",ChIJ4V4DBfXHwoARx3FMc9CBMRg,/biz/cara-restaurant-los-angeles?osq=Restaurants,90027,0.110651307666667,3.9,29049,65,1223,2.7,88,0.2,5515,12.3,54,0.1,7854,70,8,78356,0,0
Cara Cara,34.039315,-118.258852,"1100 S Broadway PH, Los Angeles, CA 90015, United States",ChIJ4V4DBfXHwoARx3FMc9CBMRg,/biz/cara-cara-los-angeles?osq=Restaurants,90015,0.167663260666667,3.9,8189,33.8,1966,8.1,374,1.5,4614,19,0,0,3772,57.5,6.3,53062,1,0
Cabra,34.0397808,-118.2585555,"1060 S Broadway, Los Angeles, CA 90015, United States",ChIJ4X25cGLHwoARQfoGIGJpJ8A,/biz/cabra-los-angeles-3?osq=Restaurants,90015,0.0385143746666667,4.4,8189,33.8,1966,8.1,374,1.5,4614,19,0,0,3772,57.5,6.3,53062,1,0
HATCH,34.048075,-118.2581414,"700 W 7th St Suite G600, Los Angeles, CA 90017, United States",ChIJlw6Cp7bHwoARNs7p_-LeK_4,/biz/hatch-los-angeles-3?osq=Restaurants,90017,0.0824529556666667,4.2,9814,34.5,3221,11.3,81,0.3,4396,15.5,137,0.5,4016,52.4,6,44607,0,0
JOEY DTLA,34.048017,-118.2580506,"700 W 7th St Ste S430, Los Angeles, CA 90017, United States",ChIJ8QbxZYTHwoAR9RMDcjmVra4,/biz/joey-dtla-los-angeles-4?osq=Restaurants,90017,0.142522149,4.2,9814,34.5,3221,11.3,81,0.3,4396,15.5,137,0.5,4016,52.4,6,44607,0,0
Native Son - Los Angeles,34.0443213,-118.2574806,"832 S Olive St, Los Angeles, CA 90014, United States",ChIJaZ8YK0bHwoARjxEAOdqGNbQ,/biz/native-son-los-angeles-los-angeles?osq=Restaurants,90014,0.0173982223333333,4.1,3154,36.9,1762,20.6,20,0.2,1866,21.8,0,0,1474,61.2,9.7,31332,0,0
Pace,34.0561431,-118.2573219,"333 S Beaudry Ave, Los Angeles, CA 90017, United States",ChIJbYvrl8THwoARjB5IB5ft-M0,/biz/pace-los-angeles-3?osq=Restaurants,90046,0.0042157323333333,4.1,35153,72.1,2825,5.8,194,0.4,3224,6.6,46,0.1,9364,69.2,8.2,77162,0,0
Inka Wasi,34.0475959,-118.25682,"605 W 7th St, Los Angeles, CA 90017, United States",ChIJWcumTnrHwoART-UAsXyZhU4,/biz/inka-wasi-los-angeles?osq=Restaurants,90017,0.0042801426666666,4.7,9814,34.5,3221,11.3,81,0.3,4396,15.5,137,0.5,4016,52.4,6,44607,0,0
Bottega Louie,34.0470524,-118.2565439,"700 S Grand Ave, Los Angeles, CA 90017, United States",ChIJ_yXhTrTHwoARU36hVDFInhg,/biz/bottega-louie-los-angeles?osq=Restaurants,90017,0.182400251666667,4.1,9814,34.5,3221,11.3,81,0.3,4396,15.5,137,0.5,4016,52.4,6,44607,0,0
Encanto,34.0129057,-118.256294,"3330 S Central Ave, Los Angeles, CA 90011, United States",ChIJmVKBA8HJwoAR9Zmu39S2A44,/biz/encanto-los-angeles?osq=Restaurants,90027,0.119731478333333,3.8,29049,65,1223,2.7,88,0.2,5515,12.3,54,0.1,7854,70,8,78356,0,0
H&H Brazilian Steakhouse Downtown LA,34.0468527,-118.2561714,"518 W 7th St, Los Angeles, CA 90014, United States",ChIJuVics2PHwoARSE9ZPDcP3eI,/biz/h-and-h-brazilian-steakhouse-downtown-la-los-angeles?osq=Restaurants,90014,0.130910309,4.4,3154,36.9,1762,20.6,20,0.2,1866,21.8,0,0,1474,61.2,9.7,31332,0,0
Little Sister,34.0472293,-118.2560754,"523 W 7th St, Los Angeles, CA 90017, United States",ChIJew_FU7THwoARrREc6xoKhvY,/biz/little-sister-los-angeles-3?osq=Restaurants,90017,0.121280084333333,3.9,9814,34.5,3221,11.3,81,0.3,4396,15.5,137,0.5,4016,52.4,6,44607,0,0
Monty's Good Burger,34.0763649,-118.2560048,"1533 Sunset Blvd, Los Angeles, CA 90026, United States",ChIJLY6ZvLrHwoARfX1s3w6SRQg,/biz/montys-good-burger-los-angeles?osq=Restaurants,90020,0.017073398,4.5,7633,20,2624,6.9,496,1.3,16918,44.4,73,0.2,4695,56.2,7.5,51013,0,0
Per L'Ora,34.0469978,-118.2553544,"649 S Olive St, Los Angeles, CA 90014, United States",ChIJ_9iOzPnHwoAR33FyvlykS1o,/biz/per-l-ora-los-angeles?osq=Restaurants,90017,0.137079838,4.6,9814,34.5,3221,11.3,81,0.3,4396,15.5,137,0.5,4016,52.4,6,44607,0,0
Lala's Argentine Grill,34.0418713,-118.255055,"105 W 9th St, Los Angeles, CA 90015, United States",ChIJq3j4WYLHwoARV7LbuJTus58,/biz/lalas-argentine-grill-los-angeles-3?osq=Restaurants,90046,0.0947059473333333,3.9,35153,72.1,2825,5.8,194,0.4,3224,6.6,46,0.1,9364,69.2,8.2,77162,0,0
Chain,34.0472025,-118.2535303,"607 S Hill St, Los Angeles, CA 90014, United States",ChIJ48WMJrXHwoARH2Jy6heRipw,/biz/chain-los-angeles?osq=Restaurants,90048,0.004265967,5,16274,79.4,781,3.8,14,0.1,1465,7.1,0,0,4310,84.1,6.3,102567,0,0
DAMA,34.0352687,-118.2531717,"612 E 11th St, Los Angeles, CA 90015, United States",ChIJP0XXzpnHwoAR3rxS5t6diqY,/biz/dama-los-angeles-6?osq=Restaurants,90015,0.133913535,4.5,8189,33.8,1966,8.1,374,1.5,4614,19,0,0,3772,57.5,6.3,53062,1,0
Sonoratown 2,34.0416112,-118.2521847,"208 E 8th St, Los Angeles, CA 90014, United States",ChIJ45QjyjTGwoARVNFElqulM0U,/biz/sonoratown-2-los-angeles?osq=Restaurants,90019,0.0126666676666667,4.6,19471,31.9,10822,17.7,390,0.6,10762,17.6,216,0.4,4304,40.3,8.2,61616,0,0
OTOTO,34.0728424,-118.2515592,"1360 Allison Ave, Los Angeles, CA 90026, United States",ChIJB5MRik3HwoARFvZmDC7gi2I,/biz/ototo-los-angeles-2?osq=Restaurants,90026,0.135623386666667,4.1,26122,39.6,2279,3.5,548,0.8,9800,14.9,163,0.2,9267,56.1,8.1,70436,0,0
Perch,34.0489961,-118.2514107,"448 S Hill St, Los Angeles, CA 90013, United States",ChIJqbKnF0vGwoARREUrVhYGqTU,/biz/perch-los-angeles?osq=Restaurants,90013,0.157902628333333,4.1,4641,34.6,3799,28.3,210,1.6,1923,14.3,135,1,1968,51.8,13,22291,0,0
Otium,34.0544512,-118.2512579,"222 S Hope St, Los Angeles, CA 90012, United States",ChIJ_RTRaE3GwoARPBWnFhO44DQ,/biz/otium-los-angeles?osq=Restaurants,90012,0.128129732666667,3.9,10063,25.3,5465,13.8,444,1.1,13596,34.2,61,0.2,5823,47,9.2,53278,1,0
BROKEN MOUTH %7C Lee's Homestyle,34.0427698,-118.2508429,"718 S Los Angeles St, Los Angeles, CA 90014, United States",ChIJJ97LUMvHwoAR7DEavoRbe2U,/biz/broken-mouth-lees-homestyle-los-angeles-5?osq=Restaurants,90014,0.176276057,4.8,3154,36.9,1762,20.6,20,0.2,1866,21.8,0,0,1474,61.2,9.7,31332,0,1
Poppy + Rose,34.0406805,-118.2500797,"765 Wall St, Los Angeles, CA 90014, United States",ChIJkzEreTPGwoARZNbfgT-c4Sw,/biz/poppy-rose-los-angeles?osq=Restaurants,90014,0.0702542773333333,4,3154,36.9,1762,20.6,20,0.2,1866,21.8,0,0,1474,61.2,9.7,31332,0,0
Wake & Late,34.045184,-118.2495433,"105 E 6th St, Los Angeles, CA 90014, United States",ChIJX8tVnDXGwoAR3voJztRnOPQ,/biz/wake-and-late-los-angeles-3?osq=Restaurants,90014,0.0615841306666667,4.4,3154,36.9,1762,20.6,20,0.2,1866,21.8,0,0,1474,61.2,9.7,31332,0,0
Maccheroni Republic,34.0500896,-118.2486432,"332 S Broadway, Los Angeles, CA 90013, United States",ChIJvVvovUvGwoARYrOMSp23rpQ,/biz/maccheroni-republic-los-angeles?osq=Restaurants,90013,0.144001189333333,4.3,4641,34.6,3799,28.3,210,1.6,1923,14.3,135,1,1968,51.8,13,22291,0,0
Yuko Kitchen,34.0469661,-118.2485418,"101 W 5th St, Los Angeles, CA 90013, United States",ChIJN9e_bUrGwoARsLchBYfOfIU,/biz/yuko-kitchen-los-angeles?osq=Restaurants,90036,0.210771967,4.3,23600,62.8,1934,5.1,75,0.2,7529,20,5,0,7655,78.4,8.6,87868,1,0
Mercado,34.0520016,-118.2445562,"100 W 1st St, Los Angeles, CA 90012, United States",ChIJJXdwf4zHwoARTD1Ol7q5ONM,/biz/mercado-los-angeles-4?osq=Restaurants,90048,0.0468064486666667,4.2,16274,79.4,781,3.8,14,0.1,1465,7.1,0,0,4310,84.1,6.3,102567,0,0
Thai Street Food Market,34.0522051,-118.2437121,"Los Angeles, CA 90012, United States",ChIJLRQ9vDPHwoARGCyb14yu4Cg,/biz/thai-street-food-market-los-angeles?osq=Restaurants,90027,0.128397169,4.3,29049,65,1223,2.7,88,0.2,5515,12.3,54,0.1,7854,70,8,78356,0,1
LOVE,34.0522051,-118.2437121,"Los Angeles, CA 90012, United States",ChIJ0ep34yrHwoARHIKR3iWCbGo,/biz/love-west-hollywood?osq=Restaurants,90046,0.0042125363333333,4.8,35153,72.1,2825,5.8,194,0.4,3224,6.6,46,0.1,9364,69.2,8.2,77162,0,0
Go Get Em Tiger,34.0352178,-118.2406089,"767 S Alameda St Suite 184, Los Angeles, CA 90021, United States",ChIJMZ185bLHwoARGDBCkY1tZAM,/biz/go-get-em-tiger-los-angeles?osq=Restaurants,90004,0.052551373,3.9,17681,29.7,2448,4.1,446,0.7,15224,25.5,104,0.2,5708,46.1,7.4,54947,0,0
Daikokuya Little Tokyo,34.0499759,-118.2400949,"327 1st St, Los Angeles, CA 90012, United States",ChIJZ_1uw0fGwoARfKCD7TFSP8U,/biz/daikokuya-little-tokyo-los-angeles?osq=Restaurants,90012,0.0424994243333333,4.1,10063,25.3,5465,13.8,444,1.1,13596,34.2,61,0.2,5823,47,9.2,53278,1,0
Marugame Monzo,34.0499431,-118.2400475,"329 1st St, Los Angeles, CA 90012, United States",ChIJfYSGw0fGwoARyMqh31EfoXg,/biz/marugame-monzo-los-angeles-5?osq=Restaurants,90012,0.156248671666667,4.3,10063,25.3,5465,13.8,444,1.1,13596,34.2,61,0.2,5823,47,9.2,53278,1,0
Howlin' Ray's,34.0615425,-118.2397141,"727 N Broadway #128, Los Angeles, CA 90012, United States",ChIJsTjh9VrGwoAR0AENjgs5swY,/biz/howlin-rays-los-angeles-3?osq=Restaurants,90012,0.109843988666667,4.7,10063,25.3,5465,13.8,444,1.1,13596,34.2,61,0.2,5823,47,9.2,53278,1,1
Dave's Hot Chicken,34.048289,-118.2395445,"131 S Central Ave, Los Angeles, CA 90012, United States",ChIJV5cJibTHwoARi1grg7YKmzs,/biz/daves-hot-chicken-los-angeles?osq=Restaurants,90029,0.147785415,4.3,11945,34.1,1372,3.9,285,0.8,5524,15.8,40,0.1,3786,43.6,10.1,50822,0,0
SHIN,34.0482761,-118.2390932,"132 S Central Ave, Los Angeles, CA 90012, United States",ChIJQx1McTjGwoARsBTeB62C1uQ,/biz/shin-los-angeles-5?osq=Restaurants,90028,0.143887606,4.1,15755,52.7,2733,9.1,341,1.1,3482,11.7,0,0,5644,63,10.5,52814,1,1
PASTA e PASTA by Allegro,34.0465641,-118.2384367,"432 E 2nd St, Los Angeles, CA 90012, United States",ChIJB88rWzjGwoARFEnGRpfiy9I,/biz/pasta-e-pasta-by-allegro-los-angeles-2?osq=Restaurants,90012,0.0776640486666667,4.4,10063,25.3,5465,13.8,444,1.1,13596,34.2,61,0.2,5823,47,9.2,53278,1,0
Little Jewel of New Orleans,34.0600891,-118.2382038,"207 Ord St, Los Angeles, CA 90012, United States",ChIJB7BW31rGwoAR-KjRhnUJKTA,/biz/little-jewel-of-new-orleans-los-angeles-2?osq=Restaurants,90012,0.132313546333333,4.1,10063,25.3,5465,13.8,444,1.1,13596,34.2,61,0.2,5823,47,9.2,53278,1,0
Full Moon House,34.0660293,-118.2376414,"960 N Hill St, Los Angeles, CA 90012, United States",ChIJedrIDlnGwoARqk3KNmDXLpE,/biz/full-moon-house-los-angeles-6?osq=Restaurants,90012,0.0086898013333333,4,10063,25.3,5465,13.8,444,1.1,13596,34.2,61,0.2,5823,47,9.2,53278,1,0
Hearts & Flame,34.0464267,-118.2353209,"225 S Garey St, Los Angeles, CA 90012, United States",ChIJYWTjEB3HwoAR5aSI0seLAGM,/biz/hearts-and-flame-los-angeles?osq=Restaurants,90012,0.049302743,4.9,10063,25.3,5465,13.8,444,1.1,13596,34.2,61,0.2,5823,47,9.2,53278,1,1
Girl & The Goat,34.0402258,-118.2331693,"555-3 Mateo St, Los Angeles, CA 90013, United States",ChIJXVodUFfHwoARe63Z7LSuUnY,/biz/girl-and-the-goat-los-angeles?osq=Restaurants,90013,0.187638214,4.4,4641,34.6,3799,28.3,210,1.6,1923,14.3,135,1,1968,51.8,13,22291,0,1
Bavel,34.0414747,-118.2330002,"500 Mateo St #102, Los Angeles, CA 90013, United States",ChIJAQDw5jzGwoARJ0ddsqWyCAQ,/biz/bavel-los-angeles-3?osq=Restaurants,90013,0.127620689,4.4,4641,34.6,3799,28.3,210,1.6,1923,14.3,135,1,1968,51.8,13,22291,0,1
Cafe Gratitude,34.045779,-118.232518,"300 S Santa Fe Ave, Los Angeles, CA 90012, United States",ChIJ3zvbjj7GwoARFLbNCYo0spY,/biz/cafe-gratitude-los-angeles-14?osq=Restaurants,90004,0.0969201533333333,3.9,17681,29.7,2448,4.1,446,0.7,15224,25.5,104,0.2,5708,46.1,7.4,54947,0,0
Bestia,34.0336488,-118.2292434,"2121 E 7th Pl, Los Angeles, CA 90021, United States",ChIJSRvZ1yHGwoARcLrfvc-APl4,/biz/bestia-los-angeles?osq=Restaurants,90021,0.134235251333333,4.3,814,29.9,481,17.7,76,2.8,173,6.4,0,0,119,22.7,11,25364,0,0
Bolt,34.0674452,-118.2278509,"Historic Cultural, 1600 Naud St, Los Angeles, CA 90012, United States",ChIJaXXZ5pPHwoARyQdnVMwxHDw,/biz/bolt-los-angeles-2?osq=Restaurants,90028,0.0892369386666667,4.3,15755,52.7,2733,9.1,341,1.1,3482,11.7,0,0,5644,63,10.5,52814,1,0
Wood,34.0453179,-118.2271838,"251 S Anderson St, Los Angeles, CA 90033, United States",ChIJRT75ZxbGwoARqyJyZ2NfiCQ,/biz/wood-los-angeles-8?osq=Restaurants,90026,0.159175124666667,4,26122,39.6,2279,3.5,548,0.8,9800,14.9,163,0.2,9267,56.1,8.1,70436,0,0
Majordomo,34.0690046,-118.2261067,"1725 Naud St, Los Angeles, CA 90012, United States",ChIJJxloG2HGwoARrnxMRe2L_ik,/biz/majordomo-los-angeles-2?osq=Restaurants,90012,0.135620995666667,4.2,10063,25.3,5465,13.8,444,1.1,13596,34.2,61,0.2,5823,47,9.2,53278,1,0
Carnes Asadas Pancho Lopez,34.0837963,-118.2134307,"3326 Pasadena Ave, Los Angeles, CA 90031, United States",ChIJU5QfL6LHwoARElU2Bdi-hLY,/biz/carnes-asadas-pancho-lopez-los-angeles-2?osq=Restaurants,90031,0.00422543,4.8,8877,23,743,1.9,559,1.5,10885,28.2,53,0.1,2910,41,8.6,53319,0,0
Vicky's,34.0440308,-118.2108071,"2308 1st St, Los Angeles, CA 90033, United States",ChIJgc4gbQbGwoARhGqsTNi9n5U,/biz/vickys-los-angeles?osq=Restaurants,90016,0.022930929,5,16100,35.1,12997,28.3,82,0.2,2070,4.5,34,0.1,3252,35.7,6.5,53659,0,0
The Bun Shop,34.1395747,-118.2084532,"1871 Colorado Blvd, Los Angeles, CA 90041, United States",ChIJ4bKw8UXBwoARRbplHTm-5TQ,/biz/the-bun-shop-los-angeles?osq=Restaurants,90004,0.068283493,4.1,17681,29.7,2448,4.1,446,0.7,15224,25.5,104,0.2,5708,46.1,7.4,54947,0,0