Restaurant,Latitude,Longitude,Address,PlaceID,URL,ZIP,AverageExposure,Stars,Count,White,ofWhite,WN,Black,ofBlack,BN,AmericanIndaian,ofAI,AIN,Asian,ofAisan,AN,NativeHawiian,ofNativeHawiian,NHN,Edu,ofEDU,HED,Unemployment ,HUne,Wealth,HWe,Attraction,Hotspot
Mosca's Restaurant,29.9112143,-90.2293607,"4137 US-90 West, Westwego, LA 70094, United States",ChIJIW6gP2S5IIYRVc2WFTBvQNg,/biz/moscas-restaurant-westwego?osq=Restaurants,70094,0.0642483044611697,4.2,1,13017,42.4,1,14499,47.2,0,137,0.4,1,1197,3.9,1,0,0,0,481,12,0,8.2,1,41237,0,0,0
Foodies Destination,30.0068355,-90.1958065,"3324 Transcontinental Dr, Metairie, LA 70006, United States",ChIJJ6RVuOuxIIYRus93Bz9E-KA,/biz/foodies-destination-new-orleans?osq=Restaurants,70112,0.158928545379052,4,34,1465,41.2,1,1793,50.5,0,0,0,0,140,3.9,1,0,0,0,400,53.1,1,7.5,1,29625,0,1,0
Chef Ron's Gumbo Stop,29.994265,-90.155055,"2309 N Causeway Blvd, Metairie, LA 70001, United States",ChIJKQ9b3xiwIIYRWViWuSDX_4g,/biz/chef-rons-gumbo-stop-metairie?osq=Restaurants,70001,0.152504893428731,4.5,1,28980,76.1,1,5014,13.2,0,176,0.5,1,1130,3,1,0,0,0,2143,37.9,0,3.3,0,56724,1,0,0
Brigtsen's Restaurant,29.9456827,-90.1347506,"723 Dante St, New Orleans, LA 70118, United States",ChIJ78dwoz6lIIYR5xwiW0yPSzw,/biz/brigtsens-restaurant-new-orleans?osq=Restaurants,70118,0.0263758061877217,4.2,7,17467,47.3,1,15639,42.3,0,116,0.3,1,2013,5.4,1,0,0,0,3181,57.4,1,7.9,1,50597,1,1,0
The Camellia Grill,29.9438499,-90.1339165,"626 S Carrollton Ave, New Orleans, LA 70118, United States",ChIJpdlCODylIIYRyeE-wYHtahE,/biz/the-camellia-grill-new-orleans?osq=Restaurants,70118,0.0658930201198577,4.1,7,17467,47.3,1,15639,42.3,0,116,0.3,1,2013,5.4,1,0,0,0,3181,57.4,1,7.9,1,50597,1,1,0
Jacques-Imo's Cafe,29.9490747,-90.132254,"8324 Oak St, New Orleans, LA 70118, United States",ChIJhRTlvj-lIIYRb1qdXzLPu-Y,/biz/jacques-imos-cafe-new-orleans?osq=Restaurants,70118,0.264959631074097,4.4,7,17467,47.3,1,15639,42.3,0,116,0.3,1,2013,5.4,1,0,0,0,3181,57.4,1,7.9,1,50597,1,1,0
Mukbang Seafood,29.9488979,-90.1318345,"8312 Oak St, New Orleans, LA 70118, United States",ChIJM5do1NelIIYRZQ3x2Fjv6DU,/biz/mukbang-seafood-new-orleans?osq=Restaurants,70118,0.0084811870359812,4.9,7,17467,47.3,1,15639,42.3,0,116,0.3,1,2013,5.4,1,0,0,0,3181,57.4,1,7.9,1,50597,1,1,0
Sukeban,29.9477479,-90.1304153,"8126 Oak St, New Orleans, LA 70118, United States",ChIJE_hgLAylIIYRSiWvC_-wHR0,/biz/sukeban-new-orleans?osq=Restaurants,70118,0.137519231806982,3.2,7,17467,47.3,1,15639,42.3,0,116,0.3,1,2013,5.4,1,0,0,0,3181,57.4,1,7.9,1,50597,1,1,0
Boucherie,29.9498344,-90.1278338,"8115 Jeannette St, New Orleans, LA 70118, United States",ChIJ32GTxBSlIIYRiulaSPR0EgM,/biz/boucherie-new-orleans?osq=Restaurants,70118,0.142018878390636,4.7,7,17467,47.3,1,15639,42.3,0,116,0.3,1,2013,5.4,1,0,0,0,3181,57.4,1,7.9,1,50597,1,1,0
Joel's Lobster Rolls,29.9444442678464,-90.1260415651249,"New Orleans, LA 70118  East Carrollton",-,/biz/joel-s-lobster-rolls-new-orleans?osq=Restaurants,70118,0.116626609969302,4.5,7,17467,47.3,1,15639,42.3,0,116,0.3,1,2013,5.4,1,0,0,0,3181,57.4,1,7.9,1,50597,1,1,0
Saba,29.9216298,-90.1186022,"5757 Magazine St, New Orleans, LA 70115, United States",ChIJF3ekTbulIIYRBAWkkikTnDE,/biz/saba-new-orleans?osq=Restaurants,70115,0.137129841369066,5,20,23892,68.6,1,8927,25.6,0,163,0.5,1,536,1.5,0,17,0,0,4988,73.1,1,5.4,1,77961,1,0,0
LUVI Restaurant,29.9163156,-90.1121792,"5236 Tchoupitoulas St, New Orleans, LA 70115, United States",ChIJVVVFAPikIIYR4TwYAKHpofs,/biz/luvi-restaurant-new-orleans?osq=Restaurants,70115,0.051778421561768,3.8,20,23892,68.6,1,8927,25.6,0,163,0.5,1,536,1.5,0,17,0,0,4988,73.1,1,5.4,1,77961,1,0,0
Costera,29.9243955,-90.1088308,"4938 Prytania St, New Orleans, LA 70115, United States",ChIJkfGbB8SlIIYRPdf7FmPvNHI,/biz/costera-new-orleans?osq=Restaurants,70115,0.133590193005578,4.2,20,23892,68.6,1,8927,25.6,0,163,0.5,1,536,1.5,0,17,0,0,4988,73.1,1,5.4,1,77961,1,0,0
Rosedale,29.9847303,-90.1085843,"801 Rosedale Dr, New Orleans, LA 70124, United States",ChIJH6tA6HmvIIYR-7TjUg545SU,/biz/rosedale-new-orleans-2?osq=Restaurants,70124,0.111611908562984,4.2,4,16821,86.9,1,946,4.9,0,1,0,0,784,4,1,0,0,0,2365,65.8,1,3.1,0,95366,1,1,0
Queen Trini Lisa,29.9714037,-90.1063609,"4200 D'Hemecourt St, New Orleans, LA 70119, United States",ChIJyVnuQCymIIYRM9kIbDf-fIE,/biz/queen-trini-lisa-new-orleans-4?osq=Restaurants,70115,0.129414340810259,3.9,20,23892,68.6,1,8927,25.6,0,163,0.5,1,536,1.5,0,17,0,0,4988,73.1,1,5.4,1,77961,1,0,0
Junior's on Harrison,30.0048102,-90.1058565,"789 Harrison Ave, New Orleans, LA 70124, United States",ChIJ9QuzBlCvIIYRQVTQGcmQmw0,/biz/juniors-on-harrison-new-orleans?osq=Restaurants,70124,0.0934673157061943,4.5,4,16821,86.9,1,946,4.9,0,1,0,0,784,4,1,0,0,0,2365,65.8,1,3.1,0,95366,1,1,0
Mopho,29.9832887,-90.1049012,"514 City Park Ave, New Orleans, LA 70119, United States",ChIJe-27WXqvIIYR2LjrLDJK9f8,/biz/mopho-new-orleans?osq=Restaurants,70119,0.139249327962883,4.2,19,16269,43.1,1,18955,50.2,0,1,0,0,340,0.9,0,0,0,0,4276,47.8,1,6.1,1,40769,0,0,0
Nomiya,29.9204574,-90.1032111,"4518 Magazine St, New Orleans, LA 70115, United States",ChIJn870jU6kIIYRDUvgphVkZ5s,/biz/nomiya-new-orleans?osq=Restaurants,70115,0.0042386246612425,4.3,20,23892,68.6,1,8927,25.6,0,163,0.5,1,536,1.5,0,17,0,0,4988,73.1,1,5.4,1,77961,1,0,0
Mister Mao,29.9170985,-90.1024788,"4501 Tchoupitoulas St, New Orleans, LA 70115, United States",ChIJw8R9X8-lIIYRnSkqd2W75bU,/biz/mister-mao-new-orleans?osq=Restaurants,70115,0.13258311342991,3.8,20,23892,68.6,1,8927,25.6,0,163,0.5,1,536,1.5,0,17,0,0,4988,73.1,1,5.4,1,77961,1,0,0
Mondays Restaurant And Bar,29.9787338,-90.1021884,"4327 Bienville St, New Orleans, LA 70119, United States",ChIJP50Y6HyvIIYRUJPWqfD5zkw,/biz/mondays-restaurant-and-bar-new-orleans?osq=Restaurants,70119,0.145206167521429,4.4,19,16269,43.1,1,18955,50.2,0,1,0,0,340,0.9,0,0,0,0,4276,47.8,1,6.1,1,40769,0,0,0
Trilly Cheesesteaks,29.9674752,-90.1019385,"3735 Ulloa St, New Orleans, LA 70119, United States",ChIJ_2aRCqmvIIYRt9dxf99zxhQ,/biz/trilly-cheesesteaks-new-orleans?osq=Restaurants,70115,0.0042189463692342,4.3,20,23892,68.6,1,8927,25.6,0,163,0.5,1,536,1.5,0,17,0,0,4988,73.1,1,5.4,1,77961,1,0,0
Zasu,29.9752825,-90.1002005,"127 N Carrollton Ave, New Orleans, LA 70119, United States",ChIJVVVEYGKvIIYRmbRoIxRmaiA,/biz/zasu-new-orleans?osq=Restaurants,70119,0.127809717308991,4,19,16269,43.1,1,18955,50.2,0,1,0,0,340,0.9,0,0,0,0,4276,47.8,1,6.1,1,40769,0,0,0
Brown Butter Southern Kitchen & Bar,29.9761237,-90.0995795,"231 N Carrollton Ave Suite C, New Orleans, LA 70119, United States",ChIJAz_nRWKvIIYR0vKcRbQnMvk,/biz/brown-butter-southern-kitchen-and-bar-new-orleans?osq=Restaurants,70119,0.135871348779147,4.4,19,16269,43.1,1,18955,50.2,0,1,0,0,340,0.9,0,0,0,0,4276,47.8,1,6.1,1,40769,0,0,0
Shaya,29.9210475,-90.0995441,"4213 Magazine St, New Orleans, LA 70115, United States",ChIJi5-8kE6kIIYRzZQnABsIYSA,/biz/shaya-new-orleans-2?osq=Restaurants,70115,0.152086918228326,4,20,23892,68.6,1,8927,25.6,0,163,0.5,1,536,1.5,0,17,0,0,4988,73.1,1,5.4,1,77961,1,0,0
Pomelo NOLA,29.9211388,-90.0984265,"4113 Magazine St, New Orleans, LA 70115, United States",ChIJxRfAaj-lIIYRntxxw45WAzE,/biz/pomelo-nola-new-orleans?osq=Restaurants,70115,0.134042851175337,4.2,20,23892,68.6,1,8927,25.6,0,163,0.5,1,536,1.5,0,17,0,0,4988,73.1,1,5.4,1,77961,1,0,0
Vessel NOLA,29.974172,-90.097435,"3835 Iberville St, New Orleans, LA 70119, United States",ChIJs6bP4mGvIIYRsio6Accc4N8,/biz/vessel-nola-new-orleans-2?osq=Restaurants,70119,0.133142203902708,4.4,19,16269,43.1,1,18955,50.2,0,1,0,0,340,0.9,0,0,0,0,4276,47.8,1,6.1,1,40769,0,0,0
Katie’s Restaurant & Bar,29.973103,-90.0959144,"3701 Iberville St, New Orleans, LA 70119, United States",ChIJNXSkY4qlIIYRAU7Df0A64kI,/biz/katies-restaurant-and-bar-new-orleans?osq=Restaurants,70119,0.142774483532449,4.5,19,16269,43.1,1,18955,50.2,0,1,0,0,340,0.9,0,0,0,0,4276,47.8,1,6.1,1,40769,0,0,0
Toups Meatery,29.9807262,-90.0944858,"845 N Carrollton Ave, New Orleans, LA 70119, United States",ChIJSyavR2evIIYR42wG96hROUI,/biz/toups-meatery-new-orleans?osq=Restaurants,70119,0.13768076997725,3.9,19,16269,43.1,1,18955,50.2,0,1,0,0,340,0.9,0,0,0,0,4276,47.8,1,6.1,1,40769,0,0,0
Blue Oak BBQ,29.9805129,-90.0935968,"900 N Carrollton Ave, New Orleans, LA 70119, United States",ChIJI0H_6fOlIIYRFNNZ9uh_0jg,/biz/blue-oak-bbq-new-orleans?osq=Restaurants,70119,0.149634420104459,4.5,19,16269,43.1,1,18955,50.2,0,1,0,0,340,0.9,0,0,0,0,4276,47.8,1,6.1,1,40769,0,0,0
The Delachaise,29.9275388,-90.0926069,"3442 St Charles Ave, New Orleans, LA 70115, United States",ChIJcasRTDWkIIYRADEmOLNcfuA,/biz/the-delachaise-new-orleans?osq=Restaurants,70115,0.046775827044087,4.2,20,23892,68.6,1,8927,25.6,0,163,0.5,1,536,1.5,0,17,0,0,4988,73.1,1,5.4,1,77961,1,0,0
Neyow's Creole Cafe,29.9713137,-90.0921536,"3332 Bienville St, New Orleans, LA 70119, United States",ChIJ6yggIfWlIIYRX1eNYK3eZ2w,/biz/neyows-creole-cafe-new-orleans-3?osq=Restaurants,70119,0.121625749761338,3.8,19,16269,43.1,1,18955,50.2,0,1,0,0,340,0.9,0,0,0,0,4276,47.8,1,6.1,1,40769,0,0,0
Piece Of Meat,29.9712143,-90.0913696,"3301 Bienville St, New Orleans, LA 70119, United States",ChIJHwyw8DOlIIYRNraQZn9Jwt8,/biz/piece-of-meat-new-orleans-2?osq=Restaurants,70119,0.0339191277023987,4.6,19,16269,43.1,1,18955,50.2,0,1,0,0,340,0.9,0,0,0,0,4276,47.8,1,6.1,1,40769,0,0,0
Parkway Bakery & Tavern,29.9736833,-90.0902084,"538 Hagan Ave, New Orleans, LA 70119, United States",ChIJMwzPjvWlIIYRGeDgzUA-gCI,/biz/parkway-bakery-and-tavern-new-orleans?osq=Restaurants,70119,0.143352083142054,4.5,19,16269,43.1,1,18955,50.2,0,1,0,0,340,0.9,0,0,0,0,4276,47.8,1,6.1,1,40769,0,0,0
Marjie's Grill,29.963255,-90.0891214,"320 S Broad St, New Orleans, LA 70119, United States",ChIJt-isHPKlIIYR_LTQhA9mJ-o,/biz/marjies-grill-new-orleans?osq=Restaurants,70119,0.126135260334021,4.1,19,16269,43.1,1,18955,50.2,0,1,0,0,340,0.9,0,0,0,0,4276,47.8,1,6.1,1,40769,0,0,0
BOIL Seafood House,29.9229881,-90.0886166,"3340 Magazine St, New Orleans, LA 70115, United States",ChIJm_849jOkIIYRDoz3cFpSH6U,/biz/boil-seafood-house-new-orleans?osq=Restaurants,70115,0.0426540570322267,4.4,20,23892,68.6,1,8927,25.6,0,163,0.5,1,536,1.5,0,17,0,0,4988,73.1,1,5.4,1,77961,1,0,0
Fharmacy Nola,29.961597,-90.088282,"2540 Banks St, New Orleans, LA 70119, United States",ChIJDZgFD-6lIIYRDRREZUr6ugE,/biz/fharmacy-nola-new-orleans?osq=Restaurants,70119,0.174279568311715,4.6,19,16269,43.1,1,18955,50.2,0,1,0,0,340,0.9,0,0,0,0,4276,47.8,1,6.1,1,40769,0,0,0
Atchafalaya Restaurant,29.921292,-90.0878104,"901 Louisiana Ave, New Orleans, LA 70115, United States",ChIJC8nSXDGkIIYRErGwcVpRxTU,/biz/atchafalaya-restaurant-new-orleans?osq=Restaurants,70115,0.194389399272769,4.4,20,23892,68.6,1,8927,25.6,0,163,0.5,1,536,1.5,0,17,0,0,4988,73.1,1,5.4,1,77961,1,0,0
Heard Dat Kitchen,29.9438909,-90.0862855,"2520 Felicity St, New Orleans, LA 70113, United States",ChIJYc59isSlIIYRN_lgq1DiFsA,/biz/heard-dat-kitchen-new-orleans?osq=Restaurants,70113,0.153022740724669,4.4,9,1711,19.9,0,5860,68.2,1,0,0,0,91,1.1,0,0,0,0,537,41.1,1,11.2,1,25142,0,0,0
The Rum House,29.9241093,-90.086057,"3128 Magazine St, New Orleans, LA 70115, United States",ChIJETttTjKkIIYRfnaTcqDqbnw,/biz/the-rum-house-new-orleans?osq=Restaurants,70115,0.127063800473716,3.8,20,23892,68.6,1,8927,25.6,0,163,0.5,1,536,1.5,0,17,0,0,4988,73.1,1,5.4,1,77961,1,0,0
The Vintage,29.924333,-90.086037,"3121 Magazine St, New Orleans, LA 70115, United States",ChIJVVV5UTKkIIYRM59SGJilwMA,/biz/the-vintage-new-orleans-2?osq=Restaurants,70115,0.114067668905174,4.5,20,23892,68.6,1,8927,25.6,0,163,0.5,1,536,1.5,0,17,0,0,4988,73.1,1,5.4,1,77961,1,0,0
Lola's,29.9807233,-90.0853493,"3312 Esplanade Ave, New Orleans, LA 70119, United States",ChIJ_SHuPFqvIIYRoKRQh3Gx044,/biz/lolas-new-orleans?osq=Restaurants,70119,0.127941001096777,4.2,19,16269,43.1,1,18955,50.2,0,1,0,0,340,0.9,0,0,0,0,4276,47.8,1,6.1,1,40769,0,0,0
The Chicory House,29.930169,-90.085041,"2725 Prytania St, New Orleans, LA 70130, United States",ChIJjYWwNEGlIIYR2hPAZyddTd8,/biz/the-chicory-house-new-orleans?osq=Restaurants,70130,0.125309468931064,4.9,107,8970,63.7,1,4226,30,0,33,0.2,0,195,1.4,0,0,0,0,2547,66.4,1,4.1,1,65132,1,1,0
Joey K's Restaurant & Bar,29.9250792,-90.084843,"3001 Magazine St, New Orleans, LA 70115, United States",ChIJDY3RiDKkIIYRaGdEre9MSjI,/biz/joey-ks-restaurant-and-bar-new-orleans?osq=Restaurants,70115,0.13094045396325,3.9,20,23892,68.6,1,8927,25.6,0,163,0.5,1,536,1.5,0,17,0,0,4988,73.1,1,5.4,1,77961,1,0,0
Anita's Restaurant,29.9588721,-90.0846094,"2122 Tulane Ave, New Orleans, LA 70112, United States",ChIJU4yVb--lIIYRViS3TH6dFSk,/biz/anitas-restaurant-new-orleans?osq=Restaurants,70112,0.073357576563003,4.5,34,1465,41.2,1,1793,50.5,0,0,0,0,140,3.9,1,0,0,0,400,53.1,1,7.5,1,29625,0,1,0
1000 Figs,29.9805314,-90.08435,"3141 Ponce De Leon St STE 1, New Orleans, LA 70119, United States",ChIJPXPLCFqvIIYRlJrKZtqcjNo,/biz/1000-figs-new-orleans?osq=Restaurants,70119,0.0084606891177084,4.3,19,16269,43.1,1,18955,50.2,0,1,0,0,340,0.9,0,0,0,0,4276,47.8,1,6.1,1,40769,0,0,0
Commander's Palace,29.9288071,-90.0842041,"1403 Washington Ave, New Orleans, LA 70130, United States",ChIJW3d2Wc2lIIYRu-qs_NaSOkg,/biz/commanders-palace-new-orleans-2?osq=Restaurants,70130,0.580569196614693,4.3,107,8970,63.7,1,4226,30,0,33,0.2,0,195,1.4,0,0,0,0,2547,66.4,1,4.1,1,65132,1,1,0
Bao Mi,29.9578321,-90.0830109,"2000 Tulane Ave Ste B, New Orleans, LA 70112, United States",ChIJW3riMXGlIIYRUKJJ8UHsa1E,/biz/bao-mi-new-orleans?osq=Restaurants,70112,0.172098251309952,4.2,34,1465,41.2,1,1793,50.5,0,0,0,0,140,3.9,1,0,0,0,400,53.1,1,7.5,1,29625,0,1,0
Coquette,29.9260416,-90.0825785,"2800 Magazine St, New Orleans, LA 70115, United States",ChIJ8dFCFi2kIIYR5cXQfaTpL-g,/biz/coquette-new-orleans?osq=Restaurants,70115,0.187470712472311,4.6,20,23892,68.6,1,8927,25.6,0,163,0.5,1,536,1.5,0,17,0,0,4988,73.1,1,5.4,1,77961,1,0,0
Aroma Indian Cuisine,29.9558237,-90.0813517,"401 S Claiborne Ave, New Orleans, LA 70112, United States",ChIJI1GL6q2lIIYR3-ylc5eNzq0,/biz/aroma-indian-cuisine-new-orleans?osq=Restaurants,70112,0.141171228953397,3.8,34,1465,41.2,1,1793,50.5,0,0,0,0,140,3.9,1,0,0,0,400,53.1,1,7.5,1,29625,0,1,0
Gabrielle Restaurant,29.9691458,-90.0800887,"2441 Orleans Ave, New Orleans, LA 70119, United States",ChIJK5KgRfmlIIYRj244Th8zLGk,/biz/gabrielle-restaurant-new-orleans-2?osq=Restaurants,70119,0.0170447652466864,4.5,19,16269,43.1,1,18955,50.2,0,1,0,0,340,0.9,0,0,0,0,4276,47.8,1,6.1,1,40769,0,0,0
Poseidon,29.9342963,-90.0797645,"2100 St Charles Ave, New Orleans, LA 70130, United States",ChIJvxApTtGlIIYRuYoyfnG1bNU,/biz/poseidon-new-orleans-3?osq=Restaurants,70130,0.0704809005831763,4.2,107,8970,63.7,1,4226,30,0,33,0.2,0,195,1.4,0,0,0,0,2547,66.4,1,4.1,1,65132,1,1,0
Jack Rose,29.9351562,-90.0796472,"2031 St Charles Ave FL 1, New Orleans, LA 70130, United States",ChIJq6pONtGlIIYR-koASyCWp3Y,/biz/jack-rose-new-orleans-2?osq=Restaurants,70130,0.182677466255123,2.9,107,8970,63.7,1,4226,30,0,33,0.2,0,195,1.4,0,0,0,0,2547,66.4,1,4.1,1,65132,1,1,0
Bayou Bar,29.9350475,-90.0795223,"2031 St Charles Ave, New Orleans, LA 70130, United States",ChIJQx5CNtGlIIYRZjZrWzoHdT0,/biz/bayou-bar-new-orleans-2?osq=Restaurants,70130,0.146855196361808,4.5,107,8970,63.7,1,4226,30,0,33,0.2,0,195,1.4,0,0,0,0,2547,66.4,1,4.1,1,65132,1,1,0
Molly's Rise and Shine,29.9279293,-90.0789655,"2368 Magazine St, New Orleans, LA 70130, United States",ChIJyScCj5ilIIYRYKKMSAR1owc,/biz/mollys-rise-and-shine-new-orleans?osq=Restaurants,70130,0.148915597290859,4.5,107,8970,63.7,1,4226,30,0,33,0.2,0,195,1.4,0,0,0,0,2547,66.4,1,4.1,1,65132,1,1,0
Willie Mae's Scotch House,29.9691932,-90.0789159,"2401 St Ann St., New Orleans, LA 70119, United States",ChIJwxUzsP6lIIYRDm7g_SLVUO4,/biz/willie-maes-scotch-house-new-orleans?osq=Restaurants,70119,0.333274086326451,4.3,19,16269,43.1,1,18955,50.2,0,1,0,0,340,0.9,0,0,0,0,4276,47.8,1,6.1,1,40769,0,0,0
Dooky Chase's Restaurant,29.9682103,-90.0784912,"2301 Orleans Ave, New Orleans, LA 70119, United States",ChIJ4_yjHvylIIYRVdcf1Ca5_eM,/biz/dooky-chases-restaurant-new-orleans?osq=Restaurants,70119,0.0312345811100465,3.7,19,16269,43.1,1,18955,50.2,0,1,0,0,340,0.9,0,0,0,0,4276,47.8,1,6.1,1,40769,0,0,0
Pho Tau Bay Restaurant,29.9565391,-90.0784505,"1565 Tulane Ave, New Orleans, LA 70112, United States",ChIJa1tOMOymIIYRwK6aZ1GViyI,/biz/pho-tau-bay-restaurant-new-orleans?osq=Restaurants,70112,0.138995324479286,4.9,34,1465,41.2,1,1793,50.5,0,0,0,0,140,3.9,1,0,0,0,400,53.1,1,7.5,1,29625,0,1,0
The Rabbit's Foot,29.9334515,-90.0783954,"2042 Prytania St, New Orleans, LA 70130, United States",ChIJFZw8PKylIIYR9waVbZkcGNA,/biz/the-rabbit-s-foot-new-orleans?osq=Restaurants,70130,0.16128438231273,4.1,107,8970,63.7,1,4226,30,0,33,0.2,0,195,1.4,0,0,0,0,2547,66.4,1,4.1,1,65132,1,1,1
Yawdi Food,29.956527,-90.0783085,"1561 Tulane Ave, New Orleans, LA 70112, United States",ChIJCZUq9GOlIIYR-L19P_wLxu0,/biz/yawdi-food-new-orleans-2?osq=Restaurants,70112,0.094735831233396,3.9,34,1465,41.2,1,1793,50.5,0,0,0,0,140,3.9,1,0,0,0,400,53.1,1,7.5,1,29625,0,1,0
Little Korea BBQ,29.9289293,-90.0776122,"2240 Magazine St #103, New Orleans, LA 70130, United States",ChIJVy4rormlIIYRQBQK-4tdoAA,/biz/little-korea-bbq-new-orleans?osq=Restaurants,70130,0.10267811373456,3.8,107,8970,63.7,1,4226,30,0,33,0.2,0,195,1.4,0,0,0,0,2547,66.4,1,4.1,1,65132,1,1,0
Catty Car Corner,29.9510528,-90.0771844,"1340 Poydras St, New Orleans, LA 70112, United States",ChIJgbCxhOClIIYRjXyHSfzzrKk,/biz/catty-car-corner-new-orleans?osq=Restaurants,70112,0.0477058669734353,4.6,34,1465,41.2,1,1793,50.5,0,0,0,0,140,3.9,1,0,0,0,400,53.1,1,7.5,1,29625,0,1,0
District Donuts Sliders Brew,29.9294801,-90.0771601,"2209 Magazine St, New Orleans, LA 70130, United States",ChIJW0nJ4dSlIIYRHOsoRvpib6w,/biz/district-donuts-sliders-brew-new-orleans?osq=Restaurants,70130,0.12550416564865,4.4,107,8970,63.7,1,4226,30,0,33,0.2,0,195,1.4,0,0,0,0,2547,66.4,1,4.1,1,65132,1,1,0
Rollin Fatties,29.9551684,-90.0767341,"1430 Tulane Ave, New Orleans, LA 70112, United States",ChIJh8son-GlIIYRbW3e5DRjxFQ,/biz/rollin-fatties-new-orleans-2?osq=Restaurants,70112,0.135654257822409,3.9,34,1465,41.2,1,1793,50.5,0,0,0,0,140,3.9,1,0,0,0,400,53.1,1,7.5,1,29625,0,1,1
Thai'd Up,29.9862484,-90.0764834,"1839 Gentilly Blvd, New Orleans, LA 70119, United States",ChIJF4A1VeqvIIYRWwigfUAfpN8,/biz/thaid-up-new-orleans?osq=Restaurants,70119,0.133828695120083,4.5,19,16269,43.1,1,18955,50.2,0,1,0,0,340,0.9,0,0,0,0,4276,47.8,1,6.1,1,40769,0,0,0
Toast,29.9864379,-90.0764189,"1845 Gentilly Blvd, New Orleans, LA 70119, United States",ChIJv8OGZU2vIIYRhVVaLvqQK3w,/biz/toast-new-orleans-2?osq=Restaurants,70115,0.0762855173648647,4.1,20,23892,68.6,1,8927,25.6,0,163,0.5,1,536,1.5,0,17,0,0,4988,73.1,1,5.4,1,77961,1,0,0
The Yard,29.9218098,-90.0763238,"405 Third St, New Orleans, LA 70130, United States",ChIJSSIZhimkIIYRRkEKL0aQsPM,/biz/the-yard-new-orleans?osq=Restaurants,70116,0.12061024223533,3.6,45,6099,51,1,5299,44.3,0,6,0.1,0,37,0.3,0,0,0,0,1008,45.9,1,11.4,1,36842,0,1,0
Lula Restaurant Distillery,29.9383372,-90.0757316,"1532 St Charles Ave, New Orleans, LA 70130, United States",ChIJw_H769elIIYR3TLE1Oo1XK0,/biz/lula-restaurant-distillery-new-orleans-2?osq=Restaurants,70130,0.224058430589072,4.2,107,8970,63.7,1,4226,30,0,33,0.2,0,195,1.4,0,0,0,0,2547,66.4,1,4.1,1,65132,1,1,0
District All Day Delicious,29.9483883,-90.0754647,"611 O'Keefe Ave C7, New Orleans, LA 70113, United States",ChIJaQ6NuamlIIYRV0fkd8QhAok,/biz/district-all-day-delicious-new-orleans?osq=Restaurants,70113,0.0565213013538477,4.2,9,1711,19.9,0,5860,68.2,1,0,0,0,91,1.1,0,0,0,0,537,41.1,1,11.2,1,25142,0,0,1
Tava Indian Street Food,29.9483619,-90.0753458,"611 O'Keefe Ave Unit 8, New Orleans, LA 70113, United States",ChIJ3-yLfSqnIIYRWlOEO6sulVc,/biz/tava-indian-street-food-new-orleans?osq=Restaurants,70113,0.148601561069852,4.1,9,1711,19.9,0,5860,68.2,1,0,0,0,91,1.1,0,0,0,0,537,41.1,1,11.2,1,25142,0,0,1
Willa Jean,29.9483183,-90.0750983,"611 O'Keefe Ave, New Orleans, LA 70113, United States",ChIJMfQiid-lIIYRiW0km1nb_Lo,/biz/willa-jean-new-orleans?osq=Restaurants,70113,0.233653472951963,4.3,9,1711,19.9,0,5860,68.2,1,0,0,0,91,1.1,0,0,0,0,537,41.1,1,11.2,1,25142,0,0,1
Maïs Arepas,29.9419017,-90.075052,"1200 Carondelet St, New Orleans, LA 70130, United States",ChIJmw5OfNilIIYRJSRXkuI4NnI,/biz/ma%C3%AFs-arepas-new-orleans?osq=Restaurants,70130,0.153075233519967,4.9,107,8970,63.7,1,4226,30,0,33,0.2,0,195,1.4,0,0,0,0,2547,66.4,1,4.1,1,65132,1,1,0
Willie Mae's At The Market,29.9536102,-90.0750021,"234 Loyola Ave, New Orleans, LA 70112, United States",ChIJDWkzOlWlIIYR4RaXhdjwd-8,/biz/willie-maes-at-the-market-new-orleans-2?osq=Restaurants,70112,0.0811425299481543,4.2,34,1465,41.2,1,1793,50.5,0,0,0,0,140,3.9,1,0,0,0,400,53.1,1,7.5,1,29625,0,1,1
Pythian Market,29.9535982,-90.074919,"234 Loyola Ave, New Orleans, LA 70112, United States",ChIJNR21K-ClIIYRITZDrzaYSSc,/biz/pythian-market-new-orleans?osq=Restaurants,70112,0.136588116704743,4.2,34,1465,41.2,1,1793,50.5,0,0,0,0,140,3.9,1,0,0,0,400,53.1,1,7.5,1,29625,0,1,1
Maypop Restaurant,29.9490234,-90.0748027,"611 O'Keefe Ave, New Orleans, LA 70113, United States",ChIJ21WPj9-lIIYRPdZ4_ZvBftQ,/biz/maypop-restaurant-new-orleans?osq=Restaurants,70113,0.178748746151257,4.2,9,1711,19.9,0,5860,68.2,1,0,0,0,91,1.1,0,0,0,0,537,41.1,1,11.2,1,25142,0,0,1
Nola Caye,29.945067,-90.0744964,"898 Baronne St, New Orleans, LA 70113, United States",ChIJJxk3AHamIIYRnH_K7l9Qvh8,/biz/nola-caye-new-orleans?osq=Restaurants,70113,0.225112587591525,4.6,9,1711,19.9,0,5860,68.2,1,0,0,0,91,1.1,0,0,0,0,537,41.1,1,11.2,1,25142,0,0,1
Monkey Board,29.9533214,-90.0744417,"1111 Gravier St, New Orleans, LA 70112, United States",ChIJq6r6gwqmIIYROaKMCDb7FiE,/biz/monkey-board-new-orleans-2?osq=Restaurants,70112,0.103346453717507,3.9,34,1465,41.2,1,1793,50.5,0,0,0,0,140,3.9,1,0,0,0,400,53.1,1,7.5,1,29625,0,1,1
Turkey and the Wolf,29.9272136,-90.0743656,"739 Jackson Ave, New Orleans, LA 70130, United States",ChIJtcKRBICmIIYR_25UytUP3Do,/biz/turkey-and-the-wolf-new-orleans?osq=Restaurants,70130,0.191147001286119,4.4,107,8970,63.7,1,4226,30,0,33,0.2,0,195,1.4,0,0,0,0,2547,66.4,1,4.1,1,65132,1,1,0
Johnny Sanchez,29.9498663,-90.0740562,"930 Poydras St Suite 101, New Orleans, LA 70112, United States",ChIJYzBrRXWmIIYRVVBUMopFLa8,/biz/johnny-sanchez-new-orleans-7?osq=Restaurants,70112,0.102840465088263,3.7,34,1465,41.2,1,1793,50.5,0,0,0,0,140,3.9,1,0,0,0,400,53.1,1,7.5,1,29625,0,1,1
The Tasting Room,29.9313212,-90.0738651,"1906 Magazine St, New Orleans, LA 70130, United States",ChIJLVTHcX-mIIYR3yL4EXJlkKg,/biz/the-tasting-room-new-orleans-2?osq=Restaurants,70130,0.128906498707005,4.2,107,8970,63.7,1,4226,30,0,33,0.2,0,195,1.4,0,0,0,0,2547,66.4,1,4.1,1,65132,1,1,1
Union Ramen,29.9317757,-90.0738518,"1837 Magazine St Suite B, New Orleans, LA 70130, United States",ChIJ-2tKINWnIIYRfbkNfvTax08,/biz/union-ramen-new-orleans?osq=Restaurants,70130,0.124760536888476,4.7,107,8970,63.7,1,4226,30,0,33,0.2,0,195,1.4,0,0,0,0,2547,66.4,1,4.1,1,65132,1,1,1
Daisy Mae's,29.9500396,-90.073689,"920 Poydras St, New Orleans, LA 70112, United States",ChIJXxJf-vqnIIYROj6kgaQkMec,/biz/daisy-mae-s-new-orleans?osq=Restaurants,70112,0.130607608808522,4.3,34,1465,41.2,1,1793,50.5,0,0,0,0,140,3.9,1,0,0,0,400,53.1,1,7.5,1,29625,0,1,1
Lilly's Cafe,29.9320804,-90.0734571,"1813 Magazine St, New Orleans, LA 70130, United States",ChIJi-pEFX-mIIYRr5984H9FvJQ,/biz/lillys-cafe-new-orleans-6?osq=Restaurants,70130,0.133756872219193,4.3,107,8970,63.7,1,4226,30,0,33,0.2,0,195,1.4,0,0,0,0,2547,66.4,1,4.1,1,65132,1,1,1
Gris-Gris,29.9318106,-90.0734061,"1800 Magazine St, New Orleans, LA 70130, United States",ChIJk6bGlcSnIIYRahN2bQAvLsw,/biz/gris-gris-new-orleans?osq=Restaurants,70130,0.275287158746879,4.3,107,8970,63.7,1,4226,30,0,33,0.2,0,195,1.4,0,0,0,0,2547,66.4,1,4.1,1,65132,1,1,1
Bearcat Cafe,29.9452615,-90.0733542,"845 Carondelet St, New Orleans, LA 70130, United States",ChIJfXqbTQOnIIYR7WZ9E_KbqVU,/biz/bearcat-cafe-new-orleans-3?osq=Restaurants,70115,0.147446481706657,4.3,20,23892,68.6,1,8927,25.6,0,163,0.5,1,536,1.5,0,17,0,0,4988,73.1,1,5.4,1,77961,1,0,1
Bearcat CBD,29.9452615,-90.0733542,"845 Carondelet St, New Orleans, LA 70130, United States",ChIJfXqbTQOnIIYR7WZ9E_KbqVU,/biz/bearcat-cbd-new-orleans?osq=Restaurants,70130,0.150716572894757,3.1,107,8970,63.7,1,4226,30,0,33,0.2,0,195,1.4,0,0,0,0,2547,66.4,1,4.1,1,65132,1,1,1
Baronne Bistro,29.9484438,-90.0731985,"616 Baronne St, New Orleans, LA 70113, United States",ChIJ1aXfLs6nIIYR_5L4wY6_X0s,/biz/baronne-bistro-new-orleans-2?osq=Restaurants,70113,0.0922093416359927,4.7,9,1711,19.9,0,5860,68.2,1,0,0,0,91,1.1,0,0,0,0,537,41.1,1,11.2,1,25142,0,0,1
Bisutoro on Magazine,29.9328889,-90.0731537,"1581 Magazine St, New Orleans, LA 70130, United States",ChIJBwxlz9inIIYRyLiNhNg9WR0,/biz/bisutoro-on-magazine-new-orleans?osq=Restaurants,70130,0.0726929310350643,4.6,107,8970,63.7,1,4226,30,0,33,0.2,0,195,1.4,0,0,0,0,2547,66.4,1,4.1,1,65132,1,1,1
Commons Club,29.948945,-90.0731349,"550 Baronne St, New Orleans, LA 70113, United States",ChIJa8O1_4ynIIYRIBpUJ40CmcA,/biz/commons-club-new-orleans?osq=Restaurants,70113,0.0511278361949933,3.9,9,1711,19.9,0,5860,68.2,1,0,0,0,91,1.1,0,0,0,0,537,41.1,1,11.2,1,25142,0,0,1
Bésame,29.9551555,-90.0729871,"110 S Rampart St, New Orleans, LA 70112, United States",ChIJMQ0BOzKnIIYRXwNl9cypUb0,/biz/b%C3%A9same-new-orleans-2?osq=Restaurants,70112,0.261108101004343,4.8,34,1465,41.2,1,1793,50.5,0,0,0,0,140,3.9,1,0,0,0,400,53.1,1,7.5,1,29625,0,1,1
Two Chicks Café - CBD,29.9525674,-90.0729757,"920 Gravier St, New Orleans, LA 70112, United States",ChIJNQcktumnIIYRbs0iK64kfOs,/biz/two-chicks-caf%C3%A9-cbd-new-orleans-2?osq=Restaurants,70112,0.152868882958036,4.1,34,1465,41.2,1,1793,50.5,0,0,0,0,140,3.9,1,0,0,0,400,53.1,1,7.5,1,29625,0,1,1
Two Chicks Cafe,29.9525674,-90.0729757,"920 Gravier St, New Orleans, LA 70112, United States",ChIJNQcktumnIIYRbs0iK64kfOs,/biz/two-chicks-cafe-new-orleans-2?osq=Restaurants,70130,0.223381124454204,3.5,107,8970,63.7,1,4226,30,0,33,0.2,0,195,1.4,0,0,0,0,2547,66.4,1,4.1,1,65132,1,1,1
Elizabeth Street Cafe,29.9339761,-90.0728955,"1507 Magazine St, New Orleans, LA 70130, United States",ChIJi93By8OnIIYR64bx00i_yrk,/biz/elizabeth-street-cafe-new-orleans-2?osq=Restaurants,70130,0.137705900267066,4.3,107,8970,63.7,1,4226,30,0,33,0.2,0,195,1.4,0,0,0,0,2547,66.4,1,4.1,1,65132,1,1,1
Baroness On Baronne,29.9514448,-90.0728069,"339 Baronne St, New Orleans, LA 70112, United States",ChIJVdbm0AqmIIYRASZjjo8UpGM,/biz/baroness-on-baronne-new-orleans-2?osq=Restaurants,70112,0.13439184241146,3.9,34,1465,41.2,1,1793,50.5,0,0,0,0,140,3.9,1,0,0,0,400,53.1,1,7.5,1,29625,0,1,1
Seaworthy,29.9479021,-90.0723003,"630 Carondelet St, New Orleans, LA 70130, United States",ChIJVyAGVXSmIIYRZePB1j0CFRo,/biz/seaworthy-new-orleans?osq=Restaurants,70130,0.133795189410337,4.5,107,8970,63.7,1,4226,30,0,33,0.2,0,195,1.4,0,0,0,0,2547,66.4,1,4.1,1,65132,1,1,1
Bar Marilou,29.9488556,-90.0720235,"544 Carondelet St, New Orleans, LA 70130, United States",ChIJ94OYUNqnIIYR0AdY-ID7phc,/biz/bar-marilou-new-orleans?osq=Restaurants,70130,0.129612447253401,4.1,107,8970,63.7,1,4226,30,0,33,0.2,0,195,1.4,0,0,0,0,2547,66.4,1,4.1,1,65132,1,1,1
Fritai,29.9638081,-90.0719561,"1535 Basin St, New Orleans, LA 70116, United States",ChIJze1Ka-WnIIYRnn1YC_3S68Y,/biz/fritai-new-orleans?osq=Restaurants,70116,0.143178440402281,4.5,45,6099,51,1,5299,44.3,0,6,0.1,0,37,0.3,0,0,0,0,1008,45.9,1,11.4,1,36842,0,1,0
Cleo's,29.9547086,-90.0719378,"940 Canal St, New Orleans, LA 70112, United States",ChIJU3NRWQqmIIYRzPSPmJZsXes,/biz/cleos-new-orleans?osq=Restaurants,70112,0.131015545224319,4.5,34,1465,41.2,1,1793,50.5,0,0,0,0,140,3.9,1,0,0,0,400,53.1,1,7.5,1,29625,0,1,1
Surrey's Café & Juice Bar,29.9358054,-90.071898,"1418 Magazine St, New Orleans, LA 70130, United States",ChIJvf6RBHmmIIYRSY013RiSp3c,/biz/surreys-caf%C3%A9-and-juice-bar-new-orleans-2?osq=Restaurants,70130,0.0567105603843783,4.5,107,8970,63.7,1,4226,30,0,33,0.2,0,195,1.4,0,0,0,0,2547,66.4,1,4.1,1,65132,1,1,0
True Food Kitchen,29.945841,-90.071842,"801 St Charles Ave, New Orleans, LA 70130, United States",ChIJ3cECt_enIIYRrKA1ldCU_hI,/biz/true-food-kitchen-new-orleans-3?osq=Restaurants,70130,0.091071087205835,3.8,107,8970,63.7,1,4226,30,0,33,0.2,0,195,1.4,0,0,0,0,2547,66.4,1,4.1,1,65132,1,1,1
Domenica,29.9538764,-90.0716274,"123 Baronne St, New Orleans, LA 70112, United States",ChIJTz6VoQumIIYRAXvVrezBp-U,/biz/domenica-new-orleans?osq=Restaurants,70112,0.167290753946709,4.1,34,1465,41.2,1,1793,50.5,0,0,0,0,140,3.9,1,0,0,0,400,53.1,1,7.5,1,29625,0,1,1
Le Chat Noir,29.9471313,-90.0716132,"715 St Charles Ave, New Orleans, LA 70130, United States",ChIJazhbRHSmIIYREIS5yw4LV5c,/biz/le-chat-noir-new-orleans-2?osq=Restaurants,70130,0.136758259387639,4.8,107,8970,63.7,1,4226,30,0,33,0.2,0,195,1.4,0,0,0,0,2547,66.4,1,4.1,1,65132,1,1,1
Olive,29.9510587,-90.0715911,"339 Carondelet St, New Orleans, LA 70130, United States",ChIJZwTGJfOnIIYResAo0jGHFpA,/biz/olive-new-orleans?osq=Restaurants,70112,0.154338652828427,4.5,34,1465,41.2,1,1793,50.5,0,0,0,0,140,3.9,1,0,0,0,400,53.1,1,7.5,1,29625,0,1,1
Herbsaint,29.9473185,-90.0714264,"701 St Charles Ave, New Orleans, LA 70130, United States",ChIJi2AxW3SmIIYRmML7jsbqtb8,/biz/herbsaint-new-orleans?osq=Restaurants,70130,0.143829067180577,4.1,107,8970,63.7,1,4226,30,0,33,0.2,0,195,1.4,0,0,0,0,2547,66.4,1,4.1,1,65132,1,1,1
The Little Easy,29.9456573,-90.0713774,"634 Julia St, New Orleans, LA 70130, United States",ChIJVbUT-u6nIIYRnS2chtJ6CPo,/biz/the-little-easy-new-orleans?osq=Restaurants,70130,0.133358509386639,4.5,107,8970,63.7,1,4226,30,0,33,0.2,0,195,1.4,0,0,0,0,2547,66.4,1,4.1,1,65132,1,1,1
Stanley,29.9503038,-90.0713499,"701 Poydras St #365, New Orleans, LA 70139, United States",ChIJAbFB55vaXhQRlfVRijzkXjk,/biz/stanley-new-orleans?osq=Restaurants,70116,0.134182751955112,4.5,45,6099,51,1,5299,44.3,0,6,0.1,0,37,0.3,0,0,0,0,1008,45.9,1,11.4,1,36842,0,1,1
Cajun Mike's Pub & Grub,29.9538618,-90.0712923,"116 Baronne St, New Orleans, LA 70112, United States",ChIJZ5w4oAumIIYRgO0eko9A-Ys,/biz/cajun-mikes-pub-and-grub-new-orleans?osq=Restaurants,70112,0.158703864696318,4.9,34,1465,41.2,1,1793,50.5,0,0,0,0,140,3.9,1,0,0,0,400,53.1,1,7.5,1,29625,0,1,1
The Bower,29.9378966,-90.0712854,"1320 Magazine St, New Orleans, LA 70130, United States",ChIJN6Vv7pOnIIYRifDyYvO6qC4,/biz/the-bower-new-orleans?osq=Restaurants,70130,0.150358852136198,3.9,107,8970,63.7,1,4226,30,0,33,0.2,0,195,1.4,0,0,0,0,2547,66.4,1,4.1,1,65132,1,1,0
Fat Boy Pantry,29.9380803,-90.0712556,"1302 Magazine St, New Orleans, LA 70130, United States",ChIJDRHbwXmmIIYR8g3OaZHhCL8,/biz/fat-boy-pantry-new-orleans?osq=Restaurants,70130,0.133858600260606,4.5,107,8970,63.7,1,4226,30,0,33,0.2,0,195,1.4,0,0,0,0,2547,66.4,1,4.1,1,65132,1,1,0
Birdy's Behind the Bower,29.937844,-90.0712358,"1320 Magazine St, New Orleans, LA 70130, United States",ChIJTbak8qSnIIYR0P7TTlH_0d8,/biz/birdy-s-behind-the-bower-new-orleans?osq=Restaurants,70130,0.137579971038219,3.5,107,8970,63.7,1,4226,30,0,33,0.2,0,195,1.4,0,0,0,0,2547,66.4,1,4.1,1,65132,1,1,0
Blue Giant,29.938161,-90.0712209,"1300 Magazine St, New Orleans, LA 70130, United States",ChIJGYaKZm-nIIYRKsZmo7jc9rE,/biz/blue-giant-new-orleans?osq=Restaurants,70130,0.15893363080602,4,107,8970,63.7,1,4226,30,0,33,0.2,0,195,1.4,0,0,0,0,2547,66.4,1,4.1,1,65132,1,1,0
Hobnobber's Variety Bar & Restaurant,29.953055,-90.0708163,"139 Carondelet St, New Orleans, LA 70130, United States",ChIJYzC5bwumIIYRTpkRjt9LG64,/biz/hobnobbers-variety-bar-and-restaurant-new-orleans?osq=Restaurants,70130,0.169189693261805,4.4,107,8970,63.7,1,4226,30,0,33,0.2,0,195,1.4,0,0,0,0,2547,66.4,1,4.1,1,65132,1,1,1
Palm&Pine,29.9574597,-90.0707713,"308 N Rampart St, New Orleans, LA 70112, United States",ChIJB6_JZ4GnIIYR0c5EbhvvlJE,/biz/palm-and-pine-new-orleans?osq=Restaurants,70112,0.165059133169817,4.5,34,1465,41.2,1,1793,50.5,0,0,0,0,140,3.9,1,0,0,0,400,53.1,1,7.5,1,29625,0,1,1
Gallier Restaurant & Oyster Bar,29.95328,-90.0707682,"129 Carondelet St, New Orleans, LA 70130, United States",ChIJfYOnegumIIYRuWI6YG046PI,/biz/gallier-restaurant-and-oyster-bar-new-orleans?osq=Restaurants,70112,0.323119376146016,4.3,34,1465,41.2,1,1793,50.5,0,0,0,0,140,3.9,1,0,0,0,400,53.1,1,7.5,1,29625,0,1,1
Daisy Dukes Express,29.9532747,-90.0705934,"123 Carondelet St, New Orleans, LA 70130, United States",ChIJaQzacAumIIYRMvCGu_BuBBg,/biz/daisy-dukes-express-new-orleans-4?osq=Restaurants,70130,0.129312194700655,4.3,107,8970,63.7,1,4226,30,0,33,0.2,0,195,1.4,0,0,0,0,2547,66.4,1,4.1,1,65132,1,1,1
Luke,29.9505886,-90.0704239,"333 St Charles Ave, New Orleans, LA 70130, United States",ChIJf-CSq3SmIIYR1QNnxY9r5wo,/biz/luke-new-orleans-3?osq=Restaurants,70130,0.213973137525469,4.2,107,8970,63.7,1,4226,30,0,33,0.2,0,195,1.4,0,0,0,0,2547,66.4,1,4.1,1,65132,1,1,1
Lufu Nola,29.9514043,-90.0703336,"LUFU NOLA, 301 St Charles Ave, New Orleans, LA 70130, United States",ChIJH2vBxgqlIIYRBpg9LXPmgEA,/biz/lufu-nola-new-orleans?osq=Restaurants,70112,0.141832394907031,3.9,34,1465,41.2,1,1793,50.5,0,0,0,0,140,3.9,1,0,0,0,400,53.1,1,7.5,1,29625,0,1,1
French Toast,29.951152,-90.070007,"312 St Charles Ave, New Orleans, LA 70130, United States",ChIJ1VMVN_SnIIYR41ziI7hLs64,/biz/french-toast-new-orleans?osq=Restaurants,70116,0.141859869142757,4.5,45,6099,51,1,5299,44.3,0,6,0.1,0,37,0.3,0,0,0,0,1008,45.9,1,11.4,1,36842,0,1,1
Streetcar Cafe,29.951152,-90.070007,"312 St Charles Ave, New Orleans, LA 70130, United States",ChIJ1VMVN_SnIIYR41ziI7hLs64,/biz/streetcar-cafe-new-orleans-2?osq=Restaurants,70130,0.217676299304488,4.6,107,8970,63.7,1,4226,30,0,33,0.2,0,195,1.4,0,0,0,0,2547,66.4,1,4.1,1,65132,1,1,1
Carmo,29.9456062,-90.0698623,"527 Julia St, New Orleans, LA 70130, United States",ChIJgU4W-XOmIIYRHUi4goKc8X4,/biz/carmo-new-orleans?osq=Restaurants,70130,0.180993891472465,3.8,107,8970,63.7,1,4226,30,0,33,0.2,0,195,1.4,0,0,0,0,2547,66.4,1,4.1,1,65132,1,1,1
Killer Poboys,29.9556652,-90.0698506,"219 Dauphine St, New Orleans, LA 70112, United States",ChIJZ70NCQymIIYRT4pPaqC21ho,/biz/killer-poboys-new-orleans-4?osq=Restaurants,70112,0.134055691436601,3.8,34,1465,41.2,1,1793,50.5,0,0,0,0,140,3.9,1,0,0,0,400,53.1,1,7.5,1,29625,0,1,1
Batch,29.955051,-90.0698098,"800 Iberville St, New Orleans, LA 70112, United States",ChIJ-cuvbwymIIYR-c-NEsnBbSw,/biz/batch-new-orleans?osq=Restaurants,70112,0.0126568945320897,4.3,34,1465,41.2,1,1793,50.5,0,0,0,0,140,3.9,1,0,0,0,400,53.1,1,7.5,1,29625,0,1,1
Deanie's Seafood,29.9553468,-90.0698063,"841 Iberville St, New Orleans, LA 70112, United States",ChIJ28cfCwymIIYRmTnBVitvmZ0,/biz/deanies-seafood-new-orleans-4?osq=Restaurants,70112,0.0084314644120273,4,34,1465,41.2,1,1793,50.5,0,0,0,0,140,3.9,1,0,0,0,400,53.1,1,7.5,1,29625,0,1,1
Sofia,29.945389,-90.0697336,"516 Julia St, New Orleans, LA 70130, United States",ChIJy4oVRA6nIIYRQiSj7HATJlQ,/biz/sofia-new-orleans-5?osq=Restaurants,70130,0.173267449494964,4.5,107,8970,63.7,1,4226,30,0,33,0.2,0,195,1.4,0,0,0,0,2547,66.4,1,4.1,1,65132,1,1,1
Trenasse,29.9504266,-90.0696997,"444 St Charles Ave, New Orleans, LA 70130, United States",ChIJZVNcqXSmIIYRisQ5EIaW_ck,/biz/trenasse-new-orleans?osq=Restaurants,70130,0.172655769958605,4.2,107,8970,63.7,1,4226,30,0,33,0.2,0,195,1.4,0,0,0,0,2547,66.4,1,4.1,1,65132,1,1,1
Red Fish Grill,29.9543621,-90.0696717,"115 Bourbon St, New Orleans, LA 70130, United States",ChIJFbotAG2nIIYR8tbRE9Xeimg,/biz/red-fish-grill-new-orleans?osq=Restaurants,70130,0.162097886544797,4.1,107,8970,63.7,1,4226,30,0,33,0.2,0,195,1.4,0,0,0,0,2547,66.4,1,4.1,1,65132,1,1,1
The Hall On Mag,29.9451792,-90.06961,"801 Magazine St, New Orleans, LA 70130, United States",ChIJJeKPCu2nIIYR2c0Nc_sEQ8s,/biz/the-hall-on-mag-new-orleans-2?osq=Restaurants,70130,0.141631716362965,4.4,107,8970,63.7,1,4226,30,0,33,0.2,0,195,1.4,0,0,0,0,2547,66.4,1,4.1,1,65132,1,1,1
Jewel Of The South,29.9586389375105,-90.0695339601734,"1026 St Louis St  New Orleans, LA 70117  French Quarter",-,/biz/jewel-of-the-south-new-orleans?osq=Restaurants,70117,0.19952698492356,4.4,25,8498,31,0,17755,64.8,1,55,0.2,0,183,0.7,0,6,0,0,1857,38.4,0,13.5,1,29663,0,0,1
Three Legged Dog,29.9575306,-90.0693953,"400 Burgundy St, New Orleans, LA 70112, United States",ChIJFdE-sA6mIIYRUJH10I3tY1c,/biz/three-legged-dog-new-orleans?osq=Restaurants,70112,0.230753710476606,3.8,34,1465,41.2,1,1793,50.5,0,0,0,0,140,3.9,1,0,0,0,400,53.1,1,7.5,1,29625,0,1,1
Sidecar Nola Patio & Oyster Bar,29.9406129,-90.0693037,"1114 Constance St, New Orleans, LA 70130, United States",ChIJrQ0Sc1CnIIYRyHVp7guQMuQ,/biz/sidecar-nola-patio-and-oyster-bar-new-orleans?osq=Restaurants,70130,0.130838470471376,4.3,107,8970,63.7,1,4226,30,0,33,0.2,0,195,1.4,0,0,0,0,2547,66.4,1,4.1,1,65132,1,1,0
Espíritu Mezcaleria,29.9472001,-90.0691998,"520 Capdeville St, New Orleans, LA 70130, United States",ChIJ59y0jSKnIIYR_cxl4bXyqjA,/biz/esp%C3%ADritu-mezcaleria-new-orleans?osq=Restaurants,70130,0.0084347152153093,4.5,107,8970,63.7,1,4226,30,0,33,0.2,0,195,1.4,0,0,0,0,2547,66.4,1,4.1,1,65132,1,1,1
La Vie En Rose Cafe,29.9355909,-90.0691731,"1420 Annunciation St #2117, New Orleans, LA 70130, United States",ChIJ0dTWOmWlIIYR2ujJ2qcfwDQ,/biz/la-vie-en-rose-cafe-new-orleans?osq=Restaurants,70113,0.0449014462671587,5,9,1711,19.9,0,5860,68.2,1,0,0,0,91,1.1,0,0,0,0,537,41.1,1,11.2,1,25142,0,0,0
Bourbon House,29.9546025,-90.0691462,"144 Bourbon St, New Orleans, LA 70130, United States",ChIJs_quaAymIIYRUwRs2-LHWqA,/biz/bourbon-house-new-orleans?osq=Restaurants,70130,0.0169718779325703,3.6,107,8970,63.7,1,4226,30,0,33,0.2,0,195,1.4,0,0,0,0,2547,66.4,1,4.1,1,65132,1,1,1
Pêche,29.9452095,-90.0691411,"800 Magazine St, New Orleans, LA 70130, United States",ChIJv2VvX3GmIIYRlCIIn4WtIYY,/biz/p%C3%AAche-new-orleans?osq=Restaurants,70130,0.192430932905418,4.3,107,8970,63.7,1,4226,30,0,33,0.2,0,195,1.4,0,0,0,0,2547,66.4,1,4.1,1,65132,1,1,1
Olde Nola Cookery,29.954908,-90.069122,"205 Bourbon St, New Orleans, LA 70130, United States",ChIJ10PoawymIIYRw-RNuB0OBRc,/biz/olde-nola-cookery-new-orleans?osq=Restaurants,70130,0.163535914469851,3.8,107,8970,63.7,1,4226,30,0,33,0.2,0,195,1.4,0,0,0,0,2547,66.4,1,4.1,1,65132,1,1,1
Felix's Restaurant & Oyster Bar,29.9545806,-90.0688602,"739 Iberville St, New Orleans, LA 70130, United States",ChIJs2yfQgymIIYRT9HptHX817A,/biz/felixs-restaurant-and-oyster-bar-new-orleans?osq=Restaurants,70124,0.185220482407394,4.2,4,16821,86.9,1,946,4.9,0,1,0,0,784,4,1,0,0,0,2365,65.8,1,3.1,0,95366,1,1,1
Acme Oyster House,29.9544184,-90.0688424,"724 Iberville St, New Orleans, LA 70130, United States",ChIJ01VeXQymIIYRI6lnasCzx3M,/biz/acme-oyster-house-new-orleans?osq=Restaurants,70130,0.248062540749326,4.1,107,8970,63.7,1,4226,30,0,33,0.2,0,195,1.4,0,0,0,0,2547,66.4,1,4.1,1,65132,1,1,1
GW Fins,29.9555463,-90.0688386,"808 Bienville St, New Orleans, LA 70112, United States",ChIJ8W3hFQymIIYRQObKMMNMyRo,/biz/gw-fins-new-orleans-2?osq=Restaurants,70112,0.217562638342988,4.2,34,1465,41.2,1,1793,50.5,0,0,0,0,140,3.9,1,0,0,0,400,53.1,1,7.5,1,29625,0,1,1
Majoria's Commerce Restaurant,29.9508855,-90.0687883,"300 Camp St, New Orleans, LA 70130, United States",ChIJYYzVNHOmIIYRDYxaHY6rJSw,/biz/majorias-commerce-restaurant-new-orleans?osq=Restaurants,70130,0.158245437179632,4.5,107,8970,63.7,1,4226,30,0,33,0.2,0,195,1.4,0,0,0,0,2547,66.4,1,4.1,1,65132,1,1,1
Dickie Brennan's Steakhouse,29.9542059,-90.0687279,"716 Iberville St, New Orleans, LA 70130, United States",ChIJFYDeXQymIIYRh1Cion6Ta9I,/biz/dickie-brennans-steakhouse-new-orleans?osq=Restaurants,70130,0.0646027754033283,4.2,107,8970,63.7,1,4226,30,0,33,0.2,0,195,1.4,0,0,0,0,2547,66.4,1,4.1,1,65132,1,1,1
Bakery Bar,29.9389294,-90.0687196,"1179 Annunciation St, New Orleans, LA 70130, United States",ChIJzayfc3qmIIYRrN972H1ryRM,/biz/bakery-bar-new-orleans?osq=Restaurants,70130,0.0743954798528377,4.5,107,8970,63.7,1,4226,30,0,33,0.2,0,195,1.4,0,0,0,0,2547,66.4,1,4.1,1,65132,1,1,0
Gianna Restaurant,29.9467125,-90.0686857,"700 Magazine St #101, New Orleans, LA 70130, United States",ChIJNfM2hS2nIIYRf5TJIxaN8Ko,/biz/gianna-restaurant-new-orleans-2?osq=Restaurants,70130,0.137790657290226,3.8,107,8970,63.7,1,4226,30,0,33,0.2,0,195,1.4,0,0,0,0,2547,66.4,1,4.1,1,65132,1,1,1
"Laurel Oak, Southern Brasserie",29.9510212,-90.0685271,"2701, 535 Gravier St #2701, New Orleans, LA 70130, United States",ChIJgaSczAymIIYRLXdUJWiyv8A,/biz/laurel-oak-southern-brasserie-new-orleans?osq=Restaurants,70130,0.200132493697347,4.4,107,8970,63.7,1,4226,30,0,33,0.2,0,195,1.4,0,0,0,0,2547,66.4,1,4.1,1,65132,1,1,1
Gyu-Kaku Japanese BBQ,29.9476271,-90.0684253,"400 Lafayette St #101, New Orleans, LA 70130, United States",ChIJFYMh3M2nIIYR-SiuKtxxRtw,/biz/gyu-kaku-japanese-bbq-new-orleans?osq=Restaurants,70130,0.135523082587207,3.6,107,8970,63.7,1,4226,30,0,33,0.2,0,195,1.4,0,0,0,0,2547,66.4,1,4.1,1,65132,1,1,1
Mr. B's Bistro,29.9543868,-90.0683629,"201 Royal St, New Orleans, LA 70130, United States",ChIJt2f3WgymIIYRb1B1S_gWc3I,/biz/mr-bs-bistro-new-orleans?osq=Restaurants,70130,0.148240900539092,4.3,107,8970,63.7,1,4226,30,0,33,0.2,0,195,1.4,0,0,0,0,2547,66.4,1,4.1,1,65132,1,1,1
Luzianne Cafe,29.9467735,-90.0683568,"481 Girod St, New Orleans, LA 70130, United States",ChIJ6R-V_RCnIIYRkGOPW8seqmI,/biz/luzianne-cafe-new-orleans?osq=Restaurants,70130,0.0045990158250763,4.1,107,8970,63.7,1,4226,30,0,33,0.2,0,195,1.4,0,0,0,0,2547,66.4,1,4.1,1,65132,1,1,1
Palace Café,29.9528827,-90.0681941,"605 Canal St, New Orleans, LA 70130, United States",ChIJwYl_5QymIIYR_G27IPMLyyg,/biz/palace-caf%C3%A9-new-orleans-6?osq=Restaurants,70130,0.156546224619694,4.3,107,8970,63.7,1,4226,30,0,33,0.2,0,195,1.4,0,0,0,0,2547,66.4,1,4.1,1,65132,1,1,1
NOLA Restaurant - Temp. CLOSED,29.9528827,-90.0681941,"605 Canal St, New Orleans, LA 70130, United States",ChIJwYl_5QymIIYR_G27IPMLyyg,/biz/nola-restaurant-new-orleans-3?osq=Restaurants,70130,0.0608887876114097,4.9,107,8970,63.7,1,4226,30,0,33,0.2,0,195,1.4,0,0,0,0,2547,66.4,1,4.1,1,65132,1,1,1
Restaurant R'evolution,29.9553696,-90.0681844,"777 Bienville St, New Orleans, LA 70130, United States",ChIJJw5QMQymIIYRKiJRuT8HciA,/biz/restaurant-revolution-new-orleans-3?osq=Restaurants,70130,0.195624890283885,4.4,107,8970,63.7,1,4226,30,0,33,0.2,0,195,1.4,0,0,0,0,2547,66.4,1,4.1,1,65132,1,1,1
Meril,29.9465701,-90.0681427,"424 Girod St, New Orleans, LA 70130, United States",ChIJqTPPt3OmIIYRJCmPHA4Jwek,/biz/meril-new-orleans?osq=Restaurants,70130,0.157548343155455,3.9,107,8970,63.7,1,4226,30,0,33,0.2,0,195,1.4,0,0,0,0,2547,66.4,1,4.1,1,65132,1,1,1
Broussard's,29.9566009,-90.0681156,"819 Conti St, New Orleans, LA 70112, United States",ChIJC18MKAymIIYRxrPZ_YVWk2Q,/biz/broussards-new-orleans-3?osq=Restaurants,70112,0.0042189463692342,3.6,34,1465,41.2,1,1793,50.5,0,0,0,0,140,3.9,1,0,0,0,400,53.1,1,7.5,1,29625,0,1,1
Couvant,29.9502581,-90.0679984,"315 Magazine St, New Orleans, LA 70130, United States",ChIJVVUlMHOmIIYRq7rzhW-Pmbk,/biz/couvant-new-orleans?osq=Restaurants,70130,0.119905423354118,4.1,107,8970,63.7,1,4226,30,0,33,0.2,0,195,1.4,0,0,0,0,2547,66.4,1,4.1,1,65132,1,1,1
Li'l Dizzy's Cafe,29.9686669,-90.0678635,"1500 Esplanade Ave, New Orleans, LA 70116, United States",ChIJx-G9gwOmIIYR9RpVeoJe0Gg,/biz/lil-dizzys-cafe-new-orleans?osq=Restaurants,70116,0.058487468458714,4.4,45,6099,51,1,5299,44.3,0,6,0.1,0,37,0.3,0,0,0,0,1008,45.9,1,11.4,1,36842,0,1,0
Jimmy J's Cafe,29.9530594,-90.0678487,"115 Chartres St, New Orleans, LA 70130, United States",ChIJ3Xeo_AymIIYRCuyBsDV0H18,/biz/jimmy-js-cafe-new-orleans?osq=Restaurants,70130,0.0773145033731517,3.9,107,8970,63.7,1,4226,30,0,33,0.2,0,195,1.4,0,0,0,0,2547,66.4,1,4.1,1,65132,1,1,1
The Commissary,29.9320831,-90.0678346,"634 Orange St, New Orleans, LA 70130, United States",ChIJfTlr-QinIIYRnDyRTY_ASkc,/biz/the-commissary-new-orleans?osq=Restaurants,70130,0.166443727125133,4,107,8970,63.7,1,4226,30,0,33,0.2,0,195,1.4,0,0,0,0,2547,66.4,1,4.1,1,65132,1,1,0
Taqueria La Lucha,29.9422105,-90.0678204,"404 Andrew Higgins Blvd, New Orleans, LA 70130, United States",ChIJu4-BM-enIIYRXGn4_PR98WY,/biz/taqueria-la-lucha-new-orleans?osq=Restaurants,70130,0.116707684402511,3.5,107,8970,63.7,1,4226,30,0,33,0.2,0,195,1.4,0,0,0,0,2547,66.4,1,4.1,1,65132,1,1,1
Vyoone's,29.9464626,-90.06781,"412 Girod St, New Orleans, LA 70130, United States",ChIJR1asyXOmIIYRCFCSUoW6Kb8,/biz/vyoones-new-orleans-2?osq=Restaurants,70130,0.126538625289194,4.5,107,8970,63.7,1,4226,30,0,33,0.2,0,195,1.4,0,0,0,0,2547,66.4,1,4.1,1,65132,1,1,1
Chophouse New Orleans,29.949898,-90.067702,"322 Magazine St, New Orleans, LA 70130, United States",ChIJN4QNJ3OmIIYRVRqAtv-Ruaw,/biz/chophouse-new-orleans-new-orleans?osq=Restaurants,70130,0.136260944882755,4.7,107,8970,63.7,1,4226,30,0,33,0.2,0,195,1.4,0,0,0,0,2547,66.4,1,4.1,1,65132,1,1,1
Crescent City Pizza Works,29.9564652,-90.0676722,"407 Bourbon St, New Orleans, LA 70130, United States",ChIJhWfhKgymIIYRZyeAuviuFu8,/biz/crescent-city-pizza-works-new-orleans?osq=Restaurants,70116,0.13462673206203,3.9,45,6099,51,1,5299,44.3,0,6,0.1,0,37,0.3,0,0,0,0,1008,45.9,1,11.4,1,36842,0,1,1
Curio,29.9549416,-90.0675967,"301 Royal St, New Orleans, LA 70130, United States",ChIJnc3TtA2mIIYRC3oEXzQLpNQ,/biz/curio-new-orleans-2?osq=Restaurants,70130,0.167234274611614,4.4,107,8970,63.7,1,4226,30,0,33,0.2,0,195,1.4,0,0,0,0,2547,66.4,1,4.1,1,65132,1,1,1
Mambo's,29.9565695,-90.0675793,"411 Bourbon St, New Orleans, LA 70130, United States",ChIJbVEt50anIIYR88bwfNyAUw8,/biz/mambos-new-orleans?osq=Restaurants,70130,0.56546487678573,4.2,107,8970,63.7,1,4226,30,0,33,0.2,0,195,1.4,0,0,0,0,2547,66.4,1,4.1,1,65132,1,1,1
Oceana Grill,29.9562294,-90.0675629,"739 Conti St, New Orleans, LA 70130, United States",ChIJDVhB0w2mIIYRZVLScBsQtTo,/biz/oceana-grill-new-orleans-4?osq=Restaurants,70130,0.353091694127907,4.1,107,8970,63.7,1,4226,30,0,33,0.2,0,195,1.4,0,0,0,0,2547,66.4,1,4.1,1,65132,1,1,1
Rampart Treehouse,29.9611438,-90.0675479,"740 N Rampart St, New Orleans, LA 70116, United States",ChIJaxjesumnIIYR3T4zWdxMf9o,/biz/rampart-treehouse-new-orleans-3?osq=Restaurants,70116,0.171374338112362,4.2,45,6099,51,1,5299,44.3,0,6,0.1,0,37,0.3,0,0,0,0,1008,45.9,1,11.4,1,36842,0,1,1
Backspace Bar & Kitchen,29.9534096,-90.0675344,"139 Chartres St, New Orleans, LA 70130, United States",ChIJ6XTVAw2mIIYR3Yx1l9ux4ng,/biz/backspace-bar-and-kitchen-new-orleans?osq=Restaurants,70130,0.139855924918694,4.1,107,8970,63.7,1,4226,30,0,33,0.2,0,195,1.4,0,0,0,0,2547,66.4,1,4.1,1,65132,1,1,1
St. James Cheese Company | Warehouse District,29.9467484,-90.0675198,"641 Tchoupitoulas St, New Orleans, LA 70130, United States",ChIJtzZjSHKmIIYRM8Ex4Gb7dhw,/biz/st-james-cheese-company-warehouse-district-new-orleans?osq=Restaurants,70130,0.139254419565809,4.1,107,8970,63.7,1,4226,30,0,33,0.2,0,195,1.4,0,0,0,0,2547,66.4,1,4.1,1,65132,1,1,1
Compère Lapin,29.94810009746,-90.0674949736678,"535 Tchoupitoulas St  New Orleans, LA 70130  Warehouse District",-,/biz/comp%C3%A8re-lapin-new-orleans-4?osq=Restaurants,70130,0.152213460513147,4.4,107,8970,63.7,1,4226,30,0,33,0.2,0,195,1.4,0,0,0,0,2547,66.4,1,4.1,1,65132,1,1,1
Betty's Bar & Bistro,29.9598639,-90.0673417,"700 Burgundy St, New Orleans, LA 70116, United States",ChIJN2xWE5-nIIYRH-R8EGpqhN4,/biz/betty-s-bar-and-bistro-new-orleans?osq=Restaurants,70116,0.0422716769917943,4.3,45,6099,51,1,5299,44.3,0,6,0.1,0,37,0.3,0,0,0,0,1008,45.9,1,11.4,1,36842,0,1,1
Emeril's,29.9446223,-90.0673378,"800 Tchoupitoulas St, New Orleans, LA 70130, United States",ChIJp6mGj3GmIIYRfS0qjpoGsmo,/biz/emerils-new-orleans?osq=Restaurants,70130,0.157787365595105,4.1,107,8970,63.7,1,4226,30,0,33,0.2,0,195,1.4,0,0,0,0,2547,66.4,1,4.1,1,65132,1,1,1
Cochon,29.9422816,-90.0672842,"930 Tchoupitoulas St Ste A, New Orleans, LA 70130, United States",ChIJcyHKrHGmIIYR2WCyZwWLEI0,/biz/cochon-new-orleans-3?osq=Restaurants,70130,0.315647076519564,4.2,107,8970,63.7,1,4226,30,0,33,0.2,0,195,1.4,0,0,0,0,2547,66.4,1,4.1,1,65132,1,1,1
New Orleans Social House,29.9450723,-90.0672543,"752 Tchoupitoulas St, New Orleans, LA 70130, United States",ChIJvdo2KnKmIIYR5viPe3Uu66c,/biz/new-orleans-social-house-new-orleans-2?osq=Restaurants,70130,0.0567960889385493,4.5,107,8970,63.7,1,4226,30,0,33,0.2,0,195,1.4,0,0,0,0,2547,66.4,1,4.1,1,65132,1,1,1
Legacy Kitchen's Craft Tavern,29.9463087,-90.0672299,"700 Tchoupitoulas St #3612, New Orleans, LA 70130, United States",ChIJQ2viNnKmIIYROId-Y1QQN7g,/biz/legacy-kitchens-craft-tavern-new-orleans?osq=Restaurants,70130,0.138797071639805,4.6,107,8970,63.7,1,4226,30,0,33,0.2,0,195,1.4,0,0,0,0,2547,66.4,1,4.1,1,65132,1,1,1
Creole House Restaurant & Oyster Bar,29.9522222,-90.0671301,"509 Canal St, New Orleans, LA 70130, United States",ChIJpUfQIg2mIIYRi56C8hYGUVI,/biz/creole-house-restaurant-and-oyster-bar-new-orleans?osq=Restaurants,70130,0.168874145448497,4.2,107,8970,63.7,1,4226,30,0,33,0.2,0,195,1.4,0,0,0,0,2547,66.4,1,4.1,1,65132,1,1,1
Cochon Butcher,29.9421999,-90.067129,"930 Tchoupitoulas St, New Orleans, LA 70130, United States",ChIJCe1AzC2nIIYRTU9lLew974M,/biz/cochon-butcher-new-orleans-2?osq=Restaurants,70130,0.42964737226564,4.5,107,8970,63.7,1,4226,30,0,33,0.2,0,195,1.4,0,0,0,0,2547,66.4,1,4.1,1,65132,1,1,1
Ruby Slipper Cafe,29.9509284,-90.0671226,"200 Magazine St, New Orleans, LA 70130, United States",ChIJewWmlKCnIIYRSgu7dxtZsLc,/biz/ruby-slipper-cafe-new-orleans-14?osq=Restaurants,70112,0.264289952067799,4.3,34,1465,41.2,1,1793,50.5,0,0,0,0,140,3.9,1,0,0,0,400,53.1,1,7.5,1,29625,0,1,1
Ruby Slipper Cafe,29.9509284,-90.0671226,"200 Magazine St, New Orleans, LA 70130, United States",ChIJewWmlKCnIIYRSgu7dxtZsLc,/biz/ruby-slipper-cafe-new-orleans-11?osq=Restaurants,70112,0.138522265900774,4.1,34,1465,41.2,1,1793,50.5,0,0,0,0,140,3.9,1,0,0,0,400,53.1,1,7.5,1,29625,0,1,1
Ruby Slipper Cafe,29.9509284,-90.0671226,"200 Magazine St, New Orleans, LA 70130, United States",ChIJewWmlKCnIIYRSgu7dxtZsLc,/biz/ruby-slipper-cafe-new-orleans-8?osq=Restaurants,70112,0.051473047724648,4,34,1465,41.2,1,1793,50.5,0,0,0,0,140,3.9,1,0,0,0,400,53.1,1,7.5,1,29625,0,1,1
Cafe Beignet on Royal Street,29.9552821,-90.0670104,"334 Royal St, New Orleans, LA 70130, United States",ChIJp1tzyA2mIIYRH5Z5cN2Dlag,/biz/cafe-beignet-on-royal-street-new-orleans-2?osq=Restaurants,70130,0.145916075537674,4.7,107,8970,63.7,1,4226,30,0,33,0.2,0,195,1.4,0,0,0,0,2547,66.4,1,4.1,1,65132,1,1,1
Justine,29.9540143,-90.0670039,"225 Chartres St, New Orleans, LA 70130, United States",ChIJ56FJRISnIIYRCTL9sGbWoOA,/biz/justine-new-orleans?osq=Restaurants,70130,0.14021571102004,3.8,107,8970,63.7,1,4226,30,0,33,0.2,0,195,1.4,0,0,0,0,2547,66.4,1,4.1,1,65132,1,1,1
Mother's Restaurant,29.9489846,-90.0670016,"401 Poydras St, New Orleans, LA 70130, United States",ChIJfV2h73KmIIYRRDpBV-crpB8,/biz/mothers-restaurant-new-orleans?osq=Restaurants,70130,0.199278759056916,4.4,107,8970,63.7,1,4226,30,0,33,0.2,0,195,1.4,0,0,0,0,2547,66.4,1,4.1,1,65132,1,1,1
Vacherie,29.9583164,-90.0669866,"827 Toulouse St, New Orleans, LA 70116, United States",ChIJYwzjQQ6mIIYRMQm3DfXvQ9M,/biz/vacherie-new-orleans?osq=Restaurants,70112,0.121099506826188,4.5,34,1465,41.2,1,1793,50.5,0,0,0,0,140,3.9,1,0,0,0,400,53.1,1,7.5,1,29625,0,1,1
Restaurant August,29.949951,-90.0667217,"301 Tchoupitoulas St, New Orleans, LA 70130, United States",ChIJGw2RxnKmIIYRk0cBxtskDck,/biz/restaurant-august-new-orleans?osq=Restaurants,70130,0.161243260763358,4.3,107,8970,63.7,1,4226,30,0,33,0.2,0,195,1.4,0,0,0,0,2547,66.4,1,4.1,1,65132,1,1,1
Brennan's,29.9561262,-90.0666222,"417 Royal St, New Orleans, LA 70130, United States",ChIJjbdq3A2mIIYRCrLg6e3eRy8,/biz/brennans-new-orleans?osq=Restaurants,70130,0.211313279859326,3.9,107,8970,63.7,1,4226,30,0,33,0.2,0,195,1.4,0,0,0,0,2547,66.4,1,4.1,1,65132,1,1,1
Coterie Restaurant & Oyster Bar,29.9527053,-90.0666072,"135 Decatur St, New Orleans, LA 70130, United States",ChIJO6ieFA2mIIYR2rGYf6B7u-E,/biz/coterie-restaurant-and-oyster-bar-new-orleans-2?osq=Restaurants,70130,0.14701649947435,4.5,107,8970,63.7,1,4226,30,0,33,0.2,0,195,1.4,0,0,0,0,2547,66.4,1,4.1,1,65132,1,1,1
Cafe Fleur De Lis,29.9544805,-90.0665752,"307 Chartres St, New Orleans, LA 70130, United States",ChIJ2ybOvA2mIIYRMRjz-wyjyu4,/biz/cafe-fleur-de-lis-new-orleans-2?osq=Restaurants,70116,0.176760491527181,3.9,45,6099,51,1,5299,44.3,0,6,0.1,0,37,0.3,0,0,0,0,1008,45.9,1,11.4,1,36842,0,1,1
Royal House,29.9564329,-90.0663399,"441 Royal St, New Orleans, LA 70130, United States",ChIJmxXK5g2mIIYRUffuf-CFtzU,/biz/royal-house-new-orleans?osq=Restaurants,70130,0.227558777527289,3.8,107,8970,63.7,1,4226,30,0,33,0.2,0,195,1.4,0,0,0,0,2547,66.4,1,4.1,1,65132,1,1,1
Gus's World Famous Fried Chicken,29.9422929,-90.0661082,"308 S Diamond St, New Orleans, LA 70130, United States",ChIJB57oJiWnIIYRCpdcoCiyzw8,/biz/guss-world-famous-fried-chicken-new-orleans-2?osq=Restaurants,70130,0.187657006443575,4.6,107,8970,63.7,1,4226,30,0,33,0.2,0,195,1.4,0,0,0,0,2547,66.4,1,4.1,1,65132,1,1,1
Irene's,29.9541372,-90.0660975,"529 Bienville St, New Orleans, LA 70130, United States",ChIJ1wVw2BCmIIYRXIt4JRHuWp0,/biz/irenes-new-orleans?osq=Restaurants,70116,0.198149136653601,4.4,45,6099,51,1,5299,44.3,0,6,0.1,0,37,0.3,0,0,0,0,1008,45.9,1,11.4,1,36842,0,1,1
Kingfish,29.9550439,-90.0660894,"337 Chartres St, New Orleans, LA 70130, United States",ChIJTVOmlw2mIIYRHYAjDtDj1rM,/biz/kingfish-new-orleans?osq=Restaurants,70130,0.135967709326426,4,107,8970,63.7,1,4226,30,0,33,0.2,0,195,1.4,0,0,0,0,2547,66.4,1,4.1,1,65132,1,1,1
Mr Ed's Oyster Bar - Bienville,29.9537571,-90.0660094,"512 Bienville St, New Orleans, LA 70130, United States",ChIJUU5knQ2mIIYRKsodWGtdUzQ,/biz/mr-eds-oyster-bar-bienville-new-orleans-2?osq=Restaurants,70130,0.185860251951478,3.8,107,8970,63.7,1,4226,30,0,33,0.2,0,195,1.4,0,0,0,0,2547,66.4,1,4.1,1,65132,1,1,1
Briquette,29.9459625,-90.0659847,"701 S Peters St, New Orleans, LA 70130, United States",ChIJhcTrEHKmIIYRORIogR0DcK8,/biz/briquette-new-orleans-2?osq=Restaurants,70130,0.124810222534947,4.4,107,8970,63.7,1,4226,30,0,33,0.2,0,195,1.4,0,0,0,0,2547,66.4,1,4.1,1,65132,1,1,1
Corporation Bar & Grill,29.9419424,-90.0659383,"931 S Peters St, New Orleans, LA 70130, United States",ChIJB6ZBMnCmIIYRIJpNBg2-A9A,/biz/corporation-bar-and-grill-new-orleans?osq=Restaurants,70130,0.144432184256968,3.5,107,8970,63.7,1,4226,30,0,33,0.2,0,195,1.4,0,0,0,0,2547,66.4,1,4.1,1,65132,1,1,1
Bijou Restaurant and Bar,29.9631574,-90.0658448,"1014 N Rampart St, New Orleans, LA 70116, United States",ChIJ-WrZBBSnIIYRO7IxMrsZSGE,/biz/bijou-restaurant-and-bar-new-orleans?osq=Restaurants,70116,0.0662042666005857,4.2,45,6099,51,1,5299,44.3,0,6,0.1,0,37,0.3,0,0,0,0,1008,45.9,1,11.4,1,36842,0,1,0
The Will & The Way,29.9575727,-90.0658268,"719 Toulouse St, New Orleans, LA 70130, United States",ChIJc9E2Yi6nIIYRoGOb9axta_4,/biz/the-will-and-the-way-new-orleans-3?osq=Restaurants,70130,0.36650883807129,4.5,107,8970,63.7,1,4226,30,0,33,0.2,0,195,1.4,0,0,0,0,2547,66.4,1,4.1,1,65132,1,1,1
Garden Grille & Bar,29.9533833,-90.065764,"230 Decatur St, New Orleans, LA 70130, United States",ChIJk75Heg2mIIYR-vI3U6jwD-g,/biz/garden-grille-and-bar-new-orleans?osq=Restaurants,70130,0.133679841960688,4.2,107,8970,63.7,1,4226,30,0,33,0.2,0,195,1.4,0,0,0,0,2547,66.4,1,4.1,1,65132,1,1,1
Freddie's Chicken and Waffles,29.9441425,-90.0656837,"814 S Peters St, New Orleans, LA 70130, United States",ChIJAWbxJpenIIYRh-_twXrXXMs,/biz/freddies-chicken-and-waffles-new-orleans?osq=Restaurants,70130,0.13555901018644,3.9,107,8970,63.7,1,4226,30,0,33,0.2,0,195,1.4,0,0,0,0,2547,66.4,1,4.1,1,65132,1,1,1
Ernst Cafe,29.9471636,-90.0656169,"600 S Peters St, New Orleans, LA 70130, United States",ChIJ1QTXdnKmIIYRJWSDd95mm44,/biz/ernst-cafe-new-orleans?osq=Restaurants,70130,0.110929357890818,4.5,107,8970,63.7,1,4226,30,0,33,0.2,0,195,1.4,0,0,0,0,2547,66.4,1,4.1,1,65132,1,1,1
Galliano Restaurant,29.9443856,-90.0654858,"200 Julia St, New Orleans, LA 70130, United States",ChIJeTwq43GmIIYRXyQ0C6ZO-Qo,/biz/galliano-restaurant-new-orleans?osq=Restaurants,70130,0.243587574650298,4.3,107,8970,63.7,1,4226,30,0,33,0.2,0,195,1.4,0,0,0,0,2547,66.4,1,4.1,1,65132,1,1,1
Effervescence,29.9634452,-90.0654254,"1036 N Rampart St, New Orleans, LA 70116, United States",ChIJgaftTAWmIIYRu2ecNuhmQ5U,/biz/effervescence-new-orleans?osq=Restaurants,70116,0.0085674829491296,4.5,45,6099,51,1,5299,44.3,0,6,0.1,0,37,0.3,0,0,0,0,1008,45.9,1,11.4,1,36842,0,1,0
Restaurant Rebirth,29.9435429,-90.0653454,"857 Fulton St, New Orleans, LA 70130, United States",ChIJu0I92XGmIIYRlLatCmZMTfk,/biz/restaurant-rebirth-new-orleans?osq=Restaurants,70130,0.18880433257254,4.2,107,8970,63.7,1,4226,30,0,33,0.2,0,195,1.4,0,0,0,0,2547,66.4,1,4.1,1,65132,1,1,1
The Court of Two Sisters,29.9575361,-90.065281,"613 Royal St, New Orleans, LA 70130, United States",ChIJgTgvHA6mIIYR8-Hw_kHU-f0,/biz/the-court-of-two-sisters-new-orleans-5?osq=Restaurants,70130,0.133542990898342,4.2,107,8970,63.7,1,4226,30,0,33,0.2,0,195,1.4,0,0,0,0,2547,66.4,1,4.1,1,65132,1,1,1
Evangeline,29.9541862,-90.0652628,"329 Decatur St, New Orleans, LA 70130, United States",ChIJu6OReBKmIIYRaANz7fDtoxk,/biz/evangeline-new-orleans?osq=Restaurants,70130,0.177807974728694,4.2,107,8970,63.7,1,4226,30,0,33,0.2,0,195,1.4,0,0,0,0,2547,66.4,1,4.1,1,65132,1,1,1
Pat O'Brien's,29.9582536,-90.0652496,"718 St Peter, New Orleans, LA 70116, United States",ChIJDyC9Ig6mIIYRDWmrSR08N54,/biz/pat-o-brien-s-new-orleans?osq=Restaurants,70116,0.139599991473212,4.1,45,6099,51,1,5299,44.3,0,6,0.1,0,37,0.3,0,0,0,0,1008,45.9,1,11.4,1,36842,0,1,1
Thaihey Nola,29.953643,-90.0652429,"308 Decatur St, New Orleans, LA 70130, United States",ChIJrehSbh2nIIYRoBQzHXEM78c,/biz/thaihey-nola-new-orleans?osq=Restaurants,70130,0.138597140286954,4.6,107,8970,63.7,1,4226,30,0,33,0.2,0,195,1.4,0,0,0,0,2547,66.4,1,4.1,1,65132,1,1,1
The Original Pierre Maspero's,29.955734,-90.065238,"440 Chartres St, New Orleans, LA 70130, United States",ChIJTSWaCRKmIIYRk27PVcEYqRs,/biz/the-original-pierre-masperos-new-orleans?osq=Restaurants,70130,0.271406279372017,4.1,107,8970,63.7,1,4226,30,0,33,0.2,0,195,1.4,0,0,0,0,2547,66.4,1,4.1,1,65132,1,1,1
Napoleon House,29.9558754,-90.065056,"500 Chartres St, New Orleans, LA 70130, United States",ChIJZYGmBhKmIIYRPBmyGfELFTs,/biz/napoleon-house-new-orleans-2?osq=Restaurants,70130,0.153016974671236,4.2,107,8970,63.7,1,4226,30,0,33,0.2,0,195,1.4,0,0,0,0,2547,66.4,1,4.1,1,65132,1,1,1
Grand Isle,29.9472696,-90.0649435,"575 Convention Center Blvd, New Orleans, LA 70130, United States",ChIJD5xLjm2mIIYRpzcqBXn7Fos,/biz/grand-isle-new-orleans-2?osq=Restaurants,70130,0.135082825191898,4.5,107,8970,63.7,1,4226,30,0,33,0.2,0,195,1.4,0,0,0,0,2547,66.4,1,4.1,1,65132,1,1,1
Batture Bistro and Bar,29.9519868,-90.0648275,"111 Iberville St, New Orleans, LA 70130, United States",ChIJofx2OIinIIYRBprY1RQqmxI,/biz/batture-bistro-and-bar-new-orleans?osq=Restaurants,70130,0.106881217015095,3.8,107,8970,63.7,1,4226,30,0,33,0.2,0,195,1.4,0,0,0,0,2547,66.4,1,4.1,1,65132,1,1,1
Mulate's,29.9444401,-90.0647975,"201 Julia St, New Orleans, LA 70130, United States",ChIJvTnAEW6mIIYRqA7o0JRIRyA,/biz/mulates-new-orleans?osq=Restaurants,70130,0.0902438205805447,4.4,107,8970,63.7,1,4226,30,0,33,0.2,0,195,1.4,0,0,0,0,2547,66.4,1,4.1,1,65132,1,1,1
Gumbo Shop,29.9576883,-90.064524,"630 St Peter, New Orleans, LA 70116, United States",ChIJ7SpQ6RGmIIYRsuU_zP71sBI,/biz/gumbo-shop-new-orleans-2?osq=Restaurants,70116,0.210946062967206,4.4,45,6099,51,1,5299,44.3,0,6,0.1,0,37,0.3,0,0,0,0,1008,45.9,1,11.4,1,36842,0,1,1
Pig Out Nola Barbecue,29.9565345,-90.0642942,"537 Toulouse St, New Orleans, LA 70130, United States",ChIJF2rh39unIIYRt3Z3qVftowI,/biz/pig-out-nola-barbecue-new-orleans?osq=Restaurants,70130,0.141091421547857,3.6,107,8970,63.7,1,4226,30,0,33,0.2,0,195,1.4,0,0,0,0,2547,66.4,1,4.1,1,65132,1,1,1
Tableau,29.9575154,-90.0642051,"616 St Peter, New Orleans, LA 70116, United States",ChIJA-r3jBGmIIYRSU0d0aPyNnE,/biz/tableau-new-orleans?osq=Restaurants,70116,0.156573586376514,4.4,45,6099,51,1,5299,44.3,0,6,0.1,0,37,0.3,0,0,0,0,1008,45.9,1,11.4,1,36842,0,1,1
Sylvain,29.9571181,-90.0641919,"625 Chartres St, New Orleans, LA 70130, United States",ChIJh_VU8xGmIIYRz3a5MFFCaI8,/biz/sylvain-new-orleans?osq=Restaurants,70130,0.161266276102059,2.9,107,8970,63.7,1,4226,30,0,33,0.2,0,195,1.4,0,0,0,0,2547,66.4,1,4.1,1,65132,1,1,1
Doris Metropolitan,29.9569642,-90.0640581,"620 Chartres St, New Orleans, LA 70130, United States",ChIJw-JSixGmIIYR0_4fo_kybQw,/biz/doris-metropolitan-new-orleans?osq=Restaurants,70116,0.104705807211858,4,45,6099,51,1,5299,44.3,0,6,0.1,0,37,0.3,0,0,0,0,1008,45.9,1,11.4,1,36842,0,1,1
The New Orleans Vampire Cafe,29.9590251,-90.0640341,"801 Royal St, New Orleans, LA 70116, United States",ChIJ57-rtxGmIIYRnJBZSrGhJmk,/biz/the-new-orleans-vampire-cafe-new-orleans?osq=Restaurants,70116,0.169598687272755,4.1,45,6099,51,1,5299,44.3,0,6,0.1,0,37,0.3,0,0,0,0,1008,45.9,1,11.4,1,36842,0,1,1
New Orleans Creole Cookery,29.9561435,-90.0639819,"508 Toulouse St, New Orleans, LA 70130, United States",ChIJM3NJIxKmIIYRpa5RBYqsR0c,/biz/new-orleans-creole-cookery-new-orleans?osq=Restaurants,70130,0.144702453426303,4.5,107,8970,63.7,1,4226,30,0,33,0.2,0,195,1.4,0,0,0,0,2547,66.4,1,4.1,1,65132,1,1,1
NOLA Poboys,29.960406,-90.063885,"908 Bourbon St, New Orleans, LA 70116, United States",ChIJ4byyRxCmIIYROLZwicJz86E,/biz/nola-poboys-new-orleans-2?osq=Restaurants,70116,0.16032605325809,4.4,45,6099,51,1,5299,44.3,0,6,0.1,0,37,0.3,0,0,0,0,1008,45.9,1,11.4,1,36842,0,1,1
Chemin à la mer,29.9490488,-90.0638056,"2 Canal St, New Orleans, LA 70130, United States",ChIJJ1IJEW2mIIYRWGEYqk7J47Y,/biz/chemin-%C3%A0-la-mer-new-orleans-2?osq=Restaurants,70130,0.136797992546392,4,107,8970,63.7,1,4226,30,0,33,0.2,0,195,1.4,0,0,0,0,2547,66.4,1,4.1,1,65132,1,1,0
The Green Room Kukhnya,29.9693101,-90.0637507,"1300 St Bernard Ave, New Orleans, LA 70116, United States",ChIJLRqlQ7enIIYRhll2fpNZkqg,/biz/the-green-room-kukhnya-new-orleans-2?osq=Restaurants,70117,0.0343367031409607,4.4,25,8498,31,0,17755,64.8,1,55,0.2,0,183,0.7,0,6,0,0,1857,38.4,0,13.5,1,29663,0,0,0
Muriel's Jackson Square,29.9584308,-90.063219,"801 Chartres St, New Orleans, LA 70116, United States",ChIJaS5FoBGmIIYRTXOjqm3XxI0,/biz/muriels-jackson-square-new-orleans?osq=Restaurants,70116,0.17048735887245,4.5,45,6099,51,1,5299,44.3,0,6,0.1,0,37,0.3,0,0,0,0,1008,45.9,1,11.4,1,36842,0,1,1
Café Amelie,29.9599163,-90.0629618,"900 Royal St, New Orleans, LA 70116, United States",ChIJITpR_xCmIIYRHDBJmP3UXZg,/biz/caf%C3%A9-amelie-new-orleans-2?osq=Restaurants,70116,0.971030991785717,4.3,45,6099,51,1,5299,44.3,0,6,0.1,0,37,0.3,0,0,0,0,1008,45.9,1,11.4,1,36842,0,1,1
Buffa's Bar & Restaurant,29.9654359,-90.0625485,"1001 Esplanade Ave, New Orleans, LA 70116, United States",ChIJCy9LUxqmIIYRF1wcRNHVy6E,/biz/buffas-restaurant-and-lounge-new-orleans?osq=Restaurants,70116,0.129945242842072,4.1,45,6099,51,1,5299,44.3,0,6,0.1,0,37,0.3,0,0,0,0,1008,45.9,1,11.4,1,36842,0,1,0
Monty's on the Square,29.9576883,-90.0620614,"801 Decatur St, New Orleans, LA 70116, United States",ChIJM0lEaRGmIIYR3aJaNIARXHs,/biz/montys-on-the-square-new-orleans?osq=Restaurants,70116,0.0650743696316787,3.8,45,6099,51,1,5299,44.3,0,6,0.1,0,37,0.3,0,0,0,0,1008,45.9,1,11.4,1,36842,0,1,1
Today's Cajun Seafood,29.967372,-90.0619562,"1700 McShane Pl, New Orleans, LA 70116, United States",ChIJV4ZZc6ioIIYRmTS02QrJF54,/biz/todays-cajun-seafood-new-orleans?osq=Restaurants,70116,0.123060710360769,3.9,45,6099,51,1,5299,44.3,0,6,0.1,0,37,0.3,0,0,0,0,1008,45.9,1,11.4,1,36842,0,1,0
Manolito,29.9584299,-90.0617673,"508 Dumaine St, New Orleans, LA 70116, United States",ChIJ__8UPhGmIIYRHnHSYbF8mu4,/biz/manolito-new-orleans-2?osq=Restaurants,70116,0.142155557409737,4,45,6099,51,1,5299,44.3,0,6,0.1,0,37,0.3,0,0,0,0,1008,45.9,1,11.4,1,36842,0,1,1
Port Of Call,29.9644358,-90.0617247,"838 Esplanade Ave, New Orleans, LA 70116, United States",ChIJ6ZxTOBqmIIYRYjp6qTmAmKQ,/biz/port-of-call-new-orleans-2?osq=Restaurants,70116,0.157014569083845,4,45,6099,51,1,5299,44.3,0,6,0.1,0,37,0.3,0,0,0,0,1008,45.9,1,11.4,1,36842,0,1,0
Budsi's Authentic Thai,29.9671824,-90.0615693,"1760 N Rampart St, New Orleans, LA 70116, United States",ChIJV7hGT4inIIYRc0agN8LwFAM,/biz/budsis-authentic-thai-new-orleans-2?osq=Restaurants,70116,0.055158745363848,3.7,45,6099,51,1,5299,44.3,0,6,0.1,0,37,0.3,0,0,0,0,1008,45.9,1,11.4,1,36842,0,1,0
Bennachin Restaurant,29.9622141,-90.0608957,"1212 Royal St, New Orleans, LA 70116, United States",ChIJnVHRrhCmIIYRoULesthCXJA,/biz/bennachin-restaurant-new-orleans?osq=Restaurants,70116,0.0211861416546221,4,45,6099,51,1,5299,44.3,0,6,0.1,0,37,0.3,0,0,0,0,1008,45.9,1,11.4,1,36842,0,1,0
The Original French Market Restaurant and Bar,29.9592793,-90.060762,"1001 Decatur St, New Orleans, LA 70116, United States",ChIJXfNOKxGmIIYRGjEUZcolHbU,/biz/the-original-french-market-restaurant-and-bar-new-orleans-2?osq=Restaurants,70116,0.0255054610196471,3.7,45,6099,51,1,5299,44.3,0,6,0.1,0,37,0.3,0,0,0,0,1008,45.9,1,11.4,1,36842,0,1,1
Cafe Sbisa,29.959473,-90.060654,"1011 Decatur St, New Orleans, LA 70116, United States",ChIJJa_j1BamIIYRwjQvz7DNtoQ,/biz/cafe-sbisa-new-orleans?osq=Restaurants,70116,0.171654937100596,4.5,45,6099,51,1,5299,44.3,0,6,0.1,0,37,0.3,0,0,0,0,1008,45.9,1,11.4,1,36842,0,1,1
Coop's Place,29.9601557,-90.0598518,"1109 Decatur St, New Orleans, LA 70116, United States",ChIJ46iuJRemIIYRu9A0CFzIAHg,/biz/coops-place-new-orleans?osq=Restaurants,70116,0.0554404174682563,4,45,6099,51,1,5299,44.3,0,6,0.1,0,37,0.3,0,0,0,0,1008,45.9,1,11.4,1,36842,0,1,1
Cane and Table,29.9602118,-90.0598141,"1113 Decatur St, New Orleans, LA 70116, United States",ChIJF_nVIhemIIYRokDd0QN2HFc,/biz/cane-and-table-new-orleans-2?osq=Restaurants,70116,0.117843030621226,4.8,45,6099,51,1,5299,44.3,0,6,0.1,0,37,0.3,0,0,0,0,1008,45.9,1,11.4,1,36842,0,1,1
Saint John,29.9602606,-90.0597697,"1117 Decatur St, New Orleans, LA 70116, United States",ChIJc7iO662nIIYRmGQ4ohaOxdo,/biz/saint-john-new-orleans?osq=Restaurants,70116,0.163078442480831,4,45,6099,51,1,5299,44.3,0,6,0.1,0,37,0.3,0,0,0,0,1008,45.9,1,11.4,1,36842,0,1,1
Zhang Bistro,29.9606926,-90.0595145,"1141 Decatur St, New Orleans, LA 70116, United States",ChIJazvNW3anIIYRc3iM-iXJCfw,/biz/zhang-bistro-new-orleans?osq=Restaurants,70116,0.103709274839384,4.8,45,6099,51,1,5299,44.3,0,6,0.1,0,37,0.3,0,0,0,0,1008,45.9,1,11.4,1,36842,0,1,1
Royal Noodle Bar,29.9644419,-90.0591496,"1913 Royal St, New Orleans, LA 70116, United States",ChIJExCguxmmIIYR7r_EsdB-wnc,/biz/royal-noodle-bar-new-orleans?osq=Restaurants,70130,0.022151809869165,5,107,8970,63.7,1,4226,30,0,33,0.2,0,195,1.4,0,0,0,0,2547,66.4,1,4.1,1,65132,1,1,1
Nonno's Cajun Cuisine and Pastries,29.965255,-90.0591496,"1940 Dauphine St, New Orleans, LA 70116, United States",ChIJ4YmxjRCnIIYRGvh6QSYV46g,/biz/nonno-s-cajun-cuisine-and-pastries-new-orleans?osq=Restaurants,70116,0.152268626526096,4.3,45,6099,51,1,5299,44.3,0,6,0.1,0,37,0.3,0,0,0,0,1008,45.9,1,11.4,1,36842,0,1,1
Banana Blossom,29.9131581,-90.0591263,"500 9th St, Gretna, LA 70053, United States",ChIJCf73SSmnIIYRPLEd2-U0mPA,/biz/banana-blossom-gretna-3?osq=Restaurants,70053,0.0382417675206053,4.6,2,8696,51.8,1,5353,31.9,0,55,0.3,1,247,1.5,0,10,0.1,1,729,27.8,0,7.2,1,39347,0,0,0
Dian Xin,29.9609841,-90.0588832,"1218 Decatur St, New Orleans, LA 70116, United States",ChIJFa5I9EmnIIYRjHdE_uXUMlg,/biz/dian-xin-new-orleans?osq=Restaurants,70116,0.148548415362876,4.6,45,6099,51,1,5299,44.3,0,6,0.1,0,37,0.3,0,0,0,0,1008,45.9,1,11.4,1,36842,0,1,1
Dian Xin,29.9609841,-90.0588832,"1218 Decatur St, New Orleans, LA 70116, United States",ChIJFa5I9EmnIIYRjHdE_uXUMlg,/biz/dian-xin-new-orleans-9?osq=Restaurants,70116,0.154678253828699,4.3,45,6099,51,1,5299,44.3,0,6,0.1,0,37,0.3,0,0,0,0,1008,45.9,1,11.4,1,36842,0,1,1
El Gato Negro,29.9608767,-90.0584852,"81 French Market Pl, New Orleans, LA 70116, United States",ChIJFd0XCxemIIYRKE7ltduYe1A,/biz/el-gato-negro-new-orleans?osq=Restaurants,70116,0.034065048016927,5,45,6099,51,1,5299,44.3,0,6,0.1,0,37,0.3,0,0,0,0,1008,45.9,1,11.4,1,36842,0,1,1
Po-Breaux's,29.9637478,-90.0579431,"608 Frenchmen St, New Orleans, LA 70116, United States",ChIJCSoBbpOnIIYR2ja2GCFXvDQ,/biz/po-breauxs-new-orleans?osq=Restaurants,70116,0.135657707433885,4.1,45,6099,51,1,5299,44.3,0,6,0.1,0,37,0.3,0,0,0,0,1008,45.9,1,11.4,1,36842,0,1,1
The Marigny Brasserie,29.9644171,-90.0579069,"640 Frenchmen St, New Orleans, LA 70116, United States",ChIJwSSTThimIIYR6UdTKmXtlYg,/biz/the-marigny-brasserie-new-orleans?osq=Restaurants,70116,0.038539121312875,3.5,45,6099,51,1,5299,44.3,0,6,0.1,0,37,0.3,0,0,0,0,1008,45.9,1,11.4,1,36842,0,1,1
Frenchmen All Day,29.9642833,-90.0578883,"630 Frenchmen St, New Orleans, LA 70116, United States",ChIJVY1EiFqnIIYR25ZLTOhOdrQ,/biz/frenchmen-all-day-new-orleans-2?osq=Restaurants,70116,0.155475815402319,4.2,45,6099,51,1,5299,44.3,0,6,0.1,0,37,0.3,0,0,0,0,1008,45.9,1,11.4,1,36842,0,1,1
Three Muses,29.9632806,-90.0578583,"536 Frenchmen St, New Orleans, LA 70116, United States",ChIJYbYLMBimIIYR_jUx5ds4Quo,/biz/three-muses-new-orleans?osq=Restaurants,70116,0.177084459443507,4.4,45,6099,51,1,5299,44.3,0,6,0.1,0,37,0.3,0,0,0,0,1008,45.9,1,11.4,1,36842,0,1,1
Ayu Bakehouse,29.9656621,-90.0577997,"801 Frenchmen St, New Orleans, LA 70117, United States",ChIJcZCKslinIIYRRebPp7wa4Zs,/biz/ayu-bakehouse-new-orleans?osq=Restaurants,70117,0.107270278634981,4.3,25,8498,31,0,17755,64.8,1,55,0.2,0,183,0.7,0,6,0,0,1857,38.4,0,13.5,1,29663,0,0,1
30/90 NOLA,29.9627521,-90.0577798,"520 Frenchmen St, New Orleans, LA 70116, United States",ChIJgSeCJRimIIYRBdOU_x_Vt3E,/biz/30-90-nola-new-orleans?osq=Restaurants,70116,0.179290505818711,4.4,45,6099,51,1,5299,44.3,0,6,0.1,0,37,0.3,0,0,0,0,1008,45.9,1,11.4,1,36842,0,1,1
Adolfo's,29.9638397,-90.0576903,"611 Frenchmen St, New Orleans, LA 70117, United States",ChIJQ09fNximIIYRIa-hinY7Cww,/biz/adolfos-new-orleans?osq=Restaurants,70116,0.147040202199153,3.6,45,6099,51,1,5299,44.3,0,6,0.1,0,37,0.3,0,0,0,0,1008,45.9,1,11.4,1,36842,0,1,1
Dat Dog,29.9636056,-90.0576806,"601 Frenchmen St, New Orleans, LA 70116, United States",ChIJcZEGOhimIIYR6vv03wETdUY,/biz/dat-dog-new-orleans-7?osq=Restaurants,70115,0.138205180108419,4.5,20,23892,68.6,1,8927,25.6,0,163,0.5,1,536,1.5,0,17,0,0,4988,73.1,1,5.4,1,77961,1,0,1
Nola Poboys & Bar,29.962952,-90.0575079,"517 Frenchmen St, New Orleans, LA 70116, United States",ChIJXyyaM1enIIYR42bSPRZT19A,/biz/nola-poboys-and-bar-new-orleans?osq=Restaurants,70116,0.147294593205183,4,45,6099,51,1,5299,44.3,0,6,0.1,0,37,0.3,0,0,0,0,1008,45.9,1,11.4,1,36842,0,1,1
Acorn,29.9688692,-90.0560416,"2221 St Claude Ave, New Orleans, LA 70117, United States",ChIJAQD0Vx-mIIYRGCafZ-CwvJQ,/biz/acorn-new-orleans-3?osq=Restaurants,70124,0.0042319890326485,4.2,4,16821,86.9,1,946,4.9,0,1,0,0,784,4,1,0,0,0,2365,65.8,1,3.1,0,95366,1,1,0
Arabella Casa Di Pasta,29.9685686,-90.0549801,"2258 St Claude Ave, New Orleans, LA 70117, United States",ChIJYWkH9SGmIIYRkBJ1ACL8WO4,/biz/arabella-casa-di-pasta-new-orleans-2?osq=Restaurants,70115,0.021239598443528,4,20,23892,68.6,1,8927,25.6,0,163,0.5,1,536,1.5,0,17,0,0,4988,73.1,1,5.4,1,77961,1,0,0
The Elysian Bar,29.9668227,-90.0549323,"2317 Burgundy St, New Orleans, LA 70117, United States",ChIJxy1NkkOnIIYRMjqqGtufmLA,/biz/the-elysian-bar-new-orleans-3?osq=Restaurants,70117,0.161454927084047,4.1,25,8498,31,0,17755,64.8,1,55,0.2,0,183,0.7,0,6,0,0,1857,38.4,0,13.5,1,29663,0,0,0
Paladar 511,29.9629195,-90.0548891,"511 Marigny St, New Orleans, LA 70117, United States",ChIJ0XosyCKmIIYRv_pGZYjwV-s,/biz/paladar-511-new-orleans?osq=Restaurants,70117,0.15352661972423,4.4,25,8498,31,0,17755,64.8,1,55,0.2,0,183,0.7,0,6,0,0,1857,38.4,0,13.5,1,29663,0,0,0
Bao & Noodle,29.9685748,-90.0548751,"2266 St Claude Ave, New Orleans, LA 70117, United States",ChIJKcI5uySmIIYRUI6GyMUsFHk,/biz/bao-and-noodle-new-orleans?osq=Restaurants,70117,0.135847153030333,4.4,25,8498,31,0,17755,64.8,1,55,0.2,0,183,0.7,0,6,0,0,1857,38.4,0,13.5,1,29663,0,0,0
Big EZ Seafood,29.907002,-90.05481,"1632 Lafayette St, Gretna, LA 70053, United States",ChIJtZ3X3-qmIIYRNBBDIDIjPjc,/biz/big-ez-seafood-gretna?osq=Restaurants,70053,0.0042189463692342,3.7,2,8696,51.8,1,5353,31.9,0,55,0.3,1,247,1.5,0,10,0.1,1,729,27.8,0,7.2,1,39347,0,0,0
Dry Dock Cafe,29.9520623,-90.054754,"133 Delaronde St, New Orleans, LA 70114, United States",ChIJeeWDlD-mIIYRo49xci7p9Fw,/biz/dry-dock-cafe-new-orleans?osq=Restaurants,70114,0.141836258036242,3.7,3,4648,19.6,0,18140,76.7,1,92,0.4,1,99,0.4,0,0,0,0,805,19.1,0,10.9,1,33490,0,0,0
HORN'S EATERY,29.9636766,-90.0529843,"2440 Chartres St, New Orleans, LA 70117, United States",ChIJ-XcelHGnIIYRgNwbTzaDPko,/biz/horns-eatery-new-orleans?osq=Restaurants,70116,0.131908862532737,4.1,45,6099,51,1,5299,44.3,0,6,0.1,0,37,0.3,0,0,0,0,1008,45.9,1,11.4,1,36842,0,1,0
Little Horn,29.9636766,-90.0529843,"2440 Chartres St, New Orleans, LA 70117, United States",ChIJ-XcelHGnIIYRgNwbTzaDPko,/biz/little-horn-new-orleans?osq=Restaurants,70117,0.0214057740216805,4.5,25,8498,31,0,17755,64.8,1,55,0.2,0,183,0.7,0,6,0,0,1857,38.4,0,13.5,1,29663,0,0,0
St Roch Market,29.9694003,-90.052128,"2381 St Claude Ave, New Orleans, LA 70117, United States",ChIJ_ye2RiGmIIYR4FSHlX72k5g,/biz/st-roch-market-new-orleans-5?osq=Restaurants,70117,0.134852222471412,4,25,8498,31,0,17755,64.8,1,55,0.2,0,183,0.7,0,6,0,0,1857,38.4,0,13.5,1,29663,0,0,0
Marie's Bar and Kitchen,29.9669537,-90.0520609,"2483 Burgundy St, New Orleans, LA 70117, United States",ChIJu3HY7COmIIYRvWyOHBWGbFw,/biz/maries-bar-and-kitchen-new-orleans-2?osq=Restaurants,70117,0.099909505415434,3.9,25,8498,31,0,17755,64.8,1,55,0.2,0,183,0.7,0,6,0,0,1857,38.4,0,13.5,1,29663,0,0,0
Lahpet Kitchen,29.9460580800504,-90.0520566335661,"918 Teche St, New Orleans, LA 70114, United States",ChIJk7lTkwEFdkgRoBblIAt48gc,/biz/lahpet-kitchen-new-orleans?osq=Restaurants,70032,0.124758628948637,4.5,1,3032,72.1,1,554,13.2,0,0,0,0,173,4.1,1,0,0,0,103,15.7,0,7.2,1,48621,1,0,0
Barracuda,29.9533104,-90.0513595,"446 Pelican Ave, New Orleans, LA 70114, United States",ChIJLfiPqGOnIIYRpZexbV6Cztk,/biz/barracuda-new-orleans-3?osq=Restaurants,70114,0.127917575294548,4.4,3,4648,19.6,0,18140,76.7,1,92,0.4,1,99,0.4,0,0,0,0,805,19.1,0,10.9,1,33490,0,0,0
The Franklin,29.9656525,-90.0510828,"2600 Dauphine St, New Orleans, LA 70117, United States",ChIJb3EBfCSmIIYRs-EFi1wSzo4,/biz/the-franklin-new-orleans?osq=Restaurants,70117,0.133594309721844,4.5,25,8498,31,0,17755,64.8,1,55,0.2,0,183,0.7,0,6,0,0,1857,38.4,0,13.5,1,29663,0,0,0
Morrow's,29.9687494,-90.0510697,"2438 St Claude Ave, New Orleans, LA 70117, United States",ChIJV6A5rCamIIYRGcCjhJdaBqk,/biz/morrows-new-orleans?osq=Restaurants,70117,0.157273509283556,4.5,25,8498,31,0,17755,64.8,1,55,0.2,0,183,0.7,0,6,0,0,1857,38.4,0,13.5,1,29663,0,0,0
The Appetite Repair Shop,29.9520204,-90.0489086,"400 Vallette St, New Orleans, LA 70114, United States",ChIJMWF_YTimIIYRLCrrU2ZbX_8,/biz/the-appetite-repair-shop-new-orleans?osq=Restaurants,70114,0.135963533636923,4.1,3,4648,19.6,0,18140,76.7,1,92,0.4,1,99,0.4,0,0,0,0,805,19.1,0,10.9,1,33490,0,0,0
Bywater American Bistro,29.9629011,-90.048012,"2900 Chartres St, New Orleans, LA 70117, United States",ChIJH0mGNiWmIIYROu0Z84OOJrQ,/biz/bywater-american-bistro-new-orleans?osq=Restaurants,70117,0.154626164039247,4.6,25,8498,31,0,17755,64.8,1,55,0.2,0,183,0.7,0,6,0,0,1857,38.4,0,13.5,1,29663,0,0,0
Capulet,29.9646566,-90.0464351,"3014 Dauphine St, New Orleans, LA 70117, United States",ChIJUXf5sbGnIIYRkyOeH7E9AFM,/biz/capulet-new-orleans?osq=Restaurants,70117,0.115633102645156,4.4,25,8498,31,0,17755,64.8,1,55,0.2,0,183,0.7,0,6,0,0,1857,38.4,0,13.5,1,29663,0,0,0
N 7,29.9685788,-90.0457059,"1117 Montegut St, New Orleans, LA 70117, United States",ChIJv4nHtSimIIYRRHA5bQjYy7I,/biz/n-7-new-orleans?osq=Restaurants,70117,0.152099611650863,4.5,25,8498,31,0,17755,64.8,1,55,0.2,0,183,0.7,0,6,0,0,1857,38.4,0,13.5,1,29663,0,0,0
Saint Germain,29.9675024,-90.044706,"3054 St Claude Ave, New Orleans, LA 70117, United States",ChIJOw-wC7GnIIYRJnpHUhmf00Q,/biz/saint-germain-new-orleans-2?osq=Restaurants,70117,0.156541383529849,4.6,25,8498,31,0,17755,64.8,1,55,0.2,0,183,0.7,0,6,0,0,1857,38.4,0,13.5,1,29663,0,0,0
Alma Cafe,29.9641712,-90.0435768,"800 Louisa St, New Orleans, LA 70117, United States",ChIJGT6luHinIIYRZ6B5kz2LA5M,/biz/alma-cafe-new-orleans-3?osq=Restaurants,70117,0.0729036284657507,4.2,25,8498,31,0,17755,64.8,1,55,0.2,0,183,0.7,0,6,0,0,1857,38.4,0,13.5,1,29663,0,0,0
Sneaky Pickle - Bar Brine,29.9648652,-90.0428747,"3200 Burgundy St, New Orleans, LA 70117, United States",ChIJ2QKgqdOnIIYRyw9Io_oZJZ0,/biz/sneaky-pickle-bar-brine-new-orleans?osq=Restaurants,70117,0.141624387901625,4.7,25,8498,31,0,17755,64.8,1,55,0.2,0,183,0.7,0,6,0,0,1857,38.4,0,13.5,1,29663,0,0,0
Bar Brine,29.9648652,-90.0428747,"3200 Burgundy St, New Orleans, LA 70117, United States",ChIJ2QKgqdOnIIYRyw9Io_oZJZ0,/biz/bar-brine-new-orleans?osq=Restaurants,70117,0.0128047680934358,4.2,25,8498,31,0,17755,64.8,1,55,0.2,0,183,0.7,0,6,0,0,1857,38.4,0,13.5,1,29663,0,0,0
Nagomi,29.9648556,-90.0426803,"3214 Burgundy St, New Orleans, LA 70117, United States",ChIJkaa-rtenIIYRK6SjbLvk1_Y,/biz/nagomi-new-orleans?osq=Restaurants,70117,0.051221271843671,3.9,25,8498,31,0,17755,64.8,1,55,0.2,0,183,0.7,0,6,0,0,1857,38.4,0,13.5,1,29663,0,0,0
Suis Generis,29.9649776,-90.0426175,"3219 Burgundy St, New Orleans, LA 70117, United States",ChIJixKqfC6mIIYROBY9DdHOL-Q,/biz/suis-generis-new-orleans?osq=Restaurants,70117,0.134188657282701,3.9,25,8498,31,0,17755,64.8,1,55,0.2,0,183,0.7,0,6,0,0,1857,38.4,0,13.5,1,29663,0,0,0
Rosalita's Backyard Tacos,29.9667999,-90.0414273,"3304 St Claude Ave, New Orleans, LA 70117, United States",ChIJTZylvc6nIIYRb78gR0rrlKE,/biz/rosalitas-backyard-tacos-new-orleans?osq=Restaurants,70117,0.130690219683666,3.8,25,8498,31,0,17755,64.8,1,55,0.2,0,183,0.7,0,6,0,0,1857,38.4,0,13.5,1,29663,0,0,0
Elizabeth's Restaurant,29.9615347,-90.0409199,"601 Gallier St, New Orleans, LA 70117, United States",ChIJqWpeETKmIIYRlAIaf_fb_bI,/biz/elizabeths-restaurant-new-orleans?osq=Restaurants,70117,0.148454578342946,4.1,25,8498,31,0,17755,64.8,1,55,0.2,0,183,0.7,0,6,0,0,1857,38.4,0,13.5,1,29663,0,0,0
Stuph'D Beignets & Burgers,29.9671511,-90.0408201,"3325 St Claude Ave, New Orleans, LA 70117, United States",ChIJncRVC5GnIIYRibAmrUoqv0s,/biz/stuphd-beignets-and-burgers-new-orleans?osq=Restaurants,70117,0.0654989173357417,3.8,25,8498,31,0,17755,64.8,1,55,0.2,0,183,0.7,0,6,0,0,1857,38.4,0,13.5,1,29663,0,0,0
Cebu Litson And Grill,29.9454624,-90.0386975,"928 Hendee St, New Orleans, LA 70114, United States",ChIJ6_6_qmqnIIYRjTK2W4oW3z4,/biz/cebu-litson-and-grill-new-orleans?osq=Restaurants,70131,0.0084707687264681,4.8,1,7514,25.5,0,18372,62.4,1,7,0,0,1512,5.1,1,0,0,0,1854,35.7,0,5.9,1,56465,1,0,0
The Joint,29.9614730008121,-90.035573161736,"701 Mazant St, New Orleans, LA 70117, United States",ChIJ6VPQ8Oe7IIYRIpQ6y0Lc1Ms,/biz/the-joint-new-orleans?osq=Restaurants,70117,0.145865598399239,4,25,8498,31,0,17755,64.8,1,55,0.2,0,183,0.7,0,6,0,0,1857,38.4,0,13.5,1,29663,0,0,0
Jamaican Jerk House,29.9657944,-90.0348592,"4017 St Claude Ave, New Orleans, LA 70117, United States",ChIJKQA5CsynIIYR7CU8yWPWGFE,/biz/jamaican-jerk-house-new-orleans-2?osq=Restaurants,70117,0.133620098844254,3.9,25,8498,31,0,17755,64.8,1,55,0.2,0,183,0.7,0,6,0,0,1857,38.4,0,13.5,1,29663,0,0,0
K Town Korean BBQ and Tofu,29.8908415,-90.0179001,"925 Behrman Hwy #9, Terrytown, LA 70056, United States",ChIJfaE9a8enIIYRYs088ifozNM,/biz/k-town-korean-bbq-and-tofu-terrytown?osq=Restaurants,70056,0.114984806081384,4.4,1,16961,40.6,1,17015,40.8,0,175,0.4,1,1898,4.5,1,0,0,0,1440,23.5,0,8,1,56167,1,0,0
Madam's Modern Kitchen + Bar,30.0406619,-89.9550195,"5941 Bullard Ave #7, New Orleans, LA 70128, United States",ChIJayJSr7cDnogRH02mOg0tW2g,/biz/madam-s-modern-kitchen-bar-new-orleans?osq=Restaurants,70112,0.102635827247479,4.1,34,1465,41.2,1,1793,50.5,0,0,0,0,140,3.9,1,0,0,0,400,53.1,1,7.5,1,29625,0,1,0
Dong Phuong,30.0356972,-89.9149044,"14207 Chef Menteur Hwy, New Orleans, LA 70129, United States",ChIJW7BScqQDnogRu7kjBGn58dY,/biz/dong-phuong-new-orleans-3?osq=Restaurants,70129,0.168957422790656,4.4,1,1171,11.8,0,5080,51.4,0,46,0.5,1,2804,28.3,1,0,0,0,179,14.2,0,11.1,1,39715,0,0,0