Restaurant,Latitude,Longitude,Address,PlaceID,URL,ZIP,AverageExposure,Stars,Count,White,ofWhite,WN,Black,ofBlack,BN,AmericanIndaian,ofAI,AIN,Asian,ofAisan,AN,NativeHawiian,ofNativeHawiian,NHN,Edu,ofEDU,HED,Unemployment,HUne,Wealth,HWe,Attraction,Hotspot
Hometown Bar-B-Que,40.6749167,-74.0161583,"454 Van Brunt St, Brooklyn, NY 11231, United States",ChIJ0VWwJI9awokRoiFWFqYZMQ8,/biz/hometown-bar-b-que-brooklyn-3?osq=Restaurants,11231,0.118011778,3.6,3,26885,66.7,1,5324,13.2,0,183,0.5,0,2029,5,0,653,1.6,1,5120,77,1,7.9,1,121638,1,0,0
YunShang Rice Noodle House,40.635291,-74.011219,"752A 61st St, Brooklyn, NY 11220, United States",ChIJU-o7KRpFwokRpfaHIjLBKJk,/biz/yunshang-rice-noodle-house-new-york-5?osq=Restaurants,10013,0.06398124,3.7,23,17204,58.2,1,1000,3.4,0,27,0.1,0,9160,31,1,0,0,0,4039,80.9,1,3.5,0,137572,1,0,0
Luke's Lobster FiDi,40.7046738,-74.0107523,"26 S William St, New York, NY 10004, United States",ChIJEdxJIBRawokRK4AqcCIkKbA,/biz/lukes-lobster-fidi-new-york?osq=Restaurants,10004,0.005062736,4.7,2,2758,57.5,1,162,3.4,0,0,0,0,1593,33.2,1,0,0,0,1323,97.2,1,1.6,0,216017,1,1,0
Ajisai on Duane,40.7175486,-74.0102046,"183 Duane St, New York, NY 10013, United States",ChIJMyQevl5bwokR7kEbVaxhJVU,/biz/ajisai-on-duane-new-york?osq=Restaurants,10013,0.130939426,4.8,23,17204,58.2,1,1000,3.4,0,27,0.1,0,9160,31,1,0,0,0,4039,80.9,1,3.5,0,137572,1,0,0
Lindens,40.7245348,-74.0084684,"2 Renwick St, New York, NY 10013, United States",ChIJh-oPySxZwokRBTfrxwTdRo4,/biz/lindens-new-york?osq=Restaurants,10013,0.010206319,4.2,23,17204,58.2,1,1000,3.4,0,27,0.1,0,9160,31,1,0,0,0,4039,80.9,1,3.5,0,137572,1,0,0
Farida Central Asian Cuisine & Grill - Downtown,40.7071242,-74.0083922,"32 Cedar St, New York, NY 10005, United States",ChIJT6iakMdbwokRr7eIzot7L5Y,/biz/farida-central-asian-cuisine-and-grill-downtown-new-york?osq=Restaurants,10005,0.210208615,4.6,2,6496,75.2,1,147,1.7,0,0,0,0,1180,13.7,0,0,0,0,3583,97.9,1,3.2,0,197188,1,0,0
JeJu Noodle Bar,40.7329889,-74.0073417,"679 Greenwich St, New York, NY 10014, United States",ChIJvSw_uuxZwokRwESVzh5G33s,/biz/jeju-noodle-bar-new-york?osq=Restaurants,10014,0.182473844,4.2,17,25507,85.6,1,539,1.8,0,27,0.1,0,1377,4.6,0,0,0,0,8297,97.2,1,7.4,1,136559,1,1,0
Mezcali,40.7075141,-74.0073321,"83 Maiden Ln, New York, NY 10038, United States",ChIJA12lvtpbwokRx1g73PPypIM,/biz/mezcali-new-york?osq=Restaurants,10038,0.124251972,3.9,21,11554,49.5,1,2495,10.7,0,55,0.2,0,6638,28.4,1,0,0,0,4736,88.3,1,7.2,1,99924,1,1,0
1803 Nyc,40.7154526,-74.0072701,"82 Reade St, New York, NY 10007, United States",ChIJ0yKXaB9awokR6WFqdEE9aBY,/biz/1803-new-york?osq=Restaurants,10007,0.077337902,4.2,1,6173,75.3,1,736,9,0,0,0,0,1064,13,0,0,0,0,1900,89.8,1,2.8,0,250000,1,1,0
The Leroy House,40.730622,-74.006532,"430 Hudson St, New York, NY 10014, United States",ChIJVVWpMu1ZwokRXFjIo4p2ZDM,/biz/the-leroy-house-new-york-5?osq=Restaurants,10014,0.146664189,4.5,17,25507,85.6,1,539,1.8,0,27,0.1,0,1377,4.6,0,0,0,0,8297,97.2,1,7.4,1,136559,1,1,1
Leitao,40.734927,-74.006409,"547 Hudson St, New York, NY 10014, United States",ChIJ-yVvypRZwokRG3m-StJtc9Y,/biz/leitao-new-york-3?osq=Restaurants,10014,0.143008103,4.7,17,25507,85.6,1,539,1.8,0,27,0.1,0,1377,4.6,0,0,0,0,8297,97.2,1,7.4,1,136559,1,1,0
RH Rooftop Restaurant New York,40.73985,-74.00639,"9 9th Ave, New York, NY 10014, United States",ChIJlSsnN_NZwokRD4CVvN0DPYE,/biz/rh-rooftop-restaurant-new-york-new-york-2?osq=Restaurants,10014,0.186558382,4.5,17,25507,85.6,1,539,1.8,0,27,0.1,0,1377,4.6,0,0,0,0,8297,97.2,1,7.4,1,136559,1,1,0
La Sir%C3%A8ne-Soho,40.72461195,-74.00565386,"558 Broome St  New York, NY 10013",-,/biz/la-sir%C3%A8ne-soho-new-york?osq=Restaurants,10013,0.116950966,4.3,23,17204,58.2,1,1000,3.4,0,27,0.1,0,9160,31,1,0,0,0,4039,80.9,1,3.5,0,137572,1,0,0
Very Fresh Noodles,40.7420897,-74.0054987,"409 W 15th St, New York, NY 10011, United States",ChIJHfCeYL9ZwokRWJA_N5ywsvk,/biz/very-fresh-noodles-new-york?osq=Restaurants,10011,0.195519204,4.3,6,38919,75,1,2322,4.5,0,64,0.1,0,4854,9.4,0,0,0,0,10661,92,1,4.5,1,139343,1,1,0
Little Owl,40.732398,-74.005318,"90 Bedford St, New York, NY 10014, United States",ChIJTX6hP5NZwokR93muGu7l4X0,/biz/little-owl-new-york-3?osq=Restaurants,10014,0.158528894,4.6,17,25507,85.6,1,539,1.8,0,27,0.1,0,1377,4.6,0,0,0,0,8297,97.2,1,7.4,1,136559,1,1,0
Hey Thai,40.7073595,-74.0052138,"127 John St, New York, NY 10038, United States",ChIJJU3qKzRbwokRbfw1WrUWIJ4,/biz/hey-thai-new-york?osq=Restaurants,10038,0.010168753,4,21,11554,49.5,1,2495,10.7,0,55,0.2,0,6638,28.4,1,0,0,0,4736,88.3,1,7.2,1,99924,1,1,0
L'Artusi,40.7338469,-74.0051887,"228 W 10th St, New York, NY 10014, United States",ChIJxwoiopRZwokRttz8Wb0-BLU,/biz/l-artusi-new-york?osq=Restaurants,10014,0.139406666,4.4,17,25507,85.6,1,539,1.8,0,27,0.1,0,1377,4.6,0,0,0,0,8297,97.2,1,7.4,1,136559,1,1,0
Industry Kitchen,40.7049586,-74.0049023,"70 10005 South St At, New York, NY 10005, United States",ChIJcaQCwD1awokRuJEpTiEWOtw,/biz/industry-kitchen-new-york?osq=Restaurants,10005,0.066779631,3.9,2,6496,75.2,1,147,1.7,0,0,0,0,1180,13.7,0,0,0,0,3583,97.9,1,3.2,0,197188,1,0,1
Ferdi,40.7301011,-74.0045689,"15 7th Ave S, New York, NY 10014, United States",ChIJoTTiRY1ZwokRn9SpxgNIx7M,/biz/ferdi-new-york?osq=Restaurants,10014,0.005114972,4.3,17,25507,85.6,1,539,1.8,0,27,0.1,0,1377,4.6,0,0,0,0,8297,97.2,1,7.4,1,136559,1,1,1
Buvette,40.7327064,-74.0043455,"At the corner of Bleecker, 42 Grove St, New York, NY 10014, United States",ChIJEwHZcZNZwokR810IgyQhoZM,/biz/buvette-new-york?osq=Restaurants,10014,0.144606701,4,17,25507,85.6,1,539,1.8,0,27,0.1,0,1377,4.6,0,0,0,0,8297,97.2,1,7.4,1,136559,1,1,0
Top Thai Vintage,40.7299486,-74.0042366,"55 Carmine St, New York, NY 10014, United States",ChIJx83YoyJZwokRQmzSXiiCAk8,/biz/top-thai-vintage-new-york-3?osq=Restaurants,10014,0.01521586,3.9,17,25507,85.6,1,539,1.8,0,27,0.1,0,1377,4.6,0,0,0,0,8297,97.2,1,7.4,1,136559,1,1,1
Do Not Disturb,40.737697,-74.0041054,"285 W 12th St, New York, NY 10014, United States",ChIJ1fOC0E1ZwokRaawG2IpqBjk,/biz/do-not-disturb-new-york?osq=Restaurants,10014,0.020586794,3.9,17,25507,85.6,1,539,1.8,0,27,0.1,0,1377,4.6,0,0,0,0,8297,97.2,1,7.4,1,136559,1,1,0
Emily,40.7293737,-74.0038588,"35 Downing St, New York, NY 10014, United States",ChIJheDLi5JZwokR3olqGKqz8hI,/biz/emily-brooklyn-2?osq=Restaurants,11238,0.129154901,4,9,30572,52.2,1,17431,29.7,1,189,0.3,0,3658,6.2,0,0,0,0,14083,84.3,1,6.2,1,114427,1,0,1
Rice Kitchen,40.7251013,-74.0037828,"204 Spring St, New York, NY 10012, United States",ChIJt17HKHBZwokRsMqk3AtyZuk,/biz/rice-kitchen-new-york?osq=Restaurants,10012,0.135284355,4.8,28,15836,71.1,1,806,3.6,0,0,0,0,4131,18.6,1,0,0,0,5883,93.9,1,4.7,1,117581,1,1,0
Berimbau Brazilian Kitchen,40.7301198,-74.0036057,"43 Carmine St, New York, NY 10014, United States",ChIJpZm095JZwokRGez02CCWhpE,/biz/berimbau-brazilian-kitchen-new-york-2?osq=Restaurants,10014,0.134007682,4.5,17,25507,85.6,1,539,1.8,0,27,0.1,0,1377,4.6,0,0,0,0,8297,97.2,1,7.4,1,136559,1,1,1
Calle Dao Chelsea,40.747693,-74.0035074,"461 W 23rd St, New York, NY 10011, United States",ChIJiSvO0rlZwokRPie3AC9FVz0,/biz/calle-dao-chelsea-new-york-3?osq=Restaurants,10011,0.010156796,4.2,6,38919,75,1,2322,4.5,0,64,0.1,0,4854,9.4,0,0,0,0,10661,92,1,4.5,1,139343,1,1,0
Piccola Cucina Osteria,40.7250308,-74.0032774,"196 Spring St, New York, NY 10012, United States",ChIJowhlWYxZwokRgrvA8f_x8Es,/biz/piccola-cucina-osteria-new-york-city?osq=Restaurants,10012,0.165481507,4.3,28,15836,71.1,1,806,3.6,0,0,0,0,4131,18.6,1,0,0,0,5883,93.9,1,4.7,1,117581,1,1,0
Nami Nori,40.7302241,-74.0032216,"33 Carmine St, New York, NY 10014, United States",ChIJcfbyqFNZwokRUoBP92II4c0,/biz/nami-nori-new-york?osq=Restaurants,10014,0.152729268,4.2,17,25507,85.6,1,539,1.8,0,27,0.1,0,1377,4.6,0,0,0,0,8297,97.2,1,7.4,1,136559,1,1,1
Nami Nori,40.7302241,-74.0032216,"33 Carmine St, New York, NY 10014, United States",ChIJcfbyqFNZwokRUoBP92II4c0,/biz/nami-nori-brooklyn?osq=Restaurants,11211,0.052194769,4.3,18,44335,67.3,1,3742,5.7,0,398,0.6,1,4024,6.1,0,0,0,0,13457,71.1,1,6.4,1,89091,1,0,1
Watermark,40.704517,-74.003123,"78 South St Pier 15, New York, NY 10038, United States",ChIJ7ek7qdRbwokRt3sVsitU9r4,/biz/watermark-new-york?osq=Restaurants,10038,0.12115868,4.2,21,11554,49.5,1,2495,10.7,0,55,0.2,0,6638,28.4,1,0,0,0,4736,88.3,1,7.2,1,99924,1,1,1
Shuka,40.7270639,-74.0027877,"38 MacDougal St, New York, NY 10012, United States",ChIJ3dbcl41ZwokRouIrXtQ5erk,/biz/shuka-new-york-3?osq=Restaurants,10012,0.136812166,4.3,28,15836,71.1,1,806,3.6,0,0,0,0,4131,18.6,1,0,0,0,5883,93.9,1,4.7,1,117581,1,1,1
Osteria Del Porto,40.7073735,-74.0026999,"212 Front St, New York, NY 10038, United States",ChIJ6xkZehhbwokRqqJ4_5v8Y_M,/biz/osteria-del-porto-new-york?osq=Restaurants,10038,0.133783105,4.1,21,11554,49.5,1,2495,10.7,0,55,0.2,0,6638,28.4,1,0,0,0,4736,88.3,1,7.2,1,99924,1,1,1
While We Were Young,40.734403,-74.002696,"183 W 10th St, New York, NY 10014, United States",ChIJZRslaJRZwokRgVlMzbgFTus,/biz/while-we-were-young-new-york?osq=Restaurants,10014,0.143593747,4,17,25507,85.6,1,539,1.8,0,27,0.1,0,1377,4.6,0,0,0,0,8297,97.2,1,7.4,1,136559,1,1,0
Cobble Fish,40.7052979,-74.0025764,"89 South St Pier 16, New York, NY 10038, United States",ChIJX5C1o-9bwokR_m9JSiKFuDg,/biz/cobble-fish-new-york-2?osq=Restaurants,10038,0.179172668,3.8,21,11554,49.5,1,2495,10.7,0,55,0.2,0,6638,28.4,1,0,0,0,4736,88.3,1,7.2,1,99924,1,1,1
Fresh Salt,40.7070895,-74.0025126,"146 Beekman St, New York, NY 10038, United States",ChIJN8ko6jxawokRh4mOVeF82dg,/biz/fresh-salt-new-york?osq=Restaurants,10038,0.154572299,4,21,11554,49.5,1,2495,10.7,0,55,0.2,0,6638,28.4,1,0,0,0,4736,88.3,1,7.2,1,99924,1,1,1
Seeds & Weeds,40.7062389,-74.0023077,"96 South St, New York, NY 10038, United States",ChIJ-fwYtzdbwokREcJm1DEhc_Y,/biz/seeds-and-weeds-new-york?osq=Restaurants,10038,0.015869377,4.6,21,11554,49.5,1,2495,10.7,0,55,0.2,0,6638,28.4,1,0,0,0,4736,88.3,1,7.2,1,99924,1,1,1
The Frenchman's Dough,40.7062237,-74.0023067,"96 South St, New York, NY 10038, United States",ChIJrToyOI1bwokRv6vrvUsOM7E,/biz/the-frenchmans-dough-new-york?osq=Restaurants,10038,0.114072432,3.6,21,11554,49.5,1,2495,10.7,0,55,0.2,0,6638,28.4,1,0,0,0,4736,88.3,1,7.2,1,99924,1,1,1
Tin Building by Jean-Georges,40.706195,-74.0022691,"96 South St, New York, NY 10038, United States",ChIJD8KzL1xbwokRganKQKjCRZQ,/biz/tin-building-by-jean-georges-new-york?osq=Restaurants,10038,0.208947659,4.5,21,11554,49.5,1,2495,10.7,0,55,0.2,0,6638,28.4,1,0,0,0,4736,88.3,1,7.2,1,99924,1,1,1
Carne Mare,40.7056809,-74.0021876,"89 South St, New York, NY 10038, United States",ChIJBaD9A0ZbwokRu6ArQW3Nj1E,/biz/carne-mare-new-york-5?osq=Restaurants,10038,0.180682573,4.4,21,11554,49.5,1,2495,10.7,0,55,0.2,0,6638,28.4,1,0,0,0,4736,88.3,1,7.2,1,99924,1,1,1
TAGMO,40.7076384,-74.0021741,"226 Front St, New York, NY 10038, United States",ChIJIzd9bUtbwokRtDd_H__j_GI,/biz/tagmo-new-york?osq=Restaurants,10038,0.114668671,4.3,21,11554,49.5,1,2495,10.7,0,55,0.2,0,6638,28.4,1,0,0,0,4736,88.3,1,7.2,1,99924,1,1,1
Boqueria Soho,40.7249228,-74.0021554,"171 Spring St, New York, NY 10012, United States",ChIJA914R4xZwokRzfeGqRbXLd4,/biz/boqueria-soho-new-york-2?osq=Restaurants,10012,0.214918964,4.1,28,15836,71.1,1,806,3.6,0,0,0,0,4131,18.6,1,0,0,0,5883,93.9,1,4.7,1,117581,1,1,0
Barbalu Restaurant,40.707429,-74.002145,"225-227 Front St, New York, NY 10038, United States",ChIJC0yxuDxawokR93stpfZoc_A,/biz/barbalu-restaurant-new-york?osq=Restaurants,10038,0.088206322,4,21,11554,49.5,1,2495,10.7,0,55,0.2,0,6638,28.4,1,0,0,0,4736,88.3,1,7.2,1,99924,1,1,1
Don Angie,40.7378037,-74.0020939,"103 Greenwich Ave, New York, NY 10014, United States",ChIJfxC19JVZwokRX2uKgQAL17c,/biz/don-angie-new-york?osq=Restaurants,10014,0.130332489,4.5,17,25507,85.6,1,539,1.8,0,27,0.1,0,1377,4.6,0,0,0,0,8297,97.2,1,7.4,1,136559,1,1,0
The Hideaway Seaport,40.7080567,-74.0020756,"22 Peck Slip, New York, NY 10038, United States",ChIJ87oGtjxawokRezKwgXh6Cg4,/biz/the-hideaway-seaport-new-york?osq=Restaurants,10038,0.132637022,4.1,21,11554,49.5,1,2495,10.7,0,55,0.2,0,6638,28.4,1,0,0,0,4736,88.3,1,7.2,1,99924,1,1,1
The Fulton by Jean-Georges,40.7063467,-74.0020019,"89 South St, New York, NY 10038, United States",ChIJaXwp6UBbwokR1Ki9x6-BIug,/biz/the-fulton-by-jean-georges-new-york-2?osq=Restaurants,10038,0.036652584,4.4,21,11554,49.5,1,2495,10.7,0,55,0.2,0,6638,28.4,1,0,0,0,4736,88.3,1,7.2,1,99924,1,1,1
Au Cheval,40.7181159,-74.0019617,"33 Cortlandt Alley, New York, NY 10013, United States",ChIJt_HATrRbwokREfGhs1PnzwQ,/biz/au-cheval-new-york-7?osq=Restaurants,10013,0.015305579,4.4,23,17204,58.2,1,1000,3.4,0,27,0.1,0,9160,31,1,0,0,0,4039,80.9,1,3.5,0,137572,1,0,0
Seaport House,40.7074816,-74.0019238,"229 Front St, New York, NY 10038, United States",ChIJb3rNQsZbwokRUZS3xpAxaMI,/biz/seaport-house-new-york?osq=Restaurants,10038,0.134938094,4.1,21,11554,49.5,1,2495,10.7,0,55,0.2,0,6638,28.4,1,0,0,0,4736,88.3,1,7.2,1,99924,1,1,1
Fishmarket Restaurant,40.7071693,-74.0019226,"111 South St, New York, NY 10038, United States",ChIJ4_EelTxawokRIrVex08F1xQ,/biz/fishmarket-restaurant-new-york?osq=Restaurants,10038,0.212438368,4.4,21,11554,49.5,1,2495,10.7,0,55,0.2,0,6638,28.4,1,0,0,0,4736,88.3,1,7.2,1,99924,1,1,1
Mercado Little Spain,40.7529181,-74.0018896,"10 Hudson Yards, New York, NY 10001, United States",ChIJgx-LUDlZwokRN6_WQwx4WEc,/biz/mercado-little-spain-new-york?osq=Restaurants,10001,0.141917948,3.4,10,16963,62.9,1,2117,7.9,0,40,0.1,0,4527,16.8,1,50,0.2,1,6584,88.1,1,4.1,1,101409,1,1,0
Coco Bistro,40.7075433,-74.0016978,"36 Peck Slip, New York, NY 10038, United States",ChIJE9A2CkxbwokRnLNMd5R3hpY,/biz/coco-bistro-peck-slip?osq=Restaurants,10038,0.186326586,4.3,21,11554,49.5,1,2495,10.7,0,55,0.2,0,6638,28.4,1,0,0,0,4736,88.3,1,7.2,1,99924,1,1,1
Dante,40.7288417,-74.0016444,"79-81 MacDougal St, New York, NY 10012, United States",ChIJUw68EZJZwokRJ15RD_T4OTw,/biz/dante-new-york?osq=Restaurants,10012,0.129607856,3.8,28,15836,71.1,1,806,3.6,0,0,0,0,4131,18.6,1,0,0,0,5883,93.9,1,4.7,1,117581,1,1,1
Momofuku Ssam Bar,40.7054623,-74.0016428,"89 South St Pier 17, New York, NY 10038, United States",ChIJkXQ3_INZwokRbCMEByaQ_VE,/biz/momofuku-ssam-bar-new-york-6?osq=Restaurants,10038,0.191170784,3.9,21,11554,49.5,1,2495,10.7,0,55,0.2,0,6638,28.4,1,0,0,0,4736,88.3,1,7.2,1,99924,1,1,1
DOMODOMO - New York,40.7280088,-74.0016204,"140 W Houston St, New York, NY 10012, United States",ChIJKas69o1ZwokRzUumZ0jK0rk,/biz/domodomo-new-york-new-york-4?osq=Restaurants,10012,0.189072886,4.2,28,15836,71.1,1,806,3.6,0,0,0,0,4131,18.6,1,0,0,0,5883,93.9,1,4.7,1,117581,1,1,1
The Paris Cafe,40.7073039,-74.0015776,"119 South Street, 119 Peck Slip, New York, NY 10038, United States",ChIJp1xmvDxawokR--2ZxQQ7NeM,/biz/the-paris-cafe-new-york?osq=Restaurants,10038,0.147844925,3.9,21,11554,49.5,1,2495,10.7,0,55,0.2,0,6638,28.4,1,0,0,0,4736,88.3,1,7.2,1,99924,1,1,1
Malibu Farm New York,40.705759,-74.001505,"89 South St, New York, NY 10038, United States",ChIJD_Iteo1bwokRvCPy9I-S9Ds,/biz/malibu-farm-new-york-new-york-2?osq=Restaurants,10038,0.220716478,3.8,21,11554,49.5,1,2495,10.7,0,55,0.2,0,6638,28.4,1,0,0,0,4736,88.3,1,7.2,1,99924,1,1,1
Honest,40.7288492,-74.0008394,"176 Bleecker St, New York, NY 10012, United States",ChIJB8t1eLpZwokRyFUSHNRTgJs,/biz/honest-new-york?osq=Restaurants,10012,0.005114972,4.5,28,15836,71.1,1,806,3.6,0,0,0,0,4131,18.6,1,0,0,0,5883,93.9,1,4.7,1,117581,1,1,1
Chow House,40.7291594,-74.000702,"181 Bleecker St, New York, NY 10012, United States",ChIJ8z3tH5JZwokRU1hSLFhRFQA,/biz/chow-house-new-york?osq=Restaurants,10012,0.144309272,4.4,28,15836,71.1,1,806,3.6,0,0,0,0,4131,18.6,1,0,0,0,5883,93.9,1,4.7,1,117581,1,1,1
Saigon Shack,40.7296988,-74.0006341,"114 MacDougal St, New York, NY 10012, United States",ChIJp7CcJ5JZwokRCZHeOFZwxkc,/biz/saigon-shack-new-york?osq=Restaurants,10012,0.109789227,4.1,28,15836,71.1,1,806,3.6,0,0,0,0,4131,18.6,1,0,0,0,5883,93.9,1,4.7,1,117581,1,1,1
Shukette,40.7471546,-74.0005218,"230 9th Ave, New York, NY 10001, United States",ChIJuabZo6hZwokRhGPoGjo0H6k,/biz/shukette-new-york?osq=Restaurants,10001,0.13574251,4.4,10,16963,62.9,1,2117,7.9,0,40,0.1,0,4527,16.8,1,50,0.2,1,6584,88.1,1,4.1,1,101409,1,1,0
Pommes Frites,40.7301279,-74.0002934,"128 MacDougal St, New York, NY 10012, United States",ChIJDUFxhJFZwokRy_4jLT8Uwcs,/biz/pommes-frites-new-york-2?osq=Restaurants,10012,0.010330287,4.2,28,15836,71.1,1,806,3.6,0,0,0,0,4131,18.6,1,0,0,0,5883,93.9,1,4.7,1,117581,1,1,1
Jane Restaurant,40.7273218,-74.00026,"100 W Houston St, New York, NY 10012, United States",ChIJX4zeCI5ZwokRePXXoFv-AXY,/biz/jane-restaurant-new-york?osq=Restaurants,10012,0.14428711,3.9,28,15836,71.1,1,806,3.6,0,0,0,0,4131,18.6,1,0,0,0,5883,93.9,1,4.7,1,117581,1,1,1
Wild Ink,40.7540831539845,-74.000090434319,"500 W 33rd St Fl 5, New York, NY 10001, United States",ChIJ6bHGKdjIw4kRdcZSgK7p_SE,/biz/wild-ink-new-york?osq=Restaurants,10001,0.137061055,4,10,16963,62.9,1,2117,7.9,0,40,0.1,0,4527,16.8,1,50,0.2,1,6584,88.1,1,4.1,1,101409,1,1,0
La Lanterna Di Vittorio,40.7306651,-74.0000496,"129 MacDougal St, New York, NY 10012, United States",ChIJPxCEeZFZwokRzk5UghlXZWU,/biz/la-lanterna-di-vittorio-new-york?osq=Restaurants,10012,0.056397198,4.2,28,15836,71.1,1,806,3.6,0,0,0,0,4131,18.6,1,0,0,0,5883,93.9,1,4.7,1,117581,1,1,1
Olio e Pi%C3%B9,40.73422761,-73.99993893,"3 Greenwich Ave  New York, NY 10014  Christopher St & 10th St",-,/biz/olio-e-pi%C3%B9-new-york-7?osq=Restaurants,10014,0.421903572,4.4,17,25507,85.6,1,539,1.8,0,27,0.1,0,1377,4.6,0,0,0,0,8297,97.2,1,7.4,1,136559,1,1,0
Breakroom,40.7166726,-73.9996701,"83 Baxter St, New York, NY 10013, United States",ChIJrd51M75bwokRDNRpZGHTYz8,/biz/breakroom-new-york?osq=Restaurants,10013,0.08842818,4,23,17204,58.2,1,1000,3.4,0,27,0.1,0,9160,31,1,0,0,0,4039,80.9,1,3.5,0,137572,1,0,1
The Tyger,40.718902,-73.999442,"1 Howard St, New York, NY 10013, United States",ChIJ2fEjn-RZwokRe9eppEiXc4E,/biz/the-tyger-new-york-2?osq=Restaurants,10013,0.153355443,3.9,23,17204,58.2,1,1000,3.4,0,27,0.1,0,9160,31,1,0,0,0,4039,80.9,1,3.5,0,137572,1,0,1
Cremini's - Aperitivo & Kitchen,40.6749596,-73.9992896,"521 Court St, Brooklyn, NY 11231, United States",ChIJc752HKFbwokRACCC8-zc3lg,/biz/creminis-aperitivo-and-kitchen-brooklyn?osq=Restaurants,11231,0.132711779,4.8,3,26885,66.7,1,5324,13.2,0,183,0.5,0,2029,5,0,653,1.6,1,5120,77,1,7.9,1,121638,1,0,0
Uncle Lou,40.71623,-73.9992504,"73 Mulberry St, New York, NY 10013, United States",ChIJSRT5b9ZbwokRYilWRG4jYaY,/biz/uncle-lou-new-york-3?osq=Restaurants,10013,0.167375803,4.1,23,17204,58.2,1,1000,3.4,0,27,0.1,0,9160,31,1,0,0,0,4039,80.9,1,3.5,0,137572,1,0,1
Red Feather,40.7297613,-73.9989463,"82 W 3rd St, New York, NY 10012, United States",ChIJ49XkKM1ZwokRIkFPQKles_Q,/biz/red-feather-new-york?osq=Restaurants,10012,0.127286444,4.8,28,15836,71.1,1,806,3.6,0,0,0,0,4131,18.6,1,0,0,0,5883,93.9,1,4.7,1,117581,1,1,1
Noodle Village,40.7141401,-73.998918,"13 Mott St, New York, NY 10013, United States",ChIJk31a6yZawokRCP9vIx0Us18,/biz/noodle-village-new-york-7?osq=Restaurants,10013,0.130580054,3.9,23,17204,58.2,1,1000,3.4,0,27,0.1,0,9160,31,1,0,0,0,4039,80.9,1,3.5,0,137572,1,0,1
Shanghai 21,40.7144645,-73.9988929,"21 Mott St, New York, NY 10013, United States",ChIJTVG07iZawokRq9rPs7ib8bY,/biz/shanghai-21-new-york-2?osq=Restaurants,10013,0.133855521,4.1,23,17204,58.2,1,1000,3.4,0,27,0.1,0,9160,31,1,0,0,0,4039,80.9,1,3.5,0,137572,1,0,1
Clover Hill,40.6931638,-73.9987045,"20 Columbia Pl, Brooklyn, NY 11201, United States",ChIJHzZ2mzxbwokR3LxA89MHy78,/biz/clover-hill-brooklyn?osq=Restaurants,11201,0.145453611,4.7,48,42126,61.3,1,8999,13.1,0,394,0.6,1,9532,13.9,0,26,0,0,13971,86.4,1,5.9,1,148282,1,0,0
Balthazar,40.722668,-73.9982298,"80 Spring St, New York, NY 10012, United States",ChIJt7fMLIlZwokRCRtM9bNDg78,/biz/balthazar-new-york-2?osq=Restaurants,10012,0.158347376,3.9,28,15836,71.1,1,806,3.6,0,0,0,0,4131,18.6,1,0,0,0,5883,93.9,1,4.7,1,117581,1,1,1
TADA Korean Fried Chicken,40.7156513,-73.9981356,"70 Bayard St, New York, NY 10013, United States",ChIJr4MYTo5bwokR8HkbD9k_0x0,/biz/tada-korean-fried-chicken-new-york?osq=Restaurants,10013,0.142343129,3.9,23,17204,58.2,1,1000,3.4,0,27,0.1,0,9160,31,1,0,0,0,4039,80.9,1,3.5,0,137572,1,0,1
Alta,40.7344068,-73.9981153,"64 W 10th St, New York, NY 10011, United States",ChIJV1Pf5JZZwokRjb-Dsy8ZY9E,/biz/alta-new-york?osq=Restaurants,10011,0.056101032,3.9,6,38919,75,1,2322,4.5,0,64,0.1,0,4854,9.4,0,0,0,0,10661,92,1,4.5,1,139343,1,1,0
Kong Sihk Tong %E6%B8%AF%E9%A3%9F%E5%A0%82,40.71557414,-73.9980666,"65 Bayard St  New York, NY 10013  Mott St & Elizabeth St  Chinatown",-,/biz/kong-sihk-tong-%E6%B8%AF%E9%A3%9F%E5%A0%82-new-york?osq=Restaurants,10013,0.237943688,4.1,23,17204,58.2,1,1000,3.4,0,27,0.1,0,9160,31,1,0,0,0,4039,80.9,1,3.5,0,137572,1,0,1
Tasty Hand-Pulled Noodles,40.7142425,-73.9978903,"1 Doyers St, New York, NY 10013, United States",ChIJmZTuWtBbwokRWxbraRwj8xA,/biz/tasty-hand-pulled-noodles-new-york?osq=Restaurants,10013,0.183256043,3.9,23,17204,58.2,1,1000,3.4,0,27,0.1,0,9160,31,1,0,0,0,4039,80.9,1,3.5,0,137572,1,0,1
Despa√±a Fine Foods & Tapas Cafe,40.7210932,-73.9978255,"408 Broome St, New York, NY 10013, United States",ChIJZzRtHIlZwokRYU5sVES5WNM,/biz/despa%C3%B1a-fine-foods-and-tapas-cafe-new-york-2?osq=Restaurants,10013,0.062928438,4.4,23,17204,58.2,1,1000,3.4,0,27,0.1,0,9160,31,1,0,0,0,4039,80.9,1,3.5,0,137572,1,0,1
Am%C3%A9lie,40.7328241,-73.99780725,"22 W 8th St  New York, NY 10011  5th Ave & Mac Dougal St  Greenwich Village",-,/biz/am%C3%A9lie-new-york?osq=Restaurants,10011,0.174559096,4.3,6,38919,75,1,2322,4.5,0,64,0.1,0,4854,9.4,0,0,0,0,10661,92,1,4.5,1,139343,1,1,0
BoCaphe,40.7220405,-73.9975553,"222 Lafayette St, New York, NY 10012, United States",ChIJseS514hZwokRHU43L12LOxw,/biz/bocaph%C3%AA-new-york-3?osq=Restaurants,10012,0.12494876,4.1,28,15836,71.1,1,806,3.6,0,0,0,0,4131,18.6,1,0,0,0,5883,93.9,1,4.7,1,117581,1,1,1
Jack's Wife Freda,40.722174,-73.9974607,"226 Lafayette St, New York, NY 10012, United States",ChIJA4i114hZwokRaqeyrmI80x0,/biz/jacks-wife-freda-new-york?osq=Restaurants,10012,0.32407968,3.9,28,15836,71.1,1,806,3.6,0,0,0,0,4131,18.6,1,0,0,0,5883,93.9,1,4.7,1,117581,1,1,1
Jack's Wife Freda,40.722174,-73.9974607,"226 Lafayette St, New York, NY 10012, United States",ChIJA4i114hZwokRaqeyrmI80x0,/biz/jacks-wife-freda-new-york-2?osq=Restaurants,10014,0.144619456,3.9,17,25507,85.6,1,539,1.8,0,27,0.1,0,1377,4.6,0,0,0,0,8297,97.2,1,7.4,1,136559,1,1,1
Jack's Wife Freda,40.722174,-73.9974607,"226 Lafayette St, New York, NY 10012, United States",ChIJA4i114hZwokRaqeyrmI80x0,/biz/jacks-wife-freda-new-york-5?osq=Restaurants,11249,0.161263868,3.8,15,30914,72.9,1,2452,5.8,0,76,0.2,0,2264,5.3,0,0,0,0,7489,72.7,1,6,1,105222,1,0,1
Paesano of Mulberry Street,40.7185466,-73.9974466,"136 Mulberry St, New York, NY 10013, United States",ChIJ7ZZgM4hZwokRddMfsLPztpM,/biz/paesano-of-mulberry-street-new-york?osq=Restaurants,10013,0.146660873,4.1,23,17204,58.2,1,1000,3.4,0,27,0.1,0,9160,31,1,0,0,0,4039,80.9,1,3.5,0,137572,1,0,1
Gelso & Grand,40.7195839,-73.9973403,"186 Grand St, New York, NY 10013, United States",ChIJS3EpUohZwokReLFKxxE_zKE,/biz/gelso-and-grand-new-york?osq=Restaurants,10013,0.142339157,4.3,23,17204,58.2,1,1000,3.4,0,27,0.1,0,9160,31,1,0,0,0,4039,80.9,1,3.5,0,137572,1,0,1
Gai Kitchen,40.7171726,-73.9972861,"98 Mott St 11 b, New York, NY 10013, United States",ChIJT_0oqlpbwokR6wjYsXzMWL8,/biz/gai-kitchen-new-york?osq=Restaurants,10013,0.075204649,4.8,23,17204,58.2,1,1000,3.4,0,27,0.1,0,9160,31,1,0,0,0,4039,80.9,1,3.5,0,137572,1,0,1
Nyonya,40.7190568,-73.9969181,"199 Grand St, New York, NY 10013, United States",ChIJ0VKRSIhZwokRdCKH7vdxs2o,/biz/nyonya-new-york?osq=Restaurants,10013,0.16675939,3.9,23,17204,58.2,1,1000,3.4,0,27,0.1,0,9160,31,1,0,0,0,4039,80.9,1,3.5,0,137572,1,0,1
Joe's Shanghai,40.7156656,-73.9966988,"46 Bowery, New York, NY 10013, United States",ChIJ2XIY-CZawokRokUjxBSl5hw,/biz/joes-shanghai-new-york-2?osq=Restaurants,10013,0.611455805,3.8,23,17204,58.2,1,1000,3.4,0,27,0.1,0,9160,31,1,0,0,0,4039,80.9,1,3.5,0,137572,1,0,1
Da Long Yi Hot Pot,40.7166314,-73.9965889,"159 Canal St 2nd floor, New York, NY 10013, United States",ChIJeQQqRN5bwokRmEQu2e7srvY,/biz/da-long-yi-hot-pot-new-york-4?osq=Restaurants,10013,0.005102559,4.2,23,17204,58.2,1,1000,3.4,0,27,0.1,0,9160,31,1,0,0,0,4039,80.9,1,3.5,0,137572,1,0,1
Wan Wan,40.7217743,-73.9964439,"209 Mulberry St, New York, NY 10012, United States",ChIJ3bfKuSRZwokRUVDT411SnHM,/biz/wan-wan-new-york-2?osq=Restaurants,10012,0.093027087,4.3,28,15836,71.1,1,806,3.6,0,0,0,0,4131,18.6,1,0,0,0,5883,93.9,1,4.7,1,117581,1,1,1
Lillo Cucina Italiana,40.6901828,-73.9963759,"331 Henry St, Brooklyn, NY 11201, United States",ChIJtzWlCkVawokRCojY8KfHqqI,/biz/lillo-cucina-italiana-brooklyn?osq=Restaurants,11201,0.14313155,4.8,48,42126,61.3,1,8999,13.1,0,394,0.6,1,9532,13.9,0,26,0,0,13971,86.4,1,5.9,1,148282,1,0,0
Mad for Chicken Brooklyn Heights,40.6951826,-73.9962507,"80 Montague St, Brooklyn, NY 11201, United States",ChIJ0e4UaTxbwokRqp1A2PRwlkg,/biz/mad-for-chicken-brooklyn-heights-brooklyn-2?osq=Restaurants,11201,0.157221052,4.8,48,42126,61.3,1,8999,13.1,0,394,0.6,1,9532,13.9,0,26,0,0,13971,86.4,1,5.9,1,148282,1,0,0
Felice Montague,40.695172,-73.9961544,"84 Montague St, Brooklyn, NY 11201, United States",ChIJieXewR5bwokRqDs_MCqYH9U,/biz/felice-montague-brooklyn-2?osq=Restaurants,11201,0.130325992,4.1,48,42126,61.3,1,8999,13.1,0,394,0.6,1,9532,13.9,0,26,0,0,13971,86.4,1,5.9,1,148282,1,0,0
Rubirosa,40.7227383,-73.9961347,"235 Mulberry St, New York, NY 10012, United States",ChIJs8MdNo9ZwokRTPUHiArLC-o,/biz/rubirosa-new-york-2?osq=Restaurants,10012,0.253188908,4.3,28,15836,71.1,1,806,3.6,0,0,0,0,4131,18.6,1,0,0,0,5883,93.9,1,4.7,1,117581,1,1,1
Ugly Baby,40.677962,-73.9961029,"407 Smith St, Brooklyn, NY 11231, United States",ChIJ7RSHClhawokR-m8p8Ny_vR8,/biz/ugly-baby-brooklyn-3?osq=Restaurants,11231,0.071842324,4.1,3,26885,66.7,1,5324,13.2,0,183,0.5,0,2029,5,0,653,1.6,1,5120,77,1,7.9,1,121638,1,0,0
Da Andrea,40.7361918,-73.9958515,"35 W 13th St, New York, NY 10011, United States",ChIJS1uszZRZwokRbKPTzS6hnWM,/biz/da-andrea-new-york?osq=Restaurants,10011,1,4.3,6,38919,75,1,2322,4.5,0,64,0.1,0,4854,9.4,0,0,0,0,10661,92,1,4.5,1,139343,1,1,0
Momoya SoHo,40.7235427,-73.9957854,"47 Prince St, New York, NY 10012, United States",ChIJ4Rw7sVhZwokRJuSZSI0jb4A,/biz/momoya-soho-new-york?osq=Restaurants,10012,0.132572282,4.4,28,15836,71.1,1,806,3.6,0,0,0,0,4131,18.6,1,0,0,0,5883,93.9,1,4.7,1,117581,1,1,1
Thai Diner,40.7207143,-73.99565,"186 Mott St, New York, NY 10012, United States",ChIJQyFr6-FZwokRr23JK7BC7_g,/biz/thai-diner-new-york?osq=Restaurants,10012,0.086917123,4.2,28,15836,71.1,1,806,3.6,0,0,0,0,4131,18.6,1,0,0,0,5883,93.9,1,4.7,1,117581,1,1,1
The Osprey,40.7023497,-73.9955941,"60 Furman St, Brooklyn, NY 11201, United States",ChIJxWLy8DlawokR1jvfXUPSTUE,/biz/the-osprey-brooklyn?osq=Restaurants,11201,0.310468791,3.9,48,42126,61.3,1,8999,13.1,0,394,0.6,1,9532,13.9,0,26,0,0,13971,86.4,1,5.9,1,148282,1,0,1
Kimika,40.7205834,-73.9952002,"40 Kenmare St, New York, NY 10012, United States",ChIJBTT9YW9ZwokRGNibieZGOTk,/biz/kimika-new-york?osq=Restaurants,10012,0.104683018,3.8,28,15836,71.1,1,806,3.6,0,0,0,0,4131,18.6,1,0,0,0,5883,93.9,1,4.7,1,117581,1,1,1
Sun Hing Lung Co,40.7128855,-73.9951074,"58 Henry St, New York, NY 10002, United States",ChIJGeaRAyZawokRbvxqEiLDw8g,/biz/sun-hing-lung-co-new-york-3?osq=Restaurants,10002,0.110318306,4.1,29,24687,32.1,0,6453,8.4,0,624,0.8,1,30288,39.4,1,19,0,0,8819,63.6,1,7.5,1,37093,0,1,1
Al Badawi,40.6906407,-73.9950026,"151 Atlantic Ave, Brooklyn, NY 11201, United States",ChIJL_1fstBbwokRVaeht7CPayA,/biz/al-badawi-brooklyn-2?osq=Restaurants,11201,0.080990333,4.3,48,42126,61.3,1,8999,13.1,0,394,0.6,1,9532,13.9,0,26,0,0,13971,86.4,1,5.9,1,148282,1,0,0
LaoJie Hotpot Manhattan,40.7176193,-73.9949923,"105 Bowery, New York, NY 10002, United States",ChIJ76QaGzxZwokRfGxoduYPISA,/biz/laojie-hotpot-manhattan-new-york?osq=Restaurants,10002,0.033804827,5,29,24687,32.1,0,6453,8.4,0,624,0.8,1,30288,39.4,1,19,0,0,8819,63.6,1,7.5,1,37093,0,1,1
The River Caf%C3%A9,40.70399921,-73.99482446,"1 Water St  Brooklyn, NY 11201  Brooklyn Brg & W Cadman Plz  DUMBO",-,/biz/the-river-caf%C3%A9-brooklyn-3?osq=Restaurants,11201,0.156828078,4.1,48,42126,61.3,1,8999,13.1,0,394,0.6,1,9532,13.9,0,26,0,0,13971,86.4,1,5.9,1,148282,1,0,1
Cafe Gitane,40.7231237,-73.9947502,"242 Mott St, New York, NY 10012, United States",ChIJB-TnioVZwokR1qMpyVU83P4,/biz/cafe-gitane-brooklyn?osq=Restaurants,11201,0.120677363,4.2,48,42126,61.3,1,8999,13.1,0,394,0.6,1,9532,13.9,0,26,0,0,13971,86.4,1,5.9,1,148282,1,0,1
White Oak Tavern,40.7303892,-73.9946255,"21 Waverly Pl, New York, NY 10003, United States",ChIJ3zjtdppZwokRhZZwPc4gsj0,/biz/white-oak-tavern-new-york-2?osq=Restaurants,10003,0.139086002,4.3,34,38481,70.7,1,2823,5.2,0,148,0.3,0,9110,16.7,1,45,0.1,0,12688,92.1,1,5.1,1,137533,1,1,0
Wah Fung No 1,40.7173189,-73.9944649,"79 Chrystie St, New York, NY 10002, United States",ChIJCZ6p_4dZwokRitXAVOk-zvs,/biz/wah-fung-no-1-new-york-2?osq=Restaurants,10002,0.190392057,4.5,29,24687,32.1,0,6453,8.4,0,624,0.8,1,30288,39.4,1,19,0,0,8819,63.6,1,7.5,1,37093,0,1,1
Cafe Habana,40.7229278,-73.9941778,"17 Prince St, New York, NY 10012, United States",ChIJPQOh8YVZwokRE2WsbZI4tOk,/biz/cafe-habana-new-york-4?osq=Restaurants,10012,0.046541197,3.9,28,15836,71.1,1,806,3.6,0,0,0,0,4131,18.6,1,0,0,0,5883,93.9,1,4.7,1,117581,1,1,1
Luke's Lobster Brooklyn Bridge Park,40.7034797,-73.9941407,"11 Water St, Brooklyn, NY 11201, United States",ChIJv1e4pTBawokRBEaJGGqb1YQ,/biz/lukes-lobster-brooklyn-bridge-park-brooklyn-2?osq=Restaurants,11201,0.148718474,3.9,48,42126,61.3,1,8999,13.1,0,394,0.6,1,9532,13.9,0,26,0,0,13971,86.4,1,5.9,1,148282,1,0,1
Hak Box,40.7140399,-73.994115,"88 E Broadway # 106, New York, NY 10002, United States",ChIJPeWieehbwokRbUSCaEAXG4c,/biz/hak-box-new-york-2?osq=Restaurants,10002,0.026248029,4.5,29,24687,32.1,0,6453,8.4,0,624,0.8,1,30288,39.4,1,19,0,0,8819,63.6,1,7.5,1,37093,0,1,1
Soba Mama,40.7302341,-73.9940323,"289 Mercer St, New York, NY 10003, United States",ChIJM8dmgVJZwokRhVbTSrxvSoo,/biz/soba-mama-new-york?osq=Restaurants,10003,0.096722304,4.3,34,38481,70.7,1,2823,5.2,0,148,0.3,0,9110,16.7,1,45,0.1,0,12688,92.1,1,5.1,1,137533,1,1,0
Fong On,40.7142217,-73.993757,"81 Division St, New York, NY 10002, United States",ChIJQaJeJexbwokR3tRvK_apU4A,/biz/fong-on-new-york?osq=Restaurants,10002,0.010125494,4.9,29,24687,32.1,0,6453,8.4,0,624,0.8,1,30288,39.4,1,19,0,0,8819,63.6,1,7.5,1,37093,0,1,1
Ingas Bar,40.7000203,-73.9937018,"66 Hicks St, Brooklyn, NY 11201, United States",ChIJP6l_znFbwokRpT1_G9i2i_Y,/biz/ingas-bar-brooklyn?osq=Restaurants,11201,0.186223609,4.4,48,42126,61.3,1,8999,13.1,0,394,0.6,1,9532,13.9,0,26,0,0,13971,86.4,1,5.9,1,148282,1,0,0
Potluck Club,40.719602,-73.9935919,"133 Chrystie St, New York, NY 10002, United States",ChIJ7yN3d6tZwokRATR9U3lAqLg,/biz/potluck-club-new-york-2?osq=Restaurants,10002,0.100899678,4.8,29,24687,32.1,0,6453,8.4,0,624,0.8,1,30288,39.4,1,19,0,0,8819,63.6,1,7.5,1,37093,0,1,1
Boutros,40.6901602,-73.9934661,"185 Atlantic Ave, Brooklyn, NY 11201, United States",ChIJh0mec09awokR8AJ75UQHixY,/biz/boutros-brooklyn?osq=Restaurants,11201,0.157266223,4.5,48,42126,61.3,1,8999,13.1,0,394,0.6,1,9532,13.9,0,26,0,0,13971,86.4,1,5.9,1,148282,1,0,0
Juliana's,40.7027205,-73.9934606,"19 Old Fulton St, Brooklyn, NY 11201, United States",ChIJAQr5tjBawokRBBESUv8Tw5I,/biz/julianas-brooklyn-3?osq=Restaurants,11201,0.304395494,4.4,48,42126,61.3,1,8999,13.1,0,394,0.6,1,9532,13.9,0,26,0,0,13971,86.4,1,5.9,1,148282,1,0,1
Landhaus,40.7040878393381,-73.9934603189813,"3 New Dock St, Brooklyn, NY 11201, United States",ChIJ_2aspDHBB4gRYev6bKv3TAY,/biz/landhaus-new-york-3?osq=Restaurants,11201,0.076785347,4,48,42126,61.3,1,8999,13.1,0,394,0.6,1,9532,13.9,0,26,0,0,13971,86.4,1,5.9,1,148282,1,0,0
Burger & Lobster - Flatiron NYC,40.7400897,-73.9934044,"39 W 19th St, New York, NY 10011, United States",ChIJI_roPaNZwokRfwq8_je3mZg,/biz/burger-and-lobster-flatiron-nyc-new-york?osq=Restaurants,10011,0.132991313,4.8,6,38919,75,1,2322,4.5,0,64,0.1,0,4854,9.4,0,0,0,0,10661,92,1,4.5,1,139343,1,1,0
M%E1%BA%AFm,40.71719724,-73.99331862,"70 Forsyth St  New York, NY 10002  Hester St & Canal St  Lower East Side",-,/biz/m%E1%BA%AFm-new-york-2?osq=Restaurants,10002,0.167578142,4.4,29,24687,32.1,0,6453,8.4,0,624,0.8,1,30288,39.4,1,19,0,0,8819,63.6,1,7.5,1,37093,0,1,1
Tutt Heights,40.700213,-73.993316,"47 Hicks St, Brooklyn, NY 11201, United States",ChIJAQAsDTdawokRbXcJnQ55gBM,/biz/tutt-heights-brooklyn?osq=Restaurants,11201,0.118723808,4,48,42126,61.3,1,8999,13.1,0,394,0.6,1,9532,13.9,0,26,0,0,13971,86.4,1,5.9,1,148282,1,0,0
Grimaldi's Pizzeria,40.70276787,-73.99326846,"1 Front St  Brooklyn, NY 11201  Dock St & York St  DUMBO",-,/biz/grimaldis-pizzeria-brooklyn-4?osq=Restaurants,11201,0.138671964,3.6,48,42126,61.3,1,8999,13.1,0,394,0.6,1,9532,13.9,0,26,0,0,13971,86.4,1,5.9,1,148282,1,0,1
Pranakhon Thai Restaurant,40.733751,-73.9932623,"88 University Pl, New York, NY 10003, United States",ChIJeWk_ncJZwokR1QHfApa0dQo,/biz/pranakhon-thai-restaurant-new-york-2?osq=Restaurants,10003,0.131605726,4.9,34,38481,70.7,1,2823,5.2,0,148,0.3,0,9110,16.7,1,45,0.1,0,12688,92.1,1,5.1,1,137533,1,1,0
The Grey Dog - Union Square,40.73394568,-73.99320042,"90 University Pl  New York, NY 10003",-,/biz/the-grey-dog-union-square-new-york?osq=Restaurants,10003,0.00511081,4.3,34,38481,70.7,1,2823,5.2,0,148,0.3,0,9110,16.7,1,45,0.1,0,12688,92.1,1,5.1,1,137533,1,1,0
Gran Electrica,40.7026673,-73.9931155,"5 Front St, Brooklyn, NY 11201, United States",ChIJSQWgyTBawokRFQSytRdh7K4,/biz/gran-electrica-brooklyn-3?osq=Restaurants,11201,0.109736423,3.6,48,42126,61.3,1,8999,13.1,0,394,0.6,1,9532,13.9,0,26,0,0,13971,86.4,1,5.9,1,148282,1,0,1
Taboonette,40.7346073,-73.9928231,"30 E 13th St, New York, NY 10003, United States",ChIJN5nlTphZwokR7RA6DCX141Q,/biz/taboonette-new-york?osq=Restaurants,10003,0.141634007,4.3,34,38481,70.7,1,2823,5.2,0,148,0.3,0,9110,16.7,1,45,0.1,0,12688,92.1,1,5.1,1,137533,1,1,0
Din Soup Dumplings,40.6941905,-73.9928049,"162 Montague St Fl 1, Brooklyn, NY 11201, United States",ChIJWWAmRa5bwokRrCSDiFtd8-g,/biz/din-soup-dumplings-brooklyn?osq=Restaurants,11201,0.150923456,4.6,48,42126,61.3,1,8999,13.1,0,394,0.6,1,9532,13.9,0,26,0,0,13971,86.4,1,5.9,1,148282,1,0,0
C as in Charlie,40.7255039,-73.9927018,"5 Bleecker St, New York, NY 10012, United States",ChIJx-bMHr1ZwokRd3i_y7F3VlE,/biz/c-as-in-charlie-new-york?osq=Restaurants,10012,0.036218872,4.3,28,15836,71.1,1,806,3.6,0,0,0,0,4131,18.6,1,0,0,0,5883,93.9,1,4.7,1,117581,1,1,1
Fish Cheeks,40.725709,-73.992682,"55 Bond St, New York, NY 10012, United States",ChIJgc7fPIVZwokRQMnqTxTf_Qk,/biz/fish-cheeks-new-york?osq=Restaurants,10012,0.176869006,4.5,28,15836,71.1,1,806,3.6,0,0,0,0,4131,18.6,1,0,0,0,5883,93.9,1,4.7,1,117581,1,1,1
Wayla,40.7182852,-73.9926038,"100 Forsyth St, New York, NY 10002, United States",ChIJx-dP1L9ZwokRUJWDOIcgTG4,/biz/wayla-new-york?osq=Restaurants,10002,0.177478886,4.5,29,24687,32.1,0,6453,8.4,0,624,0.8,1,30288,39.4,1,19,0,0,8819,63.6,1,7.5,1,37093,0,1,0
Wayla,40.7182852,-73.9926038,"100 Forsyth St, New York, NY 10002, United States",ChIJx-dP1L9ZwokRUJWDOIcgTG4,/biz/wayla-brooklyn?osq=Restaurants,11201,0.011174622,3.4,48,42126,61.3,1,8999,13.1,0,394,0.6,1,9532,13.9,0,26,0,0,13971,86.4,1,5.9,1,148282,1,0,1
Forsythia,40.7225653,-73.9924768,"9 Stanton St, New York, NY 10002, United States",ChIJ6Xa02cFZwokRv_5HQ3fHoHk,/biz/forsythia-new-york-3?osq=Restaurants,10002,0.062081374,4.5,29,24687,32.1,0,6453,8.4,0,624,0.8,1,30288,39.4,1,19,0,0,8819,63.6,1,7.5,1,37093,0,1,1
Freemans,40.7219877,-73.9924573,"Freeman Alley, New York, NY 10002, United States",ChIJRcCC14VZwokRvJiDo29-IGM,/biz/freemans-new-york-3?osq=Restaurants,10002,0.134198098,3.8,29,24687,32.1,0,6453,8.4,0,624,0.8,1,30288,39.4,1,19,0,0,8819,63.6,1,7.5,1,37093,0,1,1
The Binc,40.6992629,-73.9922772,"60 Henry St, Brooklyn, NY 11201, United States",ChIJfY0sqTdawokRHXfroULECEM,/biz/the-binc-brooklyn?osq=Restaurants,11201,0.170427119,4.4,48,42126,61.3,1,8999,13.1,0,394,0.6,1,9532,13.9,0,26,0,0,13971,86.4,1,5.9,1,148282,1,0,0
La Chilaquer%C3%ADa - New York,40.74733541,-73.9921822,"139 W 28th St  New York, NY 10001  Avenue Of The Americas & 7th Ave  Chelsea",-,/biz/la-chilaquer%C3%ADa-new-york-new-york?osq=Restaurants,10001,0.021588802,4.7,10,16963,62.9,1,2117,7.9,0,40,0.1,0,4527,16.8,1,50,0.2,1,6584,88.1,1,4.1,1,101409,1,1,0
Time Out Market New York,40.7034205,-73.9921457,"55 Water St, Brooklyn, NY 11201, United States",ChIJ9aMCWaxbwokRZHJGmTBxFtQ,/biz/time-out-market-new-york-brooklyn?osq=Restaurants,11201,0.343921631,3.8,48,42126,61.3,1,8999,13.1,0,394,0.6,1,9532,13.9,0,26,0,0,13971,86.4,1,5.9,1,148282,1,0,1
David Burke TImeout Market,40.7034205,-73.9921457,"55 Water St, Brooklyn, NY 11201, United States",ChIJ9aMCWaxbwokRZHJGmTBxFtQ,/biz/david-burke-timeout-market-brooklyn?osq=Restaurants,11201,0.142953345,4.5,48,42126,61.3,1,8999,13.1,0,394,0.6,1,9532,13.9,0,26,0,0,13971,86.4,1,5.9,1,148282,1,0,1
Noodle Pudding,40.69981,-73.9921036,"38 Henry St, Brooklyn, NY 11201, United States",ChIJaZ3zATdawokRwWdbyV9OwmY,/biz/noodle-pudding-brooklyn?osq=Restaurants,11201,0.143520375,4,48,42126,61.3,1,8999,13.1,0,394,0.6,1,9532,13.9,0,26,0,0,13971,86.4,1,5.9,1,148282,1,0,0
Shu Jiao Fu Zhou,40.7174109,-73.9920876,"295 Grand St, New York, NY 10002, United States",ChIJ3au6oIdZwokRRpuRY9nbgik,/biz/shu-jiao-fu-zhou-new-york-2?osq=Restaurants,10002,0.139224822,4.5,29,24687,32.1,0,6453,8.4,0,624,0.8,1,30288,39.4,1,19,0,0,8819,63.6,1,7.5,1,37093,0,1,1
shabushabu Mayumon,40.7142375,-73.9920557,"115 Division St, New York, NY 10002, United States",ChIJ3UyOrd1bwokRNqcXgYK8ALA,/biz/shabushabu-mayumon-new-york-5?osq=Restaurants,10002,0.098409612,4.1,29,24687,32.1,0,6453,8.4,0,624,0.8,1,30288,39.4,1,19,0,0,8819,63.6,1,7.5,1,37093,0,1,1
Cecconi's Dumbo,40.7035982,-73.9916626,"55 Water St, Brooklyn, NY 11201, United States",ChIJB2xIGTFawokRSX4sCtT9djg,/biz/cecconis-dumbo-brooklyn?osq=Restaurants,11201,0.218795353,3.5,48,42126,61.3,1,8999,13.1,0,394,0.6,1,9532,13.9,0,26,0,0,13971,86.4,1,5.9,1,148282,1,0,1
Sobak,40.7149516,-73.9916415,"51b Canal St, New York, NY 10002, United States",ChIJ2YcxZHpbwokR9d_1AYjLw6o,/biz/sobak-new-york-2?osq=Restaurants,10002,0.167532309,4.9,29,24687,32.1,0,6453,8.4,0,624,0.8,1,30288,39.4,1,19,0,0,8819,63.6,1,7.5,1,37093,0,1,1
The Migrant Kitchen - Brooklyn,40.7034191,-73.9916072,"55 Water St, Brooklyn, NY 11201, United States",ChIJG7NgC7FZwokRnshMQdoyWt8,/biz/the-migrant-kitchen-brooklyn-brooklyn?osq=Restaurants,11201,0.18662655,4.5,48,42126,61.3,1,8999,13.1,0,394,0.6,1,9532,13.9,0,26,0,0,13971,86.4,1,5.9,1,148282,1,0,1
Jacob's Pickles Time Out Market,40.7034191,-73.9916072,"55 Water St, Brooklyn, NY 11201, United States",ChIJjfvhBVJbwokRx4L-G2wRxng,/biz/jacobs-pickles-time-out-market-brooklyn-2?osq=Restaurants,11201,0.143542501,4.5,48,42126,61.3,1,8999,13.1,0,394,0.6,1,9532,13.9,0,26,0,0,13971,86.4,1,5.9,1,148282,1,0,1
Chote Miya,40.7034191,-73.9916072,"55 Water St, Brooklyn, NY 11201, United States",ChIJuVcf4_tbwokReFO4csNe8Qs,/biz/chote-miya-brooklyn?osq=Restaurants,11201,0.072025458,3.7,48,42126,61.3,1,8999,13.1,0,394,0.6,1,9532,13.9,0,26,0,0,13971,86.4,1,5.9,1,148282,1,0,1
Seamore's Dumbo,40.7030931,-73.991336,"66 Water St, Brooklyn, NY 11201, United States",ChIJPaBpIjFawokRer0dGKw_BxE,/biz/seamore-s-dumbo-brooklyn-3?osq=Restaurants,11201,0.15334106,4.4,48,42126,61.3,1,8999,13.1,0,394,0.6,1,9532,13.9,0,26,0,0,13971,86.4,1,5.9,1,148282,1,0,1
The Hull,40.7030931,-73.991336,"66 Water St, Brooklyn, NY 11201, United States",ChIJRahh08ZbwokRYJmzEppfsjA,/biz/the-hull-brooklyn?osq=Restaurants,11201,0.050560426,4.3,48,42126,61.3,1,8999,13.1,0,394,0.6,1,9532,13.9,0,26,0,0,13971,86.4,1,5.9,1,148282,1,0,1
OBAO,40.7606458,-73.9913281,"647 9th Ave, New York, NY 10036, United States",ChIJQZko0FNYwokRjhh4z0ilUMw,/biz/obao-new-york-3?osq=Restaurants,10036,0.005090366,4.1,3,18141,59.6,1,2288,7.5,0,55,0.2,0,5116,16.8,1,30,0.1,0,7187,92.2,1,6.2,1,98177,1,1,0
Tsurutontan Udon Noodle Brasserie,40.7368725,-73.9912689,"21 E 16th St, New York, NY 10003, United States",ChIJ-SIzeqJZwokRcTLUzrb8Xd8,/biz/tsurutontan-udon-noodle-brasserie-new-york?osq=Restaurants,10003,0.134566992,3.9,34,38481,70.7,1,2823,5.2,0,148,0.3,0,9110,16.7,1,45,0.1,0,12688,92.1,1,5.1,1,137533,1,1,0
Shan,40.685206,-73.9912052,"191 Smith St, Brooklyn, NY 11201, United States",ChIJG8MBdtNbwokRxOR3oVutbPE,/biz/shan-brooklyn-3?osq=Restaurants,11201,0.129266881,4.5,48,42126,61.3,1,8999,13.1,0,394,0.6,1,9532,13.9,0,26,0,0,13971,86.4,1,5.9,1,148282,1,0,0
Em Vietnamese Bistro,40.7026693,-73.9911665,"57 Front St, Brooklyn, NY 11201, United States",ChIJDQJJHAtbwokR6Ljf1I9DUFA,/biz/em-vietnamese-bistro-brooklyn?osq=Restaurants,11201,0.22098974,4.4,48,42126,61.3,1,8999,13.1,0,394,0.6,1,9532,13.9,0,26,0,0,13971,86.4,1,5.9,1,148282,1,0,1
3 Times,40.7328629,-73.9910491,"818 Broadway, New York, NY 10003, United States",ChIJ-aKp37hZwokRHX7Mbyn4Yb8,/biz/3-times-new-york-4?osq=Restaurants,10004,0.010176999,4.5,2,2758,57.5,1,162,3.4,0,0,0,0,1593,33.2,1,0,0,0,1323,97.2,1,1.6,0,216017,1,1,0
Barbalu - Brooklyn,40.6867438,-73.9910146,"68 Bergen St, Brooklyn, NY 11201, United States",ChIJb8rqw5JbwokRBOBigHr02u0,/biz/barbalu-brooklyn-brooklyn?osq=Restaurants,11201,0.112893296,4.5,48,42126,61.3,1,8999,13.1,0,394,0.6,1,9532,13.9,0,26,0,0,13971,86.4,1,5.9,1,148282,1,0,0
Kopitiam,40.7138484,-73.9909298,"151 E Broadway, New York, NY 10002, United States",ChIJCSo-rSlawokRXSVW0IKZ3vQ,/biz/kopitiam-new-york?osq=Restaurants,10002,0.115577514,4.4,29,24687,32.1,0,6453,8.4,0,624,0.8,1,30288,39.4,1,19,0,0,8819,63.6,1,7.5,1,37093,0,1,1
Sagaponack,40.7409924,-73.9907409,"4 W 22nd St, New York, NY 10010, United States",ChIJuXGLjqNZwokRDEG5LwpEBzk,/biz/sagaponack-new-york-6?osq=Restaurants,10010,0.030934249,4.3,3,22952,69.1,1,2952,8.9,0,48,0.1,0,4955,14.9,1,0,0,0,6513,90.9,1,3.2,0,131635,1,1,0
Barn Joo,40.736868,-73.990738,"35 Union Square W, New York, NY 10003, United States",ChIJQ7XpyqNZwokRQpVfvGEViWM,/biz/barn-joo-new-york-3?osq=Restaurants,10003,0.141809344,4,34,38481,70.7,1,2823,5.2,0,148,0.3,0,9110,16.7,1,45,0.1,0,12688,92.1,1,5.1,1,137533,1,1,0
Douska,40.7190677,-73.99073,"63 Delancey St, New York, NY 10002, United States",ChIJN2P817hZwokRy8cUeMS_ETk,/biz/douska-new-york?osq=Restaurants,10002,0.104272024,4.9,29,24687,32.1,0,6453,8.4,0,624,0.8,1,30288,39.4,1,19,0,0,8819,63.6,1,7.5,1,37093,0,1,1
Thai Villa,40.7390045,-73.9906704,"5 E 19th St, New York, NY 10003, United States",ChIJfd-PtKNZwokR-m-0kzVTgBs,/biz/thai-villa-new-york-2?osq=Restaurants,10003,0.168404054,4.4,34,38481,70.7,1,2823,5.2,0,148,0.3,0,9110,16.7,1,45,0.1,0,12688,92.1,1,5.1,1,137533,1,1,0
Rosie's,40.7249241,-73.9906202,"29 E 2nd St, New York, NY 10003, United States",ChIJZdHB7oRZwokRLygeCAedjWo,/biz/rosies-new-york-2?osq=Restaurants,10003,0.046076474,3.9,34,38481,70.7,1,2823,5.2,0,148,0.3,0,9110,16.7,1,45,0.1,0,12688,92.1,1,5.1,1,137533,1,1,1
Dawn's `Til Dusk,40.7033508,-73.9904527,"33 Main St, Brooklyn, NY 11201, United States",ChIJFTVDEzFawokRp53c_hL03Bg,/biz/dawns-til-dusk-brooklyn-2?osq=Restaurants,11201,0.138781713,4.9,48,42126,61.3,1,8999,13.1,0,394,0.6,1,9532,13.9,0,26,0,0,13971,86.4,1,5.9,1,148282,1,0,1
Ippudo NY,40.730948,-73.990287,"65 4th Ave, New York, NY 10003, United States",ChIJWUOc55tZwokR9q_g5l051rk,/biz/ippudo-ny-new-york-7?osq=Restaurants,10003,0.168305805,4.1,34,38481,70.7,1,2823,5.2,0,148,0.3,0,9110,16.7,1,45,0.1,0,12688,92.1,1,5.1,1,137533,1,1,0
Tenement,40.718818,-73.9900876,"103 Orchard St, New York, NY 10002, United States",ChIJ20bVJYdZwokRhI7esP3mYM0,/biz/tenement-new-york?osq=Restaurants,10002,0.03582593,5,29,24687,32.1,0,6453,8.4,0,624,0.8,1,30288,39.4,1,19,0,0,8819,63.6,1,7.5,1,37093,0,1,1
Excuse My French,40.7184825,-73.9899543,"96 Orchard St, New York, NY 10002, United States",ChIJu5bcJIdZwokRTDziDx5WAAA,/biz/excuse-my-french-new-york?osq=Restaurants,10002,0.126021641,4,29,24687,32.1,0,6453,8.4,0,624,0.8,1,30288,39.4,1,19,0,0,8819,63.6,1,7.5,1,37093,0,1,1
Kabisera,40.7209237,-73.9899319,"151 Allen St Store S, New York, NY 10002, United States",ChIJF6tIjHpZwokReb5gAlYCCi0,/biz/kabisera-new-york-5?osq=Restaurants,10013,0.005062736,4.4,23,17204,58.2,1,1000,3.4,0,27,0.1,0,9160,31,1,0,0,0,4039,80.9,1,3.5,0,137572,1,0,1
LumLum,40.7629548,-73.9898444,"404 W 49th St, New York, NY 10019, United States",ChIJeQxW7xZZwokRh32rrkOgatw,/biz/lumlum-new-york?osq=Restaurants,10019,0.155859469,4.4,5,28545,64.9,1,2664,6.1,0,245,0.6,1,8249,18.8,1,47,0.1,0,10291,86.1,1,6.1,1,105538,1,1,0
Ye's Apothecary,40.7194565,-73.9898282,"119 Orchard St, New York, NY 10002, United States",ChIJ1_H0xoxZwokRiSYkMa5Mnqk,/biz/yes-apothecary-new-york-4?osq=Restaurants,10002,0.407077253,4.3,29,24687,32.1,0,6453,8.4,0,624,0.8,1,30288,39.4,1,19,0,0,8819,63.6,1,7.5,1,37093,0,1,1
Okiboru House of Tsukemen,40.7193338,-73.9897685,"117 Orchard St, New York, NY 10002, United States",ChIJLeixHgZZwokRwv5jEjzFPW4,/biz/okiboru-house-of-tsukemen-new-york?osq=Restaurants,10002,0.143661627,4.4,29,24687,32.1,0,6453,8.4,0,624,0.8,1,30288,39.4,1,19,0,0,8819,63.6,1,7.5,1,37093,0,1,1
Good Thanks Cafe,40.7197434,-73.9895105,"131a Orchard St, New York, NY 10002, United States",ChIJlZ1jG6NZwokRQIXt47NzppA,/biz/good-thanks-cafe-new-york?osq=Restaurants,10002,0.010148903,3.9,29,24687,32.1,0,6453,8.4,0,624,0.8,1,30288,39.4,1,19,0,0,8819,63.6,1,7.5,1,37093,0,1,1
Westville Dumbo,40.7019271,-73.9894984,"81 Washington St, Brooklyn, NY 11201, United States",ChIJI4YtUjFawokRirhCTkv48p4,/biz/westville-dumbo-brooklyn?osq=Restaurants,11201,0.11783408,4.2,48,42126,61.3,1,8999,13.1,0,394,0.6,1,9532,13.9,0,26,0,0,13971,86.4,1,5.9,1,148282,1,0,1
MayRee,40.7238424,-73.9892241,"58 E 1st St, New York, NY 10003, United States",ChIJjw0jcKJZwokRrqj91_P25w8,/biz/mayree-new-york?osq=Restaurants,10003,0.05875531,4,34,38481,70.7,1,2823,5.2,0,148,0.3,0,9110,16.7,1,45,0.1,0,12688,92.1,1,5.1,1,137533,1,1,1
AlMar,40.7026637,-73.9891745,"111 Front St, Brooklyn, NY 11201, United States",ChIJuTX9WzFawokR3Bbq2zI2ESA,/biz/almar-brooklyn-2?osq=Restaurants,11201,0.217114482,3.8,48,42126,61.3,1,8999,13.1,0,394,0.6,1,9532,13.9,0,26,0,0,13971,86.4,1,5.9,1,148282,1,0,1
The Bao,40.7294074,-73.9889097,"13 St Marks Pl, New York, NY 10003, United States",ChIJY_AGiJtZwokRMkVfS6vDfw8,/biz/the-bao-new-york?osq=Restaurants,10003,0.010148903,4.9,34,38481,70.7,1,2823,5.2,0,148,0.3,0,9110,16.7,1,45,0.1,0,12688,92.1,1,5.1,1,137533,1,1,1
Zaytinya - New York,40.7454944,-73.9889085,"1185 Broadway, New York, NY 10001, United States",ChIJl_24MRlZwokRvdVm_R4O8A8,/biz/zaytinya-new-york-new-york-4?osq=Restaurants,10001,0.129730478,4.2,10,16963,62.9,1,2117,7.9,0,40,0.1,0,4527,16.8,1,50,0.2,1,6584,88.1,1,4.1,1,101409,1,1,0
Trapizzino,40.7203979,-73.9888844,"144 Orchard St, New York, NY 10002, United States",ChIJE46otIZZwokRlpOttitF5JM,/biz/trapizzino-new-york?osq=Restaurants,10002,0.020363255,4.4,29,24687,32.1,0,6453,8.4,0,624,0.8,1,30288,39.4,1,19,0,0,8819,63.6,1,7.5,1,37093,0,1,1
8282,40.7216655,-73.9887771,"84 Stanton St, New York, NY 10002, United States",ChIJNaUIchtZwokRHI8Pk3mEz1Y,/biz/8282-new-york-2?osq=Restaurants,10002,0.189998108,4.7,29,24687,32.1,0,6453,8.4,0,624,0.8,1,30288,39.4,1,19,0,0,8819,63.6,1,7.5,1,37093,0,1,1
886,40.7287968,-73.9887127,"26 St Marks Pl, New York, NY 10003, United States",ChIJKbjLf5xZwokRYa6BYJg0Xns,/biz/886-new-york?osq=Restaurants,10003,0.144876875,4,34,38481,70.7,1,2823,5.2,0,148,0.3,0,9110,16.7,1,45,0.1,0,12688,92.1,1,5.1,1,137533,1,1,1
Szechuan Mountain House,40.7291176,-73.9885834,"23 St Marks Pl, New York, NY 10003, United States",ChIJAQCweZxZwokRmyqYmYM3Ze8,/biz/szechuan-mountain-house-new-york-2?osq=Restaurants,10003,0.130539443,4.1,34,38481,70.7,1,2823,5.2,0,148,0.3,0,9110,16.7,1,45,0.1,0,12688,92.1,1,5.1,1,137533,1,1,1
Gramercy Tavern,40.7384555,-73.9885064,"42 E 20th St, New York, NY 10003, United States",ChIJvSQIgqFZwokRFYQbJdzceSs,/biz/gramercy-tavern-new-york?osq=Restaurants,10003,0.047813318,4.4,34,38481,70.7,1,2823,5.2,0,148,0.3,0,9110,16.7,1,45,0.1,0,12688,92.1,1,5.1,1,137533,1,1,0
San Marzano Pasta Fresca,40.7279967,-73.9884379,"117 2nd Ave, New York, NY 10003, United States",ChIJP8Rym5xZwokRUIkeVZ-8Q-s,/biz/san-marzano-pasta-fresca-new-york?osq=Restaurants,10003,0.041804594,4,34,38481,70.7,1,2823,5.2,0,148,0.3,0,9110,16.7,1,45,0.1,0,12688,92.1,1,5.1,1,137533,1,1,1
Benemon,40.7255882,-73.9883207,"108 E 4th St, New York, NY 10003, United States",ChIJw1RDWoNZwokRYAFf9LI9bd8,/biz/benemon-new-york?osq=Restaurants,10003,0.237767483,4.3,34,38481,70.7,1,2823,5.2,0,148,0.3,0,9110,16.7,1,45,0.1,0,12688,92.1,1,5.1,1,137533,1,1,1
Bluestone Lane DUMBO Caf%C3%A9,40.70098471,-73.98830232,"55 Prospect St  Brooklyn, NY 11201  Pearl St & Adams St  DUMBO, Downtown Brooklyn",-,/biz/bluestone-lane-dumbo-caf%C3%A9-brooklyn?osq=Restaurants,11201,0.089370384,4.1,48,42126,61.3,1,8999,13.1,0,394,0.6,1,9532,13.9,0,26,0,0,13971,86.4,1,5.9,1,148282,1,0,1
Monsieur Vo,40.7274166,-73.9882713,"104 2nd Ave, New York, NY 10003, United States",ChIJi565OYBZwokRIh99rIuORQI,/biz/monsieur-vo-new-york?osq=Restaurants,10003,0.133133811,4.3,34,38481,70.7,1,2823,5.2,0,148,0.3,0,9110,16.7,1,45,0.1,0,12688,92.1,1,5.1,1,137533,1,1,1
Kimura,40.7290321,-73.9882174,"31 St Marks Pl, New York, NY 10003, United States",ChIJR6LukiNZwokR-MTHVUbu4q8,/biz/kimura-new-york?osq=Restaurants,10003,0.185577345,3.9,34,38481,70.7,1,2823,5.2,0,148,0.3,0,9110,16.7,1,45,0.1,0,12688,92.1,1,5.1,1,137533,1,1,1
Lucky Rabbit Noodles,40.7037574,-73.9881497,"140 Plymouth St, Brooklyn, NY 11201, United States",ChIJRX9A8xxbwokRKZOYDX-2R64,/biz/lucky-rabbit-noodles-brooklyn?osq=Restaurants,11201,0.176853658,4.7,48,42126,61.3,1,8999,13.1,0,394,0.6,1,9532,13.9,0,26,0,0,13971,86.4,1,5.9,1,148282,1,0,1
MONO+MONO,40.7254016,-73.9881049,"116 E 4th St, New York, NY 10003, United States",ChIJeYoRRYNZwokRMAtxzfUoRao,/biz/mono-mono-new-york-9?osq=Restaurants,10003,0.167224021,3.9,34,38481,70.7,1,2823,5.2,0,148,0.3,0,9110,16.7,1,45,0.1,0,12688,92.1,1,5.1,1,137533,1,1,1
Koloman,40.7456687,-73.9880941,"16 W 29th St, New York, NY 10001, United States",ChIJUUBMchNZwokRwDOHIFhOIHA,/biz/koloman-new-york-2?osq=Restaurants,10001,0.116100451,4.8,10,16963,62.9,1,2117,7.9,0,40,0.1,0,4527,16.8,1,50,0.2,1,6584,88.1,1,4.1,1,101409,1,1,0
Celestine,40.7046617,-73.9879695,"1 John St, Brooklyn, NY 11201, United States",ChIJIcKAMDJawokRo6amxIlsQlU,/biz/celestine-brooklyn?osq=Restaurants,11201,0.260183822,4.3,48,42126,61.3,1,8999,13.1,0,394,0.6,1,9532,13.9,0,26,0,0,13971,86.4,1,5.9,1,148282,1,0,1
Soba-ya,40.7296064,-73.9879383,"229 E 9th St, New York, NY 10003, United States",ChIJVUXabZxZwokRh-_g7s0HxVI,/biz/soba-ya-new-york?osq=Restaurants,10003,0.010180946,4.8,34,38481,70.7,1,2823,5.2,0,148,0.3,0,9110,16.7,1,45,0.1,0,12688,92.1,1,5.1,1,137533,1,1,1
Tradisyon,40.7649189,-73.9875784,"790 9th Ave, New York, NY 10019, United States",ChIJdyk-enFZwokR1bLvV9GdJSQ,/biz/tradisyon-new-york-2?osq=Restaurants,10019,0.067943995,4.5,5,28545,64.9,1,2664,6.1,0,245,0.6,1,8249,18.8,1,47,0.1,0,10291,86.1,1,6.1,1,105538,1,1,0
Aoi Kitchen,40.7268129,-73.9875712,"320 E 6th St, New York, NY 10003, United States",ChIJ-WrjMEBZwokRWvZf5dIHJvA,/biz/aoi-kitchen-new-york?osq=Restaurants,10003,0.046441502,4.5,34,38481,70.7,1,2823,5.2,0,148,0.3,0,9110,16.7,1,45,0.1,0,12688,92.1,1,5.1,1,137533,1,1,1
Three Roosters,40.764938,-73.9874407,"792 9th Ave, New York, NY 10019, United States",ChIJr1hm29VZwokRA2croTraf0A,/biz/three-roosters-new-york-3?osq=Restaurants,10013,0.026252435,4.4,23,17204,58.2,1,1000,3.4,0,27,0.1,0,9160,31,1,0,0,0,4039,80.9,1,3.5,0,137572,1,0,0
Soothr,40.7323017,-73.9873417,"204 E 13th St, New York, NY 10003, United States",ChIJ0aS81yNZwokRIk-S2YSuvls,/biz/soothr-new-york-2?osq=Restaurants,10003,0.210426798,4.5,34,38481,70.7,1,2823,5.2,0,148,0.3,0,9110,16.7,1,45,0.1,0,12688,92.1,1,5.1,1,137533,1,1,0
Temakase,40.7297414,-73.9872113,"157 2nd Ave, New York, NY 10003, United States",ChIJbxGBQJxZwokRyKepqIke4x8,/biz/temakase-new-york-4?osq=Restaurants,10003,0.140784409,4.3,34,38481,70.7,1,2823,5.2,0,148,0.3,0,9110,16.7,1,45,0.1,0,12688,92.1,1,5.1,1,137533,1,1,1
Brooklyn BBQ,40.6899973,-73.9870866,"180 Livingston St, Brooklyn, NY 11201, United States",ChIJn6HFQ0xawokRXMlJK1gBZD8,/biz/brooklyn-bbq-brooklyn?osq=Restaurants,11201,0.068835904,5,48,42126,61.3,1,8999,13.1,0,394,0.6,1,9532,13.9,0,26,0,0,13971,86.4,1,5.9,1,148282,1,0,0
La Contenta,40.7187699,-73.9870693,"102 Norfolk St, New York, NY 10002, United States",ChIJdZGxHYFZwokRj85WGKuKF2k,/biz/la-contenta-new-york?osq=Restaurants,10002,0.139431766,4.3,29,24687,32.1,0,6453,8.4,0,624,0.8,1,30288,39.4,1,19,0,0,8819,63.6,1,7.5,1,37093,0,1,0
Bacall's,40.7577011,-73.987068,"220 W 44th St, New York, NY 10036, United States",ChIJ1QLdlwZZwokRB2p-2YVdnxk,/biz/bacalls-new-york-2?osq=Restaurants,10036,0.051515456,3.9,3,18141,59.6,1,2288,7.5,0,55,0.2,0,5116,16.8,1,30,0.1,0,7187,92.2,1,6.2,1,98177,1,1,0
Usagi NY,40.7038464,-73.9869969,"163 Plymouth St, Brooklyn, NY 11201, United States",ChIJn1K9TDJawokReSrf6lk1Xck,/biz/usagi-ny-dumbo-7?osq=Restaurants,11201,0.158434355,4.3,48,42126,61.3,1,8999,13.1,0,394,0.6,1,9532,13.9,0,26,0,0,13971,86.4,1,5.9,1,148282,1,0,1
Ai Ki Ya,40.7488071,-73.9869958,"41 W 33rd St 1st floor, New York, NY 10001, United States",ChIJl9eh9YtZwokRVPvc9cknpNY,/biz/ai-ki-ya-new-york-3?osq=Restaurants,10001,0.080981572,4.6,10,16963,62.9,1,2117,7.9,0,40,0.1,0,4527,16.8,1,50,0.2,1,6584,88.1,1,4.1,1,101409,1,1,1
Bread & Spread,40.7025945,-73.9869119,"151 Front St, Brooklyn, NY 11201, United States",ChIJh06QvjNawokRqh89jHc-bXY,/biz/bread-and-spread-dumbo?osq=Restaurants,11201,0.142024628,4.4,48,42126,61.3,1,8999,13.1,0,394,0.6,1,9532,13.9,0,26,0,0,13971,86.4,1,5.9,1,148282,1,0,1
DumboLuv,40.7032682,-73.9867632,"54 Jay St, Brooklyn, NY 11201, United States",ChIJm55TsDNawokRj1I7ACX9UVc,/biz/dumboluv-brooklyn-3?osq=Restaurants,11201,0.155639508,4.6,48,42126,61.3,1,8999,13.1,0,394,0.6,1,9532,13.9,0,26,0,0,13971,86.4,1,5.9,1,148282,1,0,1
Anytime Kitchen,40.7477749,-73.9867579,"23 W 32nd St 3rd floor, New York, NY 10001, United States",ChIJdzf8kEZZwokRXtSOY0-Kwaw,/biz/anytime-kitchen-new-york-2?osq=Restaurants,10001,0.14425335,4.6,10,16963,62.9,1,2117,7.9,0,40,0.1,0,4527,16.8,1,50,0.2,1,6584,88.1,1,4.1,1,101409,1,1,1
Rim Nam Thai,40.7033505,-73.9867577,"52 Jay St, Brooklyn, NY 11201, United States",ChIJz_n6RvpbwokRw3leGTr0twI,/biz/rim-nam-thai-brooklyn?osq=Restaurants,11201,0.132121074,4.5,48,42126,61.3,1,8999,13.1,0,394,0.6,1,9532,13.9,0,26,0,0,13971,86.4,1,5.9,1,148282,1,0,1
Raku,40.7265082,-73.9866619,"342 E 6th St, New York, NY 10003, United States",ChIJ8eEu0JxZwokRNFpDI_HBFmc,/biz/raku-new-york-7?osq=Restaurants,10003,0.26728563,4.5,34,38481,70.7,1,2823,5.2,0,148,0.3,0,9110,16.7,1,45,0.1,0,12688,92.1,1,5.1,1,137533,1,1,1
Raku,40.7265082,-73.9866619,"342 E 6th St, New York, NY 10003, United States",ChIJ8eEu0JxZwokRNFpDI_HBFmc,/biz/raku-new-york-6?osq=Restaurants,10012,0.255125338,4.5,28,15836,71.1,1,806,3.6,0,0,0,0,4131,18.6,1,0,0,0,5883,93.9,1,4.7,1,117581,1,1,1
Carmine's Italian Restaurant - Times Square,40.757498,-73.986654,"200 W 44th St, New York, NY 10036, United States",ChIJR9So-lRYwokRX1xEjA0rChA,/biz/carmines-italian-restaurant-times-square-new-york-5?osq=Restaurants,10036,0.01014888,3.9,3,18141,59.6,1,2288,7.5,0,55,0.2,0,5116,16.8,1,30,0.1,0,7187,92.2,1,6.2,1,98177,1,1,0
Uluh,40.7293472,-73.9866141,"152A 2nd Ave, New York, NY 10003, United States",ChIJ0SLgu3ZZwokRI7lEBkiDtJE,/biz/uluh-new-york?osq=Restaurants,10003,0.151783634,4,34,38481,70.7,1,2823,5.2,0,148,0.3,0,9110,16.7,1,45,0.1,0,12688,92.1,1,5.1,1,137533,1,1,1
Upstate Craft Beer & Oyster Bar,40.7263243,-73.9864615,"95 1st Ave., New York, NY 10003, United States",ChIJ-TjK0ZxZwokRY05GdFO1_RI,/biz/upstate-craft-beer-and-oyster-bar-new-york-4?osq=Restaurants,10003,0.175208254,4.4,34,38481,70.7,1,2823,5.2,0,148,0.3,0,9110,16.7,1,45,0.1,0,12688,92.1,1,5.1,1,137533,1,1,1
YUBU,40.7270357,-73.986148,"86 E 7th St, New York, NY 10003, United States",ChIJCzymus9ZwokRwUnRIM76cKU,/biz/yubu-new-york?osq=Restaurants,10003,0.169485383,4.5,34,38481,70.7,1,2823,5.2,0,148,0.3,0,9110,16.7,1,45,0.1,0,12688,92.1,1,5.1,1,137533,1,1,1
Madame Vo,40.7292643,-73.9860978,"212 E 10th St, New York, NY 10003, United States",ChIJqRaETJxZwokRik6wrAXTOd4,/biz/madame-vo-new-york?osq=Restaurants,10003,0.132484701,4,34,38481,70.7,1,2823,5.2,0,148,0.3,0,9110,16.7,1,45,0.1,0,12688,92.1,1,5.1,1,137533,1,1,1
LoveMama,40.7303859,-73.9860613,"174 2nd Ave, New York, NY 10003, United States",ChIJcxPkLJxZwokR7blp76Vu2qY,/biz/lovemama-new-york?osq=Restaurants,10003,0.486674583,4.3,34,38481,70.7,1,2823,5.2,0,148,0.3,0,9110,16.7,1,45,0.1,0,12688,92.1,1,5.1,1,137533,1,1,1
Five Senses,40.747715,-73.986056,"9 W 32nd St, New York, NY 10001, United States",ChIJ1dPu-KhZwokR-bL1w45w0vY,/biz/five-senses-new-york?osq=Restaurants,10001,0.040953663,4.3,10,16963,62.9,1,2117,7.9,0,40,0.1,0,4527,16.8,1,50,0.2,1,6584,88.1,1,4.1,1,101409,1,1,1
Hakata Tonton,40.7499701,-73.9857172,"35 W 35th St, New York, NY 10001, United States",ChIJoakGv9dZwokRaz3Nc1azrJ0,/biz/hakata-tonton-new-york-7?osq=Restaurants,10001,0.134666934,4.5,10,16963,62.9,1,2117,7.9,0,40,0.1,0,4527,16.8,1,50,0.2,1,6584,88.1,1,4.1,1,101409,1,1,1
Little Kirin,40.7278725,-73.9854694,"81 St Marks Pl, New York, NY 10003, United States",ChIJ60QSkN5ZwokROElW0spks6s,/biz/little-kirin-new-york?osq=Restaurants,10003,0.18263792,5,34,38481,70.7,1,2823,5.2,0,148,0.3,0,9110,16.7,1,45,0.1,0,12688,92.1,1,5.1,1,137533,1,1,1
The Wild Son Lunch Counter,40.7273735,-73.9852541,"130 1st Ave., New York, NY 10009, United States",ChIJB5m6RMBZwokRxQWveGALlwE,/biz/the-wild-son-lunch-counter-new-york?osq=Restaurants,10009,0.1551635,4.5,13,34924,58.2,1,4577,7.6,0,110,0.2,0,7995,13.3,0,3,0,0,12838,80.9,1,4.7,1,77551,1,0,1
Bar Lula,40.7274345,-73.9852101,"132 1st Ave., New York, NY 10009, United States",ChIJAdkfE4FZwokRhnHK7TWtJkM,/biz/bar-lula-new-york?osq=Restaurants,10009,0.148028574,4.5,13,34924,58.2,1,4577,7.6,0,110,0.2,0,7995,13.3,0,3,0,0,12838,80.9,1,4.7,1,77551,1,0,1
Supper,40.7229553,-73.9852071,"156 E 2nd St, New York, NY 10009, United States",ChIJEwsBWoJZwokR0hUlK9HWIsM,/biz/supper-new-york?osq=Restaurants,10009,0.046831788,3.9,13,34924,58.2,1,4577,7.6,0,110,0.2,0,7995,13.3,0,3,0,0,12838,80.9,1,4.7,1,77551,1,0,1
Eleni's,40.7366267,-73.9851153,"226 3rd Ave, New York, NY 10003, United States",ChIJqQQpKzZZwokRHqdTchgKNE4,/biz/elenis-new-york-3?osq=Restaurants,10003,0.124402797,4.9,34,38481,70.7,1,2823,5.2,0,148,0.3,0,9110,16.7,1,45,0.1,0,12688,92.1,1,5.1,1,137533,1,1,0
Parker & Quinn,40.7525862,-73.9850713,"64 W 39th St, New York, NY 10018, United States",ChIJD5cnWqpZwokR8h2yqOtN4h0,/biz/parker-and-quinn-new-york?osq=Restaurants,10018,0.01536668,4,2,4514,56,1,409,5.1,0,9,0.1,0,2433,30.2,1,0,0,0,2767,90.8,1,4.5,1,130457,1,1,0
nonono,40.7454078,-73.9849276,"118 Madison Ave, New York, NY 10016, United States",ChIJB1doqRxZwokRsfCIrgphnFM,/biz/nonono-new-york-6?osq=Restaurants,10016,0.010197547,4.2,7,38463,67.8,1,2474,4.4,0,24,0,0,10060,17.7,1,22,0,0,17634,92.5,1,4.6,1,136431,1,1,1
Java Indonesian Restaurant,40.662711,-73.984862,"455 7th Ave, Brooklyn, NY 11215, United States",ChIJhelYP-JawokReujVVcWA14g,/biz/java-indonesian-restaurant-brooklyn?osq=Restaurants,11215,0.12527215,4,1,53594,73,1,2734,3.7,0,293,0.4,0,6665,9.1,0,0,0,0,11843,84.9,1,6,1,156930,1,0,0
Pig and Khao,40.7192889,-73.9848028,"68 Clinton St, New York, NY 10002, United States",ChIJrwEBvIFZwokRY4Q6tww-Am8,/biz/pig-and-khao-new-york?osq=Restaurants,10002,0.020415263,4.2,29,24687,32.1,0,6453,8.4,0,624,0.8,1,30288,39.4,1,19,0,0,8819,63.6,1,7.5,1,37093,0,1,0
PALPAL,40.7457255,-73.9847775,"128 Madison Ave #1FL, New York, NY 10016, United States",ChIJX_frZy5ZwokR6_TPqyv_d4o,/biz/palpal-new-york-2?osq=Restaurants,10016,0.136489248,4,7,38463,67.8,1,2474,4.4,0,24,0,0,10060,17.7,1,22,0,0,17634,92.5,1,4.6,1,136431,1,1,1
Her Name Is Han,40.7462496,-73.9847616,"17 E 31st St, New York, NY 10016, United States",ChIJKRVIbKhZwokRBg-yFy8VlKA,/biz/her-name-is-han-new-york-3?osq=Restaurants,10016,0.163311594,4.3,7,38463,67.8,1,2474,4.4,0,24,0,0,10060,17.7,1,22,0,0,17634,92.5,1,4.6,1,136431,1,1,1
53 NYC,40.7641748,-73.9847444,"W 53rd St, New York, NY 10019, USA",ChIJNeUhlVdYwokR5bbzaUos2Ow,/biz/53-nyc-new-york?osq=Restaurants,10019,0.057212874,4.3,5,28545,64.9,1,2664,6.1,0,245,0.6,1,8249,18.8,1,47,0.1,0,10291,86.1,1,6.1,1,105538,1,1,0
The Mayfly,40.7215311,-73.9846497,"269 E Houston St, New York, NY 10002, United States",ChIJWYuVOE5ZwokRXm292tXw5cM,/biz/the-mayfly-new-york?osq=Restaurants,10002,0.020533665,3.9,29,24687,32.1,0,6453,8.4,0,624,0.8,1,30288,39.4,1,19,0,0,8819,63.6,1,7.5,1,37093,0,1,1
Tonchin,40.7502712,-73.9845225,"13 W 36th St., New York, NY 10018, United States",ChIJBwGziqlZwokRb3MTH3xUt0Y,/biz/tonchin-brooklyn?osq=Restaurants,11249,0.141387952,4.6,15,30914,72.9,1,2452,5.8,0,76,0.2,0,2264,5.3,0,0,0,0,7489,72.7,1,6,1,105222,1,0,1
Ipanema Restaurant,40.7512459232645,-73.9844998935786,"3 W 36 St, New York, NY 10018, United States",ChIJ5UVvUv5YwokRhZHp34AAMfc,/biz/ipanema-restaurant-new-york-2?osq=Restaurants,10018,0.046452126,4.1,2,4514,56,1,409,5.1,0,9,0.1,0,2433,30.2,1,0,0,0,2767,90.8,1,4.5,1,130457,1,1,0
FERNS,40.728828,-73.984082,"166 1st Ave., New York, NY 10009, United States",ChIJURDXkJ1ZwokRr9yfSWePT4Q,/biz/ferns-new-york-7?osq=Restaurants,10009,0.180167929,4.5,13,34924,58.2,1,4577,7.6,0,110,0.2,0,7995,13.3,0,3,0,0,12838,80.9,1,4.7,1,77551,1,0,1
Mokyo,40.7271533,-73.9839474,"109 St Marks Pl, New York, NY 10009, United States",ChIJHxQBcypZwokR7-D3oe4V6Go,/biz/mokyo-new-york-2?osq=Restaurants,10009,0.145001256,4,13,34924,58.2,1,4577,7.6,0,110,0.2,0,7995,13.3,0,3,0,0,12838,80.9,1,4.7,1,77551,1,0,1
Clinton Street Baking Company,40.721264,-73.9838497,"4 Clinton St, New York, NY 10002, United States",ChIJ4Q2rG4JZwokR8TVjhflNfMk,/biz/clinton-street-baking-company-new-york-5?osq=Restaurants,10002,0.095712908,4,29,24687,32.1,0,6453,8.4,0,624,0.8,1,30288,39.4,1,19,0,0,8819,63.6,1,7.5,1,37093,0,1,0
Clinton St. Baking Company,40.721264,-73.9838497,"4 Clinton St, New York, NY 10002, United States",ChIJ4Q2rG4JZwokR8TVjhflNfMk,/biz/clinton-st-baking-company-brooklyn?osq=Restaurants,11201,0.073078052,4.4,48,42126,61.3,1,8999,13.1,0,394,0.6,1,9532,13.9,0,26,0,0,13971,86.4,1,5.9,1,148282,1,0,1
The Cabin NYC,40.7239336,-73.9838384,"205 E 4th St, New York, NY 10009, United States",ChIJu0npuUNZwokRGd506TgmXA8,/biz/the-cabin-nyc-new-york-2?osq=Restaurants,10009,0.381127507,3.9,13,34924,58.2,1,4577,7.6,0,110,0.2,0,7995,13.3,0,3,0,0,12838,80.9,1,4.7,1,77551,1,0,1
KPOT Korean BBQ & Hot Pot,40.6910296714826,-73.9838201901469,"430 Albee Square W, Brooklyn, NY 11201, United States",ChIJsSuKOxJRwokRd1kvtS60lQI,/biz/kpot-korean-bbq-and-hot-pot-brooklyn?osq=Restaurants,11201,0.155142986,4.2,48,42126,61.3,1,8999,13.1,0,394,0.6,1,9532,13.9,0,26,0,0,13971,86.4,1,5.9,1,148282,1,0,0
Salma,40.7302516,-73.9838171,"351 E 12th St, New York, NY 10003, United States",ChIJZ6SPJrFZwokRwUTV4IasNdE,/biz/salma-new-york?osq=Restaurants,10003,0.162098271,4.7,34,38481,70.7,1,2823,5.2,0,148,0.3,0,9110,16.7,1,45,0.1,0,12688,92.1,1,5.1,1,137533,1,1,1
Thursday Kitchen,40.7276245,-73.9837625,"424 E 9th St, New York, NY 10009, United States",ChIJVyFicJ1ZwokR2oIygOmovWw,/biz/thursday-kitchen-new-york?osq=Restaurants,10009,0.342183507,4.4,13,34924,58.2,1,4577,7.6,0,110,0.2,0,7995,13.3,0,3,0,0,12838,80.9,1,4.7,1,77551,1,0,1
Pollo D' Oro,40.695024,-73.9835069,"306 Gold St, Brooklyn, NY 11201, United States",ChIJlUQlskpawokRqSZGHfnwxoI,/biz/pollo-d-oro-brooklyn?osq=Restaurants,11201,0.035806521,3,48,42126,61.3,1,8999,13.1,0,394,0.6,1,9532,13.9,0,26,0,0,13971,86.4,1,5.9,1,148282,1,0,0
Ampersand,40.7386949,-73.9834838,"294 3rd Ave, New York, NY 10010, United States",ChIJa06hm6BZwokRzyR2qi1LTMw,/biz/ampersand-new-york-2?osq=Restaurants,10010,0.143913735,4.3,3,22952,69.1,1,2952,8.9,0,48,0.1,0,4955,14.9,1,0,0,0,6513,90.9,1,3.2,0,131635,1,1,0
Nowon,40.7253329,-73.9833142,"507 E 6th St, New York, NY 10009, United States",ChIJjReAQKxZwokRnnraeb2WJ18,/biz/nowon-new-york-2?osq=Restaurants,10009,0.091666103,4.2,13,34924,58.2,1,4577,7.6,0,110,0.2,0,7995,13.3,0,3,0,0,12838,80.9,1,4.7,1,77551,1,0,1
Kuun,40.6883183,-73.9830995,"290 Livingston St, Brooklyn, NY 11217, United States",ChIJmWfPOyNbwokRMw9bzWMTIjc,/biz/kuun-brooklyn?osq=Restaurants,11217,0.187774444,4.4,9,24293,57.7,1,7966,18.9,0,43,0.1,0,3678,8.7,0,24,0.1,0,8823,81.6,1,6.8,1,133269,1,1,0
Botte Brooklyn,40.6944625,-73.9830314,"327 Gold St, Brooklyn, NY 11201, United States",ChIJ1U-nemFbwokRLVb7ULwu3B0,/biz/botte-brooklyn-brooklyn?osq=Restaurants,11201,0.11673887,4.4,48,42126,61.3,1,8999,13.1,0,394,0.6,1,9532,13.9,0,26,0,0,13971,86.4,1,5.9,1,148282,1,0,0
Atti,40.6883983,-73.9828992,"294 Livingston St, Brooklyn, NY 11217, United States",ChIJfxC4aXJbwokRJ-UMzxsSy-0,/biz/atti-brooklyn?osq=Restaurants,11217,0.17362627,4.6,9,24293,57.7,1,7966,18.9,0,43,0.1,0,3678,8.7,0,24,0.1,0,8823,81.6,1,6.8,1,133269,1,1,0
Ichibantei,40.730672,-73.9827918,"401 E 13th St, New York, NY 10009, United States",ChIJ5dru_nVZwokRarWwk6cjQZk,/biz/ichibantei-new-york?osq=Restaurants,10009,0.185714888,3.9,13,34924,58.2,1,4577,7.6,0,110,0.2,0,7995,13.3,0,3,0,0,12838,80.9,1,4.7,1,77551,1,0,1
CHILI,40.7502534267796,-73.9821932324743,"13 E 37th St, New York, NY 10016, United States",ChIJSUarC3JewokRGuqPK3lqAAU,/biz/chili-new-york?osq=Restaurants,10016,0.137156558,4.7,7,38463,67.8,1,2474,4.4,0,24,0,0,10060,17.7,1,22,0,0,17634,92.5,1,4.6,1,136431,1,1,0
Fishmarket II,40.7284071,-73.9821589,"171 Avenue A, New York, NY 10009, United States",ChIJCx0NbRxZwokRr26i7KLYFRs,/biz/fishmarket-ii-new-york?osq=Restaurants,10009,0.025396527,4.8,13,34924,58.2,1,4577,7.6,0,110,0.2,0,7995,13.3,0,3,0,0,12838,80.9,1,4.7,1,77551,1,0,1
La Grande Boucherie,40.7626274,-73.9808411,"145 W 53rd St, New York, NY 10019, United States",ChIJ58OtM8pZwokRbd6DT6gcVys,/biz/la-grande-boucherie-new-york-2?osq=Restaurants,10019,0.126522463,4.4,5,28545,64.9,1,2664,6.1,0,245,0.6,1,8249,18.8,1,47,0.1,0,10291,86.1,1,6.1,1,105538,1,1,0
Tokuyamatcha & Onigirazu Bar,40.7239875,-73.9801793,"627 E 6th St, New York, NY 10009, United States",ChIJDeAEcRRZwokRiqpklOPPU9U,/biz/tokuyamatcha-and-onigirazu-bar-new-york-3?osq=Restaurants,10009,0.07883801,4.4,13,34924,58.2,1,4577,7.6,0,110,0.2,0,7995,13.3,0,3,0,0,12838,80.9,1,4.7,1,77551,1,0,0
Ruby's Cafe,40.7436201,-73.9798834,"442 3rd Ave, New York, NY 10016, United States",ChIJK5v5ighZwokROtdIRyEVYSM,/biz/rubys-cafe-new-york-5?osq=Restaurants,10003,0.134714165,4.9,34,38481,70.7,1,2823,5.2,0,148,0.3,0,9110,16.7,1,45,0.1,0,12688,92.1,1,5.1,1,137533,1,1,0
Ruby's Cafe,40.7436201,-73.9798834,"442 3rd Ave, New York, NY 10016, United States",ChIJK5v5ighZwokROtdIRyEVYSM,/biz/rubys-cafe-new-york-4?osq=Restaurants,10012,0.052174641,4.1,28,15836,71.1,1,806,3.6,0,0,0,0,4131,18.6,1,0,0,0,5883,93.9,1,4.7,1,117581,1,1,0
Las Santas,40.6882104,-73.9795483,"572 Fulton St, Brooklyn, NY 11217, United States",ChIJ1T12TzZbwokRBup5kfX8Xlg,/biz/las-santas-brooklyn-2?osq=Restaurants,11217,0.155465283,4.3,9,24293,57.7,1,7966,18.9,0,43,0.1,0,3678,8.7,0,24,0.1,0,8823,81.6,1,6.8,1,133269,1,1,0
Frangos Peri Peri,40.7277886,-73.9793766,"182 Avenue B, New York, NY 10009, United States",ChIJs5P_CpdZwokRCjxoucaDcog,/biz/frangos-peri-peri-new-york?osq=Restaurants,10009,0.137042809,4.3,13,34924,58.2,1,4577,7.6,0,110,0.2,0,7995,13.3,0,3,0,0,12838,80.9,1,4.7,1,77551,1,0,0
Sam Sunny,40.7415944,-73.9785298,"517 2nd Ave, New York, NY 10016, United States",ChIJG8WWttZZwokRBkeFkHkoFv4,/biz/sam-sunny-new-york?osq=Restaurants,10016,0.083888937,4.3,7,38463,67.8,1,2474,4.4,0,24,0,0,10060,17.7,1,22,0,0,17634,92.5,1,4.6,1,136431,1,1,0
11 Tigers,40.7290674,-73.9781228,"225 Avenue B 2nd Floor, New York, NY 10009, United States",ChIJ9Yjyxk5ZwokRhq1BaK2T0eA,/biz/11-tigers-new-york-2?osq=Restaurants,10009,0.156256127,4.4,13,34924,58.2,1,4577,7.6,0,110,0.2,0,7995,13.3,0,3,0,0,12838,80.9,1,4.7,1,77551,1,0,0
The Reading Room,40.755436,-73.978108,"16 E 46th St, New York, NY 10017, United States",ChIJswKD6X9ZwokRzBuPAc0mo9E,/biz/the-reading-room-new-york?osq=Restaurants,10017,0.005540804,4.4,4,11545,74.4,1,426,2.7,0,5,0,0,2762,17.8,1,40,0.3,1,3758,97.5,1,4.8,1,136112,1,1,0
5ive Spice,40.6814473,-73.977239,"52 5th Ave, Brooklyn, NY 11217, United States",ChIJe4FLIKxbwokR3nrc_cJKDb8,/biz/5ive-spice-new-york-2?osq=Restaurants,10012,0.18874925,4.7,28,15836,71.1,1,806,3.6,0,0,0,0,4131,18.6,1,0,0,0,5883,93.9,1,4.7,1,117581,1,1,0
Omusubi Gonbei,40.7508931,-73.9771112,"370 Lexington Ave, New York, NY 10017, United States",ChIJGRSN3gNZwokRI7SjrWSeni8,/biz/omusubi-gonbei-new-york-3?osq=Restaurants,10017,0.075982241,3.8,4,11545,74.4,1,426,2.7,0,5,0,0,2762,17.8,1,40,0.3,1,3758,97.5,1,4.8,1,136112,1,1,0
Blue Willow %E5%A4%9C%E6%9D%A5%E6%B9%98,40.76308056,-73.9765125,"40 W 56th St  New York, NY 10019",-,/biz/blue-willow-%E5%A4%9C%E6%9D%A5%E6%B9%98-new-york-2?osq=Restaurants,10019,0.127863752,4.4,5,28545,64.9,1,2664,6.1,0,245,0.6,1,8249,18.8,1,47,0.1,0,10291,86.1,1,6.1,1,105538,1,1,0
KJUN,40.7489391,-73.9763062,"154 E 39th St, New York, NY 10016, United States",ChIJ7xJ4Rw9ZwokRhQQ-WKtoJFg,/biz/kjun-new-york?osq=Restaurants,10016,0.051855905,4.6,7,38463,67.8,1,2474,4.4,0,24,0,0,10060,17.7,1,22,0,0,17634,92.5,1,4.6,1,136431,1,1,0
Chef Huang Jian Bing & Peking Duck,40.7452948,-73.9757772,"635 2nd Ave, New York, NY 10016, United States",ChIJiS04VWNZwokRCtm_6zu-b-w,/biz/chef-huang-jian-bing-and-peking-duck-new-york?osq=Restaurants,10016,0.138716709,4.1,7,38463,67.8,1,2474,4.4,0,24,0,0,10060,17.7,1,22,0,0,17634,92.5,1,4.6,1,136431,1,1,0
Dinner Party,40.6868994,-73.974708,"86 S Portland Ave, Brooklyn, NY 11217, United States",ChIJrYK5Zd9bwokRsOPttcjWkMo,/biz/dinner-party-brooklyn?osq=Restaurants,11217,0.046319833,4.8,9,24293,57.7,1,7966,18.9,0,43,0.1,0,3678,8.7,0,24,0.1,0,8823,81.6,1,6.8,1,133269,1,1,0
Pecking House,40.6796443,-73.9745773,"244 Flatbush Ave, Brooklyn, NY 11217, United States",ChIJR3HTh69bwokRVly3OWNtbCQ,/biz/pecking-house-brooklyn-2?osq=Restaurants,11217,0.133806805,4.2,9,24293,57.7,1,7966,18.9,0,43,0.1,0,3678,8.7,0,24,0.1,0,8823,81.6,1,6.8,1,133269,1,1,0
Sofreh,40.6798373,-73.9739907,"75 St Marks Ave, Brooklyn, NY 11217, United States",ChIJK9DnCNlbwokR499xR5NXZII,/biz/sofreh-brooklyn?osq=Restaurants,11217,0.129998351,4,9,24293,57.7,1,7966,18.9,0,43,0.1,0,3678,8.7,0,24,0.1,0,8823,81.6,1,6.8,1,133269,1,1,0
Walter's,40.6895262,-73.9732603,"166 Dekalb Ave, Brooklyn, NY 11217, United States",ChIJ8ccnM7dbwokRy-pTMsdgvS4,/biz/walters-brooklyn?osq=Restaurants,11217,0.136205409,4,9,24293,57.7,1,7966,18.9,0,43,0.1,0,3678,8.7,0,24,0.1,0,8823,81.6,1,6.8,1,133269,1,1,0
Karasu,40.6893609,-73.9732462,"166 Dekalb Ave, Brooklyn, NY 11217, United States",ChIJy__PzLBbwokR0SiKUYfQR1M,/biz/karasu-brooklyn-2?osq=Restaurants,11217,0.00507444,4.5,9,24293,57.7,1,7966,18.9,0,43,0.1,0,3678,8.7,0,24,0.1,0,8823,81.6,1,6.8,1,133269,1,1,0
Monkey Bar,40.7598982,-73.9732046,"60 E 54th St, New York, NY 10022, United States",ChIJm9ZmFPtYwokR4GjMlk_y7Fg,/biz/monkey-bar-new-york-3?osq=Restaurants,10022,0.049892788,3.5,3,27702,83.2,1,450,1.4,0,32,0.1,0,3433,10.3,0,0,0,0,6234,94.2,1,3.5,0,156255,1,1,0
Yakiniku Toraji,40.7510484,-73.972789,"217 E 43rd St Fl 1, New York, NY 10017, United States",ChIJSdFLssxZwokRD7VKk5u1Bao,/biz/yakiniku-toraji-new-york?osq=Restaurants,10017,0.036450877,4.4,4,11545,74.4,1,426,2.7,0,5,0,0,2762,17.8,1,40,0.3,1,3758,97.5,1,4.8,1,136112,1,1,0
Miss Ada,40.689495,-73.9723826,"184 Dekalb Ave, Brooklyn, NY 11205, United States",ChIJqzhkS7dbwokRtGCdHcorPvU,/biz/miss-ada-brooklyn-2?osq=Restaurants,11205,0.153436574,4.1,6,27765,54.8,1,13159,26,1,348,0.7,1,3114,6.1,0,0,0,0,6404,65.9,1,8.8,1,68607,0,0,0
Evelina,40.6897385,-73.970998,"211 Dekalb Ave, Brooklyn, NY 11205, United States",ChIJzae3_LlbwokR6ts6PCZ3agM,/biz/evelina-brooklyn-2?osq=Restaurants,11205,0.149821726,4.5,6,27765,54.8,1,13159,26,1,348,0.7,1,3114,6.1,0,0,0,0,6404,65.9,1,8.8,1,68607,0,0,0
Colonia Verde,40.6896994,-73.9707225,"219 Dekalb Ave, Brooklyn, NY 11205, United States",ChIJrXze-rlbwokRl3G4x1txJgk,/biz/colonia-verde-brooklyn?osq=Restaurants,11205,0.005090366,4.1,6,27765,54.8,1,13159,26,1,348,0.7,1,3114,6.1,0,0,0,0,6404,65.9,1,8.8,1,68607,0,0,0
Olea,40.6877746,-73.9706332,"171 Lafayette Ave, Brooklyn, NY 11238, United States",ChIJC3VecrpbwokRLNJIz-9s4VQ,/biz/olea-brooklyn-2?osq=Restaurants,11238,0.129400659,4.2,9,30572,52.2,1,17431,29.7,1,189,0.3,0,3658,6.2,0,0,0,0,14083,84.3,1,6.2,1,114427,1,0,0
Kaoru,40.752021,-73.9699042,"306 E 46th St, New York, NY 10017, United States",ChIJ-QOcah1ZwokRQA2iJwrQYoM,/biz/kaoru-new-york?osq=Restaurants,10017,0.00509847,4.6,4,11545,74.4,1,426,2.7,0,5,0,0,2762,17.8,1,40,0.3,1,3758,97.5,1,4.8,1,136112,1,1,0
Crab House All You Can Eat Seafood,40.7596,-73.9697649,"135 E 55th St, New York, NY 10022, United States",ChIJhYEOnLxZwokRFqUFeLdE3Ls,/biz/crab-house-all-you-can-eat-seafood-new-york?osq=Restaurants,10022,0.177125875,4.4,3,27702,83.2,1,450,1.4,0,32,0.1,0,3433,10.3,0,0,0,0,6234,94.2,1,3.5,0,156255,1,1,0
Ozakaya,40.6780129,-73.9684688,"635 Vanderbilt Ave, Brooklyn, NY 11238, United States",ChIJcdtiwplbwokRcYySLGqp37M,/biz/ozakaya-brooklyn?osq=Restaurants,11238,0.047253291,4,9,30572,52.2,1,17431,29.7,1,189,0.3,0,3658,6.2,0,0,0,0,14083,84.3,1,6.2,1,114427,1,0,0
La Pecora Bianca,40.7549281,-73.968274,"950 2nd Ave, New York, NY 10022, United States",ChIJWZbmVuJYwokRp2ASZt0ZtgU,/biz/la-pecora-bianca-new-york?osq=Restaurants,10010,0.136754534,4,3,22952,69.1,1,2952,8.9,0,48,0.1,0,4955,14.9,1,0,0,0,6513,90.9,1,3.2,0,131635,1,1,0
La Pecora Bianca,40.7549281,-73.968274,"950 2nd Ave, New York, NY 10022, United States",ChIJWZbmVuJYwokRp2ASZt0ZtgU,/biz/la-pecora-bianca-new-york-8?osq=Restaurants,10014,0.091730135,4.3,17,25507,85.6,1,539,1.8,0,27,0.1,0,1377,4.6,0,0,0,0,8297,97.2,1,7.4,1,136559,1,1,0
The Smith,40.7552289,-73.9680559,"956 2nd Ave, New York, NY 10022, United States",ChIJzd_ZRgJZwokRnzXTa1YVpko,/biz/the-smith-new-york-2?osq=Restaurants,10022,0.125279498,4.8,3,27702,83.2,1,450,1.4,0,32,0.1,0,3433,10.3,0,0,0,0,6234,94.2,1,3.5,0,156255,1,1,0
White Tiger Tavern,40.6795034,-73.9679969,"601 Vanderbilt Ave, Brooklyn, NY 11238, United States",ChIJodvpMaRbwokRqAEL_r2dek0,/biz/white-tiger-tavern-brooklyn?osq=Restaurants,11205,0.025472088,3.9,6,27765,54.8,1,13159,26,1,348,0.7,1,3114,6.1,0,0,0,0,6404,65.9,1,8.8,1,68607,0,0,0
Xolo,40.7115231,-73.9674492,"29 Dunham Pl, Brooklyn, NY 11249, United States",ChIJ91D7k8xbwokRKtwin3O0L7U,/biz/xolo-brooklyn?osq=Restaurants,11249,0.03079002,3.9,15,30914,72.9,1,2452,5.8,0,76,0.2,0,2264,5.3,0,0,0,0,7489,72.7,1,6,1,105222,1,0,0
Misi,40.7134198,-73.9672164,"329 Kent Ave, Brooklyn, NY 11249, United States",ChIJw7SsU_pZwokREyGSSulF53U,/biz/misi-brooklyn?osq=Restaurants,11249,0.132255747,4.1,15,30914,72.9,1,2452,5.8,0,76,0.2,0,2264,5.3,0,0,0,0,7489,72.7,1,6,1,105222,1,0,0
Chef Katsu Brooklyn,40.6867765,-73.966321,"143 Greene Ave, Brooklyn, NY 11238, United States",ChIJt0CfzNRbwokR3KwxGGcWXCM,/biz/chef-katsu-brooklyn-brooklyn?osq=Restaurants,11238,0.062775375,3.9,9,30572,52.2,1,17431,29.7,1,189,0.3,0,3658,6.2,0,0,0,0,14083,84.3,1,6.2,1,114427,1,0,0
Marlow & Sons,40.710662,-73.9656885,"81 Broadway, Brooklyn, NY 11249, United States",ChIJF20H1thbwokRpIYZk5ardec,/biz/marlow-and-sons-brooklyn-2?osq=Restaurants,11249,0.12846712,3.9,15,30914,72.9,1,2452,5.8,0,76,0.2,0,2264,5.3,0,0,0,0,7489,72.7,1,6,1,105222,1,0,0
Antidote,40.7142531,-73.9654481,"66 S 2nd St, Brooklyn, NY 11249, United States",ChIJN7sVKcJZwokRZp59H74tSFg,/biz/antidote-brooklyn-2?osq=Restaurants,11249,0.350274364,4.8,15,30914,72.9,1,2452,5.8,0,76,0.2,0,2264,5.3,0,0,0,0,7489,72.7,1,6,1,105222,1,0,0
Rosalu Diner,40.6900381,-73.9653881,"274 Hall St, Brooklyn, NY 11205, United States",ChIJp6b5aqtbwokRARh_zjsWJTk,/biz/rosalu-diner-brooklyn-5?osq=Restaurants,11205,0.005082356,4.2,6,27765,54.8,1,13159,26,1,348,0.7,1,3114,6.1,0,0,0,0,6404,65.9,1,8.8,1,68607,0,0,0
Sunday in Brooklyn,40.7141876,-73.9653271,"348 Wythe Ave, Brooklyn, NY 11249, United States",ChIJkRWC9WFZwokRfa5Uzor3e-g,/biz/sunday-in-brooklyn-brooklyn-7?osq=Restaurants,11249,0.165804327,3.9,15,30914,72.9,1,2452,5.8,0,76,0.2,0,2264,5.3,0,0,0,0,7489,72.7,1,6,1,105222,1,0,0
Aurora,40.7156519,-73.9647449,"70 Grand St, Brooklyn, NY 11249, United States",ChIJkyeocGFZwokRnutbkIk-vCo,/biz/aurora-brooklyn?osq=Restaurants,11249,0.170671849,4,15,30914,72.9,1,2452,5.8,0,76,0.2,0,2264,5.3,0,0,0,0,7489,72.7,1,6,1,105222,1,0,0
Bac%C3%A0n,40.71591959,-73.96413803,"79 Grand St  Brooklyn, NY 11249  Williamsburg - North Side",-,/biz/bac%C3%A0n-brooklyn?osq=Restaurants,11249,0.078189108,4.5,15,30914,72.9,1,2452,5.8,0,76,0.2,0,2264,5.3,0,0,0,0,7489,72.7,1,6,1,105222,1,0,0
Francie,40.7101851,-73.9640181,"136 Broadway, Brooklyn, NY 11249, United States",ChIJ35V_tZlbwokRzolpCln-mG4,/biz/francie-brooklyn?osq=Restaurants,11249,0.134003175,4.5,15,30914,72.9,1,2452,5.8,0,76,0.2,0,2264,5.3,0,0,0,0,7489,72.7,1,6,1,105222,1,0,0
Otway,40.6826961,-73.9637819,"930 Fulton St, Brooklyn, NY 11238, United States",ChIJszWINqNbwokRMNSMRt0MOJk,/biz/otway-brooklyn?osq=Restaurants,11238,0.083524512,4.5,9,30572,52.2,1,17431,29.7,1,189,0.3,0,3658,6.2,0,0,0,0,14083,84.3,1,6.2,1,114427,1,0,0
OTB,40.7105166,-73.9633332,"141 Broadway, Brooklyn, NY 11211, United States",ChIJ51pNHN9bwokROF0EWcMTsoU,/biz/otb-brooklyn?osq=Restaurants,11211,0.010173287,4.3,18,44335,67.3,1,3742,5.7,0,398,0.6,1,4024,6.1,0,0,0,0,13457,71.1,1,6.4,1,89091,1,0,0
Place des F%C3%AAtes,40.68699209,-73.96280463,"212 Greene Ave  Brooklyn, NY 11238  Grand Ave & Cambridge Pl  Clinton Hill",-,/biz/place-des-f%C3%AAtes-brooklyn?osq=Restaurants,11238,0.020511733,4.9,9,30572,52.2,1,17431,29.7,1,189,0.3,0,3658,6.2,0,0,0,0,14083,84.3,1,6.2,1,114427,1,0,0
Namkeen,40.7128716,-73.9625475,"338 Bedford Ave, Brooklyn, NY 11249, United States",ChIJwRJFh-xZwokRPUKz_quhEX4,/biz/namkeen-new-york?osq=Restaurants,11249,0.138862299,4.1,15,30914,72.9,1,2452,5.8,0,76,0.2,0,2264,5.3,0,0,0,0,7489,72.7,1,6,1,105222,1,0,1
Sauced,40.7126529,-73.962328,"331 Bedford Ave, Brooklyn, NY 11211, United States",ChIJW3Jhm8pZwokRlWrTFhoG1BU,/biz/sauced-brooklyn?osq=Restaurants,11211,0.069323682,4.1,18,44335,67.3,1,3742,5.7,0,398,0.6,1,4024,6.1,0,0,0,0,13457,71.1,1,6.4,1,89091,1,0,1
Hole In The Wall,40.7144661,-73.9614933,"292 Bedford Ave, Brooklyn, NY 11249, United States",ChIJzRBPAz5ZwokRd0AUXGm-2f8,/biz/hole-in-the-wall-new-york-12?osq=Restaurants,10038,0.113743346,4.2,21,11554,49.5,1,2495,10.7,0,55,0.2,0,6638,28.4,1,0,0,0,4736,88.3,1,7.2,1,99924,1,1,1
Hole In The Wall,40.7144661,-73.9614933,"292 Bedford Ave, Brooklyn, NY 11249, United States",ChIJzRBPAz5ZwokRd0AUXGm-2f8,/biz/hole-in-the-wall-williamsburg-brooklyn?osq=Restaurants,11249,0.174298664,4.2,15,30914,72.9,1,2452,5.8,0,76,0.2,0,2264,5.3,0,0,0,0,7489,72.7,1,6,1,105222,1,0,1
Salt + Charcoal,40.7147055,-73.9613,"171 Grand St, Brooklyn, NY 11249, United States",ChIJYUlOWWBZwokRiO-JUciJ0uE,/biz/salt-charcoal-brooklyn?osq=Restaurants,11249,0.147699339,4.4,15,30914,72.9,1,2452,5.8,0,76,0.2,0,2264,5.3,0,0,0,0,7489,72.7,1,6,1,105222,1,0,1
Brooklyn Noosh,40.6802228,-73.961252,"988 Atlantic Ave, Brooklyn, NY 11238, United States",ChIJY93mTmdbwokR0w3Vm2lwsTw,/biz/brooklyn-noosh-brooklyn?osq=Restaurants,11238,0.040827532,4.4,9,30572,52.2,1,17431,29.7,1,189,0.3,0,3658,6.2,0,0,0,0,14083,84.3,1,6.2,1,114427,1,0,0
Tailfeather,40.6943023904312,-73.9609940478168,"581 Myrtle Ave, Brooklyn, NY 11205, United States",ChIJV5G9FBP2wokR1uojYEKNqo0,/biz/tailfeather-new-york?osq=Restaurants,11205,0.0360499,4.2,6,27765,54.8,1,13159,26,1,348,0.7,1,3114,6.1,0,0,0,0,6404,65.9,1,8.8,1,68607,0,0,0
Fan Fried Rice Bar,40.7126762,-73.960731,"740 Driggs Ave, Brooklyn, NY 11211, United States",ChIJdwwvwgJZwokRvT7Hy5ufEso,/biz/fan-fried-rice-bar-brooklyn-3?osq=Restaurants,11211,0.063842509,4.4,18,44335,67.3,1,3742,5.7,0,398,0.6,1,4024,6.1,0,0,0,0,13457,71.1,1,6.4,1,89091,1,0,1
High L%C3%BAa Vietnamese Kitchen,40.7125848,-73.9604783,"182 S 2nd St, Brooklyn, NY 11211, United States",ChIJyTlsVJVZwokRy7heYV0bOsM,/biz/high-l%C3%BAa-vietnamese-kitchen-brooklyn?osq=Restaurants,11211,0.168257005,4.3,18,44335,67.3,1,3742,5.7,0,398,0.6,1,4024,6.1,0,0,0,0,13457,71.1,1,6.4,1,89091,1,0,1
Zaab Zaab,40.7138577,-73.960393,"208 Grand St, Brooklyn, NY 11211, United States",ChIJGbAPj3hZwokRSkjQQcDAE_A,/biz/zaab-zaab-brooklyn?osq=Restaurants,11211,0.260016259,4.1,18,44335,67.3,1,3742,5.7,0,398,0.6,1,4024,6.1,0,0,0,0,13457,71.1,1,6.4,1,89091,1,0,1
Rangoon,40.6757818874766,-73.9600591748076,"500 Prospect Pl, Brooklyn, NY 11238, United States",ChIJaxk-Ip6UwTARtAsI-HHS-1Y,/biz/rangoon-brooklyn-brooklyn?osq=Restaurants,11238,0.010873964,4,9,30572,52.2,1,17431,29.7,1,189,0.3,0,3658,6.2,0,0,0,0,14083,84.3,1,6.2,1,114427,1,0,0
Rangoon,40.6756574,-73.9600392,"500 Prospect Pl, Brooklyn, NY 11238, United States",ChIJPVpAZZFbwokR0ZVG6GK19nM,/biz/rangoon-brooklyn?osq=Restaurants,11238,0.136536486,3.6,9,30572,52.2,1,17431,29.7,1,189,0.3,0,3658,6.2,0,0,0,0,14083,84.3,1,6.2,1,114427,1,0,0
Cafe Mogador,40.7197811,-73.9600105,"133 Wythe Ave, Brooklyn, NY 11249, United States",ChIJN5X_gWdZwokRck9rk2guJ1M,/biz/cafe-mogador-brooklyn?osq=Restaurants,11211,0.133238731,4.3,18,44335,67.3,1,3742,5.7,0,398,0.6,1,4024,6.1,0,0,0,0,13457,71.1,1,6.4,1,89091,1,0,0
Sweetwater Restaurant,40.7184509,-73.9600014,"105 N 6th St, Brooklyn, NY 11211, United States",ChIJq9QbXWdZwokRZxXepe4LyWw,/biz/sweetwater-restaurant-brooklyn-2?osq=Restaurants,11249,0.13440673,4,15,30914,72.9,1,2452,5.8,0,76,0.2,0,2264,5.3,0,0,0,0,7489,72.7,1,6,1,105222,1,0,0
El Ping%C3%BCino,40.72993223,-73.9597922,"25 Greenpoint Ave  Brooklyn, NY 11222  West St  Greenpoint",-,/biz/el-ping%C3%BCino-brooklyn?osq=Restaurants,11222,0.01014945,4.8,13,31132,78.5,1,1416,3.6,0,116,0.3,0,1595,4,0,0,0,0,10072,78.6,1,7.2,1,110385,1,0,0
Naked Dog,40.7313126,-73.9593672,"47 Java St, Brooklyn, NY 11222, United States",ChIJUfItHUBZwokRQLZURlrMYnk,/biz/naked-dog-brooklyn-2?osq=Restaurants,11222,0.11152205,4.5,13,31132,78.5,1,1416,3.6,0,116,0.3,0,1595,4,0,0,0,0,10072,78.6,1,7.2,1,110385,1,0,0
Butler,40.7197594,-73.9591364,"101 N 8th St, Brooklyn, NY 11249, United States",ChIJBxbnxA5ZwokRuyAcp3m3-C8,/biz/butler-brooklyn-2?osq=Restaurants,11201,0.179037592,4.5,48,42126,61.3,1,8999,13.1,0,394,0.6,1,9532,13.9,0,26,0,0,13971,86.4,1,5.9,1,148282,1,0,0
Traif,40.7105723,-73.958997,"229 S 4th St, Brooklyn, NY 11211, United States",ChIJveB2ceBbwokRlg4WCe7xoqM,/biz/traif-brooklyn?osq=Restaurants,11211,0.025465097,4,18,44335,67.3,1,3742,5.7,0,398,0.6,1,4024,6.1,0,0,0,0,13457,71.1,1,6.4,1,89091,1,0,0
Laser Wolf,40.7209634,-73.9585938,"97 Wythe Ave, Brooklyn, NY 11249, United States",ChIJLyS5dYRZwokRlkA0g9eijjs,/biz/laser-wolf-brooklyn-2?osq=Restaurants,11249,0.136359341,3.8,15,30914,72.9,1,2452,5.8,0,76,0.2,0,2264,5.3,0,0,0,0,7489,72.7,1,6,1,105222,1,0,0
Silver Factory,40.7092997,-73.9585692,"270 S 5th St, Brooklyn, NY 11211, United States",ChIJ038SieBbwokRRKbk5GJZUWg,/biz/silver-factory-brooklyn?osq=Restaurants,11211,0.005094406,4.5,18,44335,67.3,1,3742,5.7,0,398,0.6,1,4024,6.1,0,0,0,0,13457,71.1,1,6.4,1,89091,1,0,0
Di An Di,40.7296511,-73.9582848,"68 Greenpoint Ave, Brooklyn, NY 11222, United States",ChIJ2fdTNEBZwokRcAtK9PyqDAs,/biz/di-an-di-brooklyn-2?osq=Restaurants,11222,0.123500537,3.9,13,31132,78.5,1,1416,3.6,0,116,0.3,0,1595,4,0,0,0,0,10072,78.6,1,7.2,1,110385,1,0,0
Mission Ceviche,40.7691005,-73.9578631,"1400 2nd Ave, New York, NY 10021, United States",ChIJEXPLsaFZwokRggZzIVKeiPM,/biz/mission-ceviche-new-york-3?osq=Restaurants,10021,0.131233978,4,1,36010,84.8,1,129,0.3,0,20,0,0,3936,9.3,0,131,0.3,1,7309,95.8,1,4.5,1,136060,1,1,0
Sweet Chick,40.7183537,-73.9573377,"164 Bedford Ave, Brooklyn, NY 11249, United States",ChIJEw37uV1ZwokRWHsTZx1hg1A,/biz/sweet-chick-new-york?osq=Restaurants,10002,0.157584179,4.1,29,24687,32.1,0,6453,8.4,0,624,0.8,1,30288,39.4,1,19,0,0,8819,63.6,1,7.5,1,37093,0,1,0
Banter,40.7121723,-73.9573287,"132 Havemeyer St, Brooklyn, NY 11211, United States",ChIJv6BWj19ZwokRISnmtQh0HTQ,/biz/banter-new-york?osq=Restaurants,10012,0.088711879,4.3,28,15836,71.1,1,806,3.6,0,0,0,0,4131,18.6,1,0,0,0,5883,93.9,1,4.7,1,117581,1,1,0
The Four Horsemen,40.7130606,-73.9573211,"295 Grand St, Brooklyn, NY 11211, United States",ChIJbTCMl19ZwokRUohF137p9cQ,/biz/the-four-horsemen-brooklyn?osq=Restaurants,11211,0.156275152,4.4,18,44335,67.3,1,3742,5.7,0,398,0.6,1,4024,6.1,0,0,0,0,13457,71.1,1,6.4,1,89091,1,0,0
Taqueria Ramirez,40.7278524,-73.957124,"94 Franklin St, Brooklyn, NY 11222, United States",ChIJDw8CYIpZwokRm_KQDaRtTK0,/biz/taqueria-ramirez-brooklyn?osq=Restaurants,11222,0.00507444,3.9,13,31132,78.5,1,1416,3.6,0,116,0.3,0,1595,4,0,0,0,0,10072,78.6,1,7.2,1,110385,1,0,0
Santa Fe BK,40.717991,-73.9566896,"178 N 8th St, Brooklyn, NY 11211, United States",ChIJQ5drEVRZwokR-IeGxQzxDgo,/biz/santa-fe-bk-brooklyn?osq=Restaurants,11211,0.040802712,3.7,18,44335,67.3,1,3742,5.7,0,398,0.6,1,4024,6.1,0,0,0,0,13457,71.1,1,6.4,1,89091,1,0,0
Recette,40.7132156,-73.9563231,"103 Havemeyer St, Brooklyn, NY 11211, United States",ChIJ27nCgv9ZwokRSMWUV3OS1aM,/biz/recette-brooklyn?osq=Restaurants,11211,0.020311269,3.9,18,44335,67.3,1,3742,5.7,0,398,0.6,1,4024,6.1,0,0,0,0,13457,71.1,1,6.4,1,89091,1,0,0
Oxomoco,40.729914,-73.9554864,"128 Greenpoint Ave, Brooklyn, NY 11222, United States",ChIJ__-z7kBZwokRezHqB39zBLI,/biz/oxomoco-brooklyn-2?osq=Restaurants,11222,0.138367626,4.2,13,31132,78.5,1,1416,3.6,0,116,0.3,0,1595,4,0,0,0,0,10072,78.6,1,7.2,1,110385,1,0,0
Wenwen,40.7339961,-73.9550482,"1025 Manhattan Ave, Brooklyn, NY 11222, United States",ChIJmcr2IF9ZwokRr-u_-UTxju4,/biz/wenwen-brooklyn-2?osq=Restaurants,11222,0.176936366,4,13,31132,78.5,1,1416,3.6,0,116,0.3,0,1595,4,0,0,0,0,10072,78.6,1,7.2,1,110385,1,0,0
Rule of Thirds,40.7247503,-73.95503,"171 Banker St, Brooklyn, NY 11222, United States",ChIJaQRXYuRZwokRHjAN5MkBizY,/biz/rule-of-thirds-brooklyn?osq=Restaurants,11222,0.185945609,3.9,13,31132,78.5,1,1416,3.6,0,116,0.3,0,1595,4,0,0,0,0,10072,78.6,1,7.2,1,110385,1,0,0
Esme,40.73332445,-73.95497859,"999 Manhattan Ave  Brooklyn, NY 11222  Huron St & Green St  Greenpoint",-,/biz/esme-brooklyn-2?osq=Restaurants,11222,0.00507444,4.3,13,31132,78.5,1,1416,3.6,0,116,0.3,0,1595,4,0,0,0,0,10072,78.6,1,7.2,1,110385,1,0,0
ACRE,40.7262812,-73.9546988,"64 Meserole Ave, Brooklyn, NY 11222, United States",ChIJi7zDhGVZwokRwoHkVROLwlk,/biz/acre-brooklyn?osq=Restaurants,11222,0.005078387,4.5,13,31132,78.5,1,1416,3.6,0,116,0.3,0,1595,4,0,0,0,0,10072,78.6,1,7.2,1,110385,1,0,0
Chiko,40.7318807,-73.9543913,"954 Manhattan Ave, Brooklyn, NY 11222, United States",ChIJq5JiVwlZwokRZI1Yf_Zi_zg,/biz/chiko-brooklyn-2?osq=Restaurants,11222,0.082665204,4.7,13,31132,78.5,1,1416,3.6,0,116,0.3,0,1595,4,0,0,0,0,10072,78.6,1,7.2,1,110385,1,0,0
Dashi Okume,40.7246839,-73.9536504,"50 Norman Ave, Brooklyn, NY 11222, United States",ChIJYe9rSINZwokRw_36I8jEHzM,/biz/dashi-okume-brooklyn-2?osq=Restaurants,11222,0.09388455,4.4,13,31132,78.5,1,1416,3.6,0,116,0.3,0,1595,4,0,0,0,0,10072,78.6,1,7.2,1,110385,1,0,0
Nura,40.7247417,-73.9535161,"46 Norman Ave, Brooklyn, NY 11222, United States",ChIJYzpV4SNZwokRfX0a28jsH5Y,/biz/nura-brooklyn-2?osq=Restaurants,11222,0.139315342,4.5,13,31132,78.5,1,1416,3.6,0,116,0.3,0,1595,4,0,0,0,0,10072,78.6,1,7.2,1,110385,1,0,0
& Sons,40.6616123,-73.9534949,"447 Rogers Ave, Brooklyn, NY 11225, United States",ChIJrYWE6z5bwokRnzVw7aiEq7k,/biz/and-sons-brooklyn?osq=Restaurants,11225,0.093902999,4.6,2,18424,31,0,33595,56.5,1,66,0.1,0,1630,2.7,0,0,0,0,9161,68.1,1,6.5,1,68542,0,0,0
Betty,40.7305211,-73.9524959,"179 Greenpoint Ave, Brooklyn, NY 11222, United States",ChIJK5BaOt1ZwokRJYnTYBBW-nA,/biz/betty-new-york?osq=Restaurants,10002,0.030666822,3.9,29,24687,32.1,0,6453,8.4,0,624,0.8,1,30288,39.4,1,19,0,0,8819,63.6,1,7.5,1,37093,0,1,0
Lilia,40.7175919,-73.9523673,"567 Union Ave, Brooklyn, NY 11211, United States",ChIJJXCD6ltZwokRJ_cwjKQH63c,/biz/lilia-brooklyn?osq=Restaurants,11211,0.056417148,3.9,18,44335,67.3,1,3742,5.7,0,398,0.6,1,4024,6.1,0,0,0,0,13457,71.1,1,6.4,1,89091,1,0,0
Forma Pasta Factory,40.7237764,-73.9515083,"14 Bedford Ave, Brooklyn, NY 11222, United States",ChIJQ1ZCUkRZwokRYKlkqQijGHg,/biz/forma-pasta-factory-brooklyn?osq=Restaurants,11222,0.005058879,4.7,13,31132,78.5,1,1416,3.6,0,116,0.3,0,1595,4,0,0,0,0,10072,78.6,1,7.2,1,110385,1,0,0
Zanmi,40.6579395,-73.9505773,"1206 Nostrand Ave., Brooklyn, NY 11225, United States",ChIJTX1IoC1bwokRPWu7-zOniw8,/biz/zanmi-brooklyn-2?osq=Restaurants,11225,0.031010203,4.2,2,18424,31,0,33595,56.5,1,66,0.1,0,1630,2.7,0,0,0,0,9161,68.1,1,6.5,1,68542,0,0,0
Kora,40.7510806,-73.9499861,"43-46 10th St, Queens, NY 11101, United States",ChIJ0eOYid9ZwokRYzEYEHh70nM,/biz/kora-long-island-city-2?osq=Restaurants,11101,0.143016195,4.2,1,14126,41.8,1,4214,12.5,0,200,0.6,1,9413,27.9,1,17,0.1,0,7600,77,1,6.5,1,98920,1,0,0
Bunny,40.6820926,-73.9497506,"449 Nostrand Ave., Brooklyn, NY 11216, United States",ChIJmQ_VbpBbwokRZfBhNKWigEc,/biz/bunny-brooklyn?osq=Restaurants,11216,0.010206687,4,1,21074,33.9,0,30187,48.5,1,35,0.1,0,2873,4.6,0,0,0,0,13198,71.3,1,6.2,1,84661,1,0,0
Pomp & Circumstance Dining,40.7142586,-73.9496365,"577 Lorimer St, Brooklyn, NY 11211, United States",ChIJc6zmHK9ZwokRK9thsYDONEg,/biz/pomp-and-circumstance-dining-williamsburg?osq=Restaurants,11211,0.123597841,4.9,18,44335,67.3,1,3742,5.7,0,398,0.6,1,4024,6.1,0,0,0,0,13457,71.1,1,6.4,1,89091,1,0,0
Tito Papas,40.7173811,-73.9493013,"307 Meeker Ave, Brooklyn, NY 11211, United States",ChIJHUnEMiVZwokR9nOv8hjuQa4,/biz/tito-papas-brooklyn?osq=Restaurants,11211,0.020948059,4.4,18,44335,67.3,1,3742,5.7,0,398,0.6,1,4024,6.1,0,0,0,0,13457,71.1,1,6.4,1,89091,1,0,0
Bonnie's,40.7178133,-73.9465225,"398 Manhattan Ave, Brooklyn, NY 11211, United States",ChIJbQc9ABZZwokRMAK6C-Ekxg4,/biz/bonnies-brooklyn?osq=Restaurants,11211,0.046060495,3.6,18,44335,67.3,1,3742,5.7,0,398,0.6,1,4024,6.1,0,0,0,0,13457,71.1,1,6.4,1,89091,1,0,0
Win Son,40.7074639,-73.9433847,"159 Graham Ave, Brooklyn, NY 11206, United States",ChIJ4-bYSvxbwokRPhLlLQFzOEo,/biz/win-son-brooklyn-4?osq=Restaurants,11206,0.147810608,4.2,3,41946,46.1,1,20937,23,0,909,1,1,5475,6,0,141,0.2,1,10528,52.8,1,8.5,1,49013,0,0,0
Jiang Nan,40.7461394,-73.9417211,"44th Dr &, Thomson Ave, Queens, NY 11101, United States",ChIJD0wDQFpZwokRD1yp-BrV0IA,/biz/jiang-nan-new-york?osq=Restaurants,10002,0.133324049,3.6,29,24687,32.1,0,6453,8.4,0,624,0.8,1,30288,39.4,1,19,0,0,8819,63.6,1,7.5,1,37093,0,1,0
Taste of Heaven,40.7171513,-73.9406797,"251 Jackson St, Brooklyn, NY 11211, United States",ChIJvUlmNFJZwokRO03STM7jQ8w,/biz/taste-of-heaven-brooklyn?osq=Restaurants,11211,0.057729924,4.9,18,44335,67.3,1,3742,5.7,0,398,0.6,1,4024,6.1,0,0,0,0,13457,71.1,1,6.4,1,89091,1,0,0
A-Pou's Taste,40.7131869,-73.936139,"963 Grand St, Brooklyn, NY 11211, United States",ChIJjUd-rVRZwokRPgRQp93WlGc,/biz/a-pous-taste-brooklyn-2?osq=Restaurants,11211,0.082676432,4.1,18,44335,67.3,1,3742,5.7,0,398,0.6,1,4024,6.1,0,0,0,0,13457,71.1,1,6.4,1,89091,1,0,0
Textbook,40.7440161,-73.935088,"31-10 Thomson Ave, Queens, NY 11101, United States",ChIJS3gYNCtZwokRPEfl6NFqY_s,/biz/textbook-brooklyn?osq=Restaurants,11217,0.015363252,4.5,9,24293,57.7,1,7966,18.9,0,43,0.1,0,3678,8.7,0,24,0.1,0,8823,81.6,1,6.8,1,133269,1,1,0
Mao Mao,40.6959497,-73.9337189,"1000 Broadway, Brooklyn, NY 11221, United States",ChIJnQxdCoNdwokROLos5NIpK8Q,/biz/mao-mao-brooklyn?osq=Restaurants,11221,0.015463149,4.4,1,21971,24.5,0,38446,42.8,1,412,0.5,0,3972,4.4,0,48,0.1,0,13407,56.8,1,7.7,1,66293,0,0,0
Eyval,40.7041695,-73.9331587,"25 Bogart St, Brooklyn, NY 11206, United States",ChIJR9OEk_BdwokR9Qxlpi3I1ro,/biz/eyval-brooklyn?osq=Restaurants,11206,0.136857501,4.1,3,41946,46.1,1,20937,23,0,909,1,1,5475,6,0,141,0.2,1,10528,52.8,1,8.5,1,49013,0,0,0
Otis,40.7060683,-73.93261,"18 Harrison Pl, Brooklyn, NY 11206, United States",ChIJncjrqQFcwokRZZzyxeY-tlQ,/biz/otis-brooklyn-2?osq=Restaurants,11206,0.005131879,3.6,3,41946,46.1,1,20937,23,0,909,1,1,5475,6,0,141,0.2,1,10528,52.8,1,8.5,1,49013,0,0,0
Selo,40.7612592,-73.9234119,"3305 Broadway, Queens, NY 11106, United States",ChIJ570j6CRfwokRaACIRPkBYYY,/biz/selo-astoria?osq=Restaurants,11106,0.153743745,4.8,1,20997,51.9,1,2647,6.5,0,286,0.7,1,7340,18.1,1,25,0.1,0,7430,72.1,1,9,1,71972,1,0,0
Curry House,40.7474487,-73.9232192,"40-05 Skillman Ave K-109, Queens, NY 11104, United States",ChIJNYIlsbRfwokR1EK9DprTjx0,/biz/curry-house-new-york-3?osq=Restaurants,10013,0.078103789,4.8,23,17204,58.2,1,1000,3.4,0,27,0.1,0,9160,31,1,0,0,0,4039,80.9,1,3.5,0,137572,1,0,0
Bolivian Llama Party,40.7393493,-73.9207462,"44-14 48th Ave, Queens, NY 11377, United States",ChIJ4T48ovNfwokRzcUcEojz55M,/biz/bolivian-llama-party-sunnyside?osq=Restaurants,11377,0.146327582,4.4,2,32761,38.4,0,1964,2.3,0,319,0.4,0,31479,36.9,1,0,0,0,6319,45.4,1,5.5,1,66325,0,0,0
Porcelain,40.7023668,-73.9016157,"880 Woodward Ave, Queens, NY 11385, United States",ChIJ_ykU1khdwokRYrbWy7X5PvM,/biz/porcelain-ridgewood?osq=Restaurants,11385,0.154472637,4.4,1,73355,67.2,1,3620,3.3,0,340,0.3,0,7557,6.9,0,0,0,0,9111,45.9,1,6.8,1,77350,1,0,0
Dollar Hits - New York,40.7463337,-73.9000145,"39-04 64th St, Queens, NY 11377, United States",ChIJ2WtKyAlfwokRkhQWGQbhrMM,/biz/dollar-hits-new-york-new-york?osq=Restaurants,11377,0.010181326,4.4,2,32761,38.4,0,1964,2.3,0,319,0.4,0,31479,36.9,1,0,0,0,6319,45.4,1,5.5,1,66325,0,0,0
Brooklyn Farm,40.5916718,-73.8987771,"3159 Flatbush Ave, Brooklyn, NY 11234, United States",ChIJASlatQVDwokRSMQXsr7x2_Y,/biz/brooklyn-farm-brooklyn?osq=Restaurants,11201,0.164455858,4.4,48,42126,61.3,1,8999,13.1,0,394,0.6,1,9532,13.9,0,26,0,0,13971,86.4,1,5.9,1,148282,1,0,0