Name_x,URL,ZIP,Avg. Exposure,Stars,Latitude,Longitude,Address,Place-ID,White,ofWhite,Black,ofBlack,AmericanIndaian,ofAI,Asian,ofAisan,NativeHawiian,ofNativeHawiian,Edu,ofEDU,Unemployment,Wealth,Attractions,Hotspot
Hook Fish,/biz/hook-fish-san-francisco-6?osq=Restaurants,94122,0.175280346,4.3,37.7623799,-122.5068746,"4542 Irving St, San Francisco, CA 94122, United States",ChIJG1iGoY-HhYAR-XNMTpeTJ4I,23348,38.8,1140,1.9,125,0.2,27067,45,480,0.8,9495,80,5.4,130708,1,1
Outerlands,/biz/outerlands-san-francisco?osq=Restaurants,94122,0.135854791666667,3.9,37.7603492,-122.5050397,"4001 Judah St, San Francisco, CA 94122, United States",ChIJf-NCNpeHhYARLeneHNw3WWs,23348,38.8,1140,1.9,125,0.2,27067,45,480,0.8,9495,80,5.4,130708,1,1
Sunset Cantina,/biz/sunset-cantina-san-francisco?osq=Restaurants,94122,0.120406545333333,4.3,37.76098,-122.4988,"3414 Judah St, San Francisco, CA 94122, United States",ChIJ_XouJ_OHhYARxgBE23hGC3Q,23348,38.8,1140,1.9,125,0.2,27067,45,480,0.8,9495,80,5.4,130708,1,1
Cielito Lindo,/biz/cielito-lindo-san-francisco?osq=Restaurants,94121,0.021188115,4.1,37.7759068,-122.4959241,"3440 Balboa St, San Francisco, CA 94121, United States",ChIJi7bWwGCHhYARssLGRw7p-9A,20005,45.5,763,1.7,68,0.2,18297,41.6,6,0,5747,78.4,5.4,116970,1,1
Rong's,/biz/rong-s-san-francisco?osq=Restaurants,94121,0.114322892333333,4.5,37.7759183,-122.4956456,"3420 Balboa St, San Francisco, CA 94121, United States",ChIJ4WmWevmHhYARPTVffEESejg,20005,45.5,763,1.7,68,0.2,18297,41.6,6,0,5747,78.4,5.4,116970,1,1
Anh Hong,/biz/anh-hong-san-francisco?osq=Restaurants,94121,0.054874512,4.5,37.7814671,-122.492871,"3123 Clement St, San Francisco, CA 94121, United States",ChIJGVU5pWeHhYARSBYd8YswwOs,20005,45.5,763,1.7,68,0.2,18297,41.6,6,0,5747,78.4,5.4,116970,1,1
Dumpling Kitchen,/biz/dumpling-kitchen-san-francisco-5?osq=Restaurants,94114,0.23969723,4.5,37.7423762,-122.4870455,"1935 Taraval St, San Francisco, CA 94116, United States",ChIJL9XQWoN9j4AR3OmpgFyKdmE,24366,70.7,964,2.8,154,0.4,4777,13.9,105,0.3,6822,89.2,4.3,169459,1,1
Dumpling Kitchen,/biz/dumpling-kitchen-san-francisco?osq=Restaurants,94116,0.169595092333333,4,37.7423762,-122.4870455,"1935 Taraval St, San Francisco, CA 94116, United States",ChIJL9XQWoN9j4AR3OmpgFyKdmE,15281,33.6,537,1.2,16,0,24568,54,81,0.2,5756,76.6,5.5,134652,0,0
Ocean Indian Cuisine,/biz/ocean-indian-cuisine-san-francisco?osq=Restaurants,94121,0.107719576666667,4.3,37.7798278,-122.4852174,"6127 Geary Blvd, San Francisco, CA 94121, United States",ChIJazJ6XA-HhYARjMiqMLA2LxM,20005,45.5,763,1.7,68,0.2,18297,41.6,6,0,5747,78.4,5.4,116970,1,1
Fiorella -Clement,/biz/fiorella-clement-san-francisco-3?osq=Restaurants,94121,0.113437920666667,4.7,37.7819242,-122.4845393,"2339 Clement St, San Francisco, CA 94121, United States",ChIJ1XM-lgWHhYARFtVFjLm3ldM,20005,45.5,763,1.7,68,0.2,18297,41.6,6,0,5747,78.4,5.4,116970,1,0
Izakaya Mayumi,/biz/izakaya-mayumi-san-francisco?osq=Restaurants,94121,0.106803048,4.5,37.7819382,-122.4831857,"2221 Clement St, San Francisco, CA 94121, United States",ChIJp5NnFWGHhYAR_A4TJlboKFo,20005,45.5,763,1.7,68,0.2,18297,41.6,6,0,5747,78.4,5.4,116970,1,0
Fiery Hot Pot and Grill,/biz/fiery-hot-pot-and-grill-san-francisco?osq=Restaurants,94122,0.0418597886666667,5,37.7631878,-122.483106,"2333 Irving St, San Francisco, CA 94122, United States",ChIJoYkCmwKHhYARMeEpix2yJjQ,23348,38.8,1140,1.9,125,0.2,27067,45,480,0.8,9495,80,5.4,130708,1,0
Pizzetta 211,/biz/pizzetta-211-san-francisco?osq=Restaurants,94121,0.172958032666667,4.3,37.7837101,-122.4830164,"211 23rd Ave, San Francisco, CA 94121, United States",ChIJQXnZ_ASHhYARiIl0VPpsEQs,20005,45.5,763,1.7,68,0.2,18297,41.6,6,0,5747,78.4,5.4,116970,1,1
Pearl 6101,/biz/pearl-6101-san-francisco-7?osq=Restaurants,94121,0.200509351,4.4,37.7838738,-122.4830116,"6101 California St, San Francisco, CA 94121, United States",ChIJwVij-wSHhYARKFEZIvbT8XM,20005,45.5,763,1.7,68,0.2,18297,41.6,6,0,5747,78.4,5.4,116970,1,1
Big Fish House,/biz/big-fish-house-san-francisco?osq=Restaurants,94121,0.008470594,4.4,37.7820428,-122.4819497,"2109 Clement St, San Francisco, CA 94121, United States",ChIJaVOD7qSHhYAR1tPNCr6P8Hg,20005,45.5,763,1.7,68,0.2,18297,41.6,6,0,5747,78.4,5.4,116970,1,1
Hodala,/biz/hodala-san-francisco?osq=Restaurants,94121,0.144917478333333,4.1,37.7800597,-122.4816949,"5801 Geary Blvd, San Francisco, CA 94121, United States",ChIJAQAMxA-HhYAR1Kn_bvcqQkg,20005,45.5,763,1.7,68,0.2,18297,41.6,6,0,5747,78.4,5.4,116970,1,1
Yuanbao Jiaozi,/biz/yuanbao-jiaozi-san-francisco-2?osq=Restaurants,94122,0.109293387333333,4.3,37.7635395,-122.4807449,"2110 Irving St, San Francisco, CA 94122, United States",ChIJifiQHXCHhYARUE-zmI9jYN0,23348,38.8,1140,1.9,125,0.2,27067,45,480,0.8,9495,80,5.4,130708,1,1
Bread N' Chu,/biz/bread-n-chu-san-francisco?osq=Restaurants,94121,0.038368353,4.1,37.782385,-122.479688,"1900 Clement St, San Francisco, CA 94121, United States",ChIJ67x-RL6HhYAR9KHFEC_C4k8,20005,45.5,763,1.7,68,0.2,18297,41.6,6,0,5747,78.4,5.4,116970,1,1
Thai Nghiep Ky Mi Gia,/biz/thai-nghiep-ky-mi-gia-san-francisco?osq=Restaurants,94122,0.0084411623333333,4.5,37.7539923,-122.4791251,"1427 Noriega St, San Francisco, CA 94122, United States",ChIJWbckn2KHhYARZGPQPUkSMD0,23348,38.8,1140,1.9,125,0.2,27067,45,480,0.8,9495,80,5.4,130708,1,1
Aceking BBQ,/biz/aceking-bbq-san-francisco-3?osq=Restaurants,94121,0.053545888,4.5,37.7824176,-122.4789214,"1820 Clement St, San Francisco, CA 94121, United States",ChIJL4hLvrqHhYARLcZY_EK6vnM,20005,45.5,763,1.7,68,0.2,18297,41.6,6,0,5747,78.4,5.4,116970,1,1
JIJIME,/biz/jijime-san-francisco-8?osq=Restaurants,94121,0.235759712333333,4.4,37.7805539,-122.4788633,"5524 Geary Blvd, San Francisco, CA 94121, United States",ChIJxfBBTxCHhYARLbO4HGeUs9w,20005,45.5,763,1.7,68,0.2,18297,41.6,6,0,5747,78.4,5.4,116970,1,1
Lokma,/biz/lokma-san-francisco?osq=Restaurants,94121,0.200561389666667,4.6,37.782193,-122.4785914,"1801 Clement St, San Francisco, CA 94121, United States",ChIJgUtXdxCHhYARD8rNGyLlmRQ,20005,45.5,763,1.7,68,0.2,18297,41.6,6,0,5747,78.4,5.4,116970,1,0
Han Il Kwan,/biz/han-il-kwan-san-francisco?osq=Restaurants,94121,0.130497718333333,4.5,37.7767113,-122.4782853,"1802 Balboa St, San Francisco, CA 94121, United States",ChIJI6JsNhKHhYAReXMF582y-zM,20005,45.5,763,1.7,68,0.2,18297,41.6,6,0,5747,78.4,5.4,116970,1,0
The Crew,/biz/the-crew-san-francisco?osq=Restaurants,94122,0.136399079,4.9,37.754296,-122.4781561,"1330 Noriega St, San Francisco, CA 94122, United States",ChIJLSOuhmKHhYAREzO2W-gfxYQ,23348,38.8,1140,1.9,125,0.2,27067,45,480,0.8,9495,80,5.4,130708,1,1
Yummy Dumpling,/biz/yummy-dumpling-san-francisco?osq=Restaurants,94122,0.0617821266666667,4.9,37.7637611,-122.476388,"1708 Irving St, San Francisco, CA 94122, United States",ChIJE6Zd7WWHhYARliUVlyq7UrI,23348,38.8,1140,1.9,125,0.2,27067,45,480,0.8,9495,80,5.4,130708,1,0
House Of Pancakes,/biz/house-of-pancakes-san-francisco?osq=Restaurants,94116,0.0085017113333333,4.2,37.7428554,-122.4763517,"937 Taraval St, San Francisco, CA 94116, United States",ChIJX77nnpF9j4AR-y4znSpMuYc,15281,33.6,537,1.2,16,0,24568,54,81,0.2,5756,76.6,5.5,134652,0,1
Breadbelly,/biz/breadbelly-san-francisco?osq=Restaurants,94118,0.164911403,4.2,37.7826278,-122.4743735,"1408 Clement St, San Francisco, CA 94118, United States",ChIJ06Hh75aHhYARre2ZXOUDzXY,22014,53.1,681,1.6,97,0.2,13753,33.2,72,0.2,7921,86.3,4.3,139043,1,1
Odumak,/biz/odumak-san-francisco-2?osq=Restaurants,94116,0.0217522736666667,4,37.7430045,-122.4742071,"733 Taraval St, San Francisco, CA 94116, United States",ChIJF2duzpN9j4ARlIDUjVKMiFY,15281,33.6,537,1.2,16,0,24568,54,81,0.2,5756,76.6,5.5,134652,0,1
Izakaya Sozai,/biz/izakaya-sozai-san-francisco?osq=Restaurants,94122,0.149858513333333,3.8,37.7638246,-122.4741239,"1500 Irving St, San Francisco, CA 94122, United States",ChIJa52AEWaHhYARNkV1i0pn-S4,23348,38.8,1140,1.9,125,0.2,27067,45,480,0.8,9495,80,5.4,130708,1,1
IPOT,/biz/ipot-san-francisco?osq=Restaurants,94122,0.0171682703333333,4.6,37.7639889,-122.4732139,"1420 Irving St, San Francisco, CA 94122, United States",ChIJKV7POGaHhYARLMgj3g8DSYg,23348,38.8,1140,1.9,125,0.2,27067,45,480,0.8,9495,80,5.4,130708,1,1
Caliente Bistro Kitchen,/biz/caliente-bistro-kitchen-san-francisco?osq=Restaurants,94118,0.148523695,4.8,37.7809582,-122.4713138,"4828 Geary Blvd, San Francisco, CA 94118, United States",ChIJJe2Ztf2HhYARnqwtA2WJysg,22014,53.1,681,1.6,97,0.2,13753,33.2,72,0.2,7921,86.3,4.3,139043,1,1
Little Original Joe's,/biz/little-original-joes-san-francisco?osq=Restaurants,94127,0.124802879666667,4.3,37.7365961,-122.470295,"393 W Portal Ave, San Francisco, CA 94127, United States",ChIJP8t6DXx9j4AROzp2mE-0NVE,11314,54.1,668,3.2,142,0.7,5505,26.3,2,0,2333,80,3.3,180768,1,0
Gurung Kitchen,/biz/gurung-kitchen-san-francisco?osq=Restaurants,94122,0.081560291,4.7,37.7637205,-122.4690813,"1033 Irving St, San Francisco, CA 94122, United States",ChIJI6Y0-N2HhYAR_8RNd9B3ruI,23348,38.8,1140,1.9,125,0.2,27067,45,480,0.8,9495,80,5.4,130708,1,1
San Tung,/biz/san-tung-san-francisco-2?osq=Restaurants,94122,0.175097066333333,4.1,37.7638145,-122.4690089,"1031 Irving St, San Francisco, CA 94122, United States",ChIJVwLhg12HhYARcIdFDox3HxM,23348,38.8,1140,1.9,125,0.2,27067,45,480,0.8,9495,80,5.4,130708,1,1
Noodle in a Haystack - Temp. CLOSED,/biz/noodle-in-a-haystack-san-francisco?osq=Restaurants,94118,0.127962837333333,4.1,37.7806507,-122.468725,"4601 Geary Blvd, San Francisco, CA 94118, United States",ChIJo6iy1GCHhYARYymaXv1hw44,22014,53.1,681,1.6,97,0.2,13753,33.2,72,0.2,7921,86.3,4.3,139043,1,1
Zajang Grill,/biz/zajang-grill-san-francisco?osq=Restaurants,94118,0.552332972333333,4.7,37.7829603,-122.4685948,"852 Clement St, San Francisco, CA 94118, United States",ChIJQRhtcPKHhYAR3aYY0P7s3S0,22014,53.1,681,1.6,97,0.2,13753,33.2,72,0.2,7921,86.3,4.3,139043,1,1
Lime Tree Southeast Asian Kitchen,/biz/lime-tree-southeast-asian-kitchen-san-francisco-2?osq=Restaurants,94118,0.008557457,4.3,37.782986,-122.468337,"836 Clement St, San Francisco, CA 94118, United States",ChIJ8_Xhmz2HhYAR2o30JONJT2Y,22014,53.1,681,1.6,97,0.2,13753,33.2,72,0.2,7921,86.3,4.3,139043,1,1
Lime Tree Southeast Asian Kitchen,/biz/lime-tree-southeast-asian-kitchen-san-francisco?osq=Restaurants,94122,0.114560065666667,4,37.782986,-122.468337,"836 Clement St, San Francisco, CA 94118, United States",ChIJ8_Xhmz2HhYAR2o30JONJT2Y,23348,38.8,1140,1.9,125,0.2,27067,45,480,0.8,9495,80,5.4,130708,1,1
Manna,/biz/manna-san-francisco?osq=Restaurants,94122,0.184013293666667,4.1,37.7638913,-122.4672514,"845 Irving St, San Francisco, CA 94122, United States",ChIJwS0XsF2HhYARas-FkJML0q4,23348,38.8,1140,1.9,125,0.2,27067,45,480,0.8,9495,80,5.4,130708,1,0
Good Luck Dim Sum,/biz/good-luck-dim-sum-san-francisco?osq=Restaurants,94118,0.0570774476666667,4.5,37.7829939,-122.4672055,"736 Clement St, San Francisco, CA 94118, United States",ChIJXWARsD2HhYARpfJUcT_imWw,22014,53.1,681,1.6,97,0.2,13753,33.2,72,0.2,7921,86.3,4.3,139043,1,1
Inle Burmese Cuisine,/biz/inle-burmese-cuisine-san-francisco?osq=Restaurants,94114,0.0610808106666667,4.7,37.7641859,-122.4668041,"822 Irving St, San Francisco, CA 94122, United States",ChIJKwqhiLF_j4ARQAZuqDs509U,24366,70.7,964,2.8,154,0.4,4777,13.9,105,0.3,6822,89.2,4.3,169459,1,0
Ebisu,/biz/ebisu-san-francisco?osq=Restaurants,94122,0.0127539163333333,4,37.7644578,-122.4665051,"1283 9th Ave, San Francisco, CA 94122, United States",ChIJ93MU4FyHhYARNsN1cMElpgo,23348,38.8,1140,1.9,125,0.2,27067,45,480,0.8,9495,80,5.4,130708,1,0
Arizmendi Bakery,/biz/arizmendi-bakery-san-francisco?osq=Restaurants,94122,0.0562388953333333,4.8,37.7634047,-122.466442,"1331 9th Ave, San Francisco, CA 94122, United States",ChIJMdUfNVyHhYAR7pvCohDZC70,23348,38.8,1140,1.9,125,0.2,27067,45,480,0.8,9495,80,5.4,130708,1,1
Moku Yakitori-Ya,/biz/moku-yakitori-ya-san-francisco?osq=Restaurants,94118,0.157086034,4.6,37.7825689,-122.4664414,"312 8th Ave, San Francisco, CA 94118, United States",ChIJlVMCXGmHhYAR-QEZYwhs_XU,22014,53.1,681,1.6,97,0.2,13753,33.2,72,0.2,7921,86.3,4.3,139043,1,1
Fiorella - Sunset,/biz/fiorella-sunset-san-francisco-3?osq=Restaurants,94122,0.139216806,4.1,37.7651741,-122.4662745,"1240 9th Ave, San Francisco, CA 94122, United States",ChIJKVyasiuHhYARPQkgcXZCcyw,23348,38.8,1140,1.9,125,0.2,27067,45,480,0.8,9495,80,5.4,130708,1,0
Um Ma,/biz/um-ma-san-francisco-3?osq=Restaurants,94122,0.214806676,3.8,37.7655061,-122.466241,"1220 9th Ave, San Francisco, CA 94122, United States",ChIJ85tbw0aHhYARIXIu4a1XW-A,23348,38.8,1140,1.9,125,0.2,27067,45,480,0.8,9495,80,5.4,130708,1,0
Underdogs Tres,/biz/underdogs-tres-san-francisco?osq=Restaurants,94122,0.0342752306666667,4,37.7654223,-122.4661653,"1224 9th Ave, San Francisco, CA 94122, United States",ChIJof2OgGWHhYAR63HMIBa7XYs,23348,38.8,1140,1.9,125,0.2,27067,45,480,0.8,9495,80,5.4,130708,1,0
Malasa,/biz/malasa-san-francisco?osq=Restaurants,94122,0.151992116666667,4.3,37.7633432,-122.4661559,"1336 9th Ave, San Francisco, CA 94122, United States",ChIJOdBUkIyHhYAROQ6wJ7pb9OU,23348,38.8,1140,1.9,125,0.2,27067,45,480,0.8,9495,80,5.4,130708,1,1
Jamie's Place,/biz/jamies-place-san-francisco?osq=Restaurants,94122,0.236961666666667,4.6,37.7626087,-122.4661033,"1380 9th Ave, San Francisco, CA 94122, United States",ChIJS5eXlWKHhYARsjkbaunBt9o,23348,38.8,1140,1.9,125,0.2,27067,45,480,0.8,9495,80,5.4,130708,1,0
Ushi Taro Ramen,/biz/ushi-taro-ramen-san-francisco-3?osq=Restaurants,94122,0.164459320666667,2.8,37.76255,-122.4660984,"1382 9th Ave, San Francisco, CA 94122, United States",ChIJiUlkh4iHhYARH-6HzZkzN8w,23348,38.8,1140,1.9,125,0.2,27067,45,480,0.8,9495,80,5.4,130708,1,1
LaLe,/biz/lale-san-francisco-2?osq=Restaurants,94122,0.141965245,3.8,37.7638354,-122.4658087,"731 Irving St, San Francisco, CA 94122, United States",ChIJIfzVR1yHhYARXWeZ7wM9ePs,23348,38.8,1140,1.9,125,0.2,27067,45,480,0.8,9495,80,5.4,130708,1,1
The Richmond,/biz/the-richmond-san-francisco?osq=Restaurants,94118,0.0296292766666667,4.5,37.7770577,-122.4654436,"615 Balboa St, San Francisco, CA 94118, United States",ChIJ_x-PYT-HhYARet6Yg_82q1U,22014,53.1,681,1.6,97,0.2,13753,33.2,72,0.2,7921,86.3,4.3,139043,1,1
Teahouse,/biz/teahouse-san-francisco?osq=Restaurants,94118,0.0668231453333333,3.9,37.7831729,-122.4652452,"544 Clement St, San Francisco, CA 94118, United States",ChIJOyuyQTyHhYARyLIsf3mqxqs,22014,53.1,681,1.6,97,0.2,13753,33.2,72,0.2,7921,86.3,4.3,139043,1,1
Xiao Yus Kitchen,/biz/xiao-yus-kitchen-san-francisco?osq=Restaurants,94118,0.132377587666667,4.6,37.7773835,-122.4648357,"560 Balboa St, San Francisco, CA 94118, United States",ChIJu5Pf6haHhYARcLJSmkvyj1M,22014,53.1,681,1.6,97,0.2,13753,33.2,72,0.2,7921,86.3,4.3,139043,1,1
Mamahuhu,/biz/mamahuhu-san-francisco-2?osq=Restaurants,94118,0.167610368,4,37.7826936,-122.4647805,"517 Clement St, San Francisco, CA 94118, United States",ChIJHawrlH2HhYAR7gpLJSXr2dE,22014,53.1,681,1.6,97,0.2,13753,33.2,72,0.2,7921,86.3,4.3,139043,1,1
Unco Frank's,/biz/unco-frank-s-san-francisco?osq=Restaurants,94118,0.149655503,4.6,37.7827246,-122.464106,"443 Clement St, San Francisco, CA 94118, United States",ChIJEaHFM3SBhYARn2y4Qw1_22A,22014,53.1,681,1.6,97,0.2,13753,33.2,72,0.2,7921,86.3,4.3,139043,1,0
Foghorn Taproom,/biz/foghorn-taproom-san-francisco?osq=Restaurants,94118,0.0169779053333333,4.3,37.7773663,-122.4638133,"450 Balboa St, San Francisco, CA 94118, United States",ChIJ_4yHqR2HhYAReD1c3IpzCHg,22014,53.1,681,1.6,97,0.2,13753,33.2,72,0.2,7921,86.3,4.3,139043,1,1
Cafe Bunn Mi,/biz/cafe-bunn-mi-san-francisco?osq=Restaurants,94118,0.0042386246666666,4.7,37.7828663,-122.4637383,"417 Clement St, San Francisco, CA 94118, United States",ChIJ4-Mj-DuHhYARba2j3gyAKiw,22014,53.1,681,1.6,97,0.2,13753,33.2,72,0.2,7921,86.3,4.3,139043,1,1
Cantina Los Mayas,/biz/cantina-los-mayas-san-francisco?osq=Restaurants,94118,0.0439265943333333,4.1,37.7770107,-122.463509,"431 Balboa St, San Francisco, CA 94118, United States",ChIJMzQXpxuHhYARNZkBTE3_wPk,22014,53.1,681,1.6,97,0.2,13753,33.2,72,0.2,7921,86.3,4.3,139043,1,1
Lavash,/biz/lavash-san-francisco-2?osq=Restaurants,94122,0.153982427333333,4.1,37.7640334,-122.4634545,"511 Irving St, San Francisco, CA 94122, United States",ChIJdxLk9luHhYARuEXmt3oGAto,23348,38.8,1140,1.9,125,0.2,27067,45,480,0.8,9495,80,5.4,130708,1,1
Kitchen Istanbul,/biz/kitchen-istanbul-san-francisco?osq=Restaurants,94118,0.086252889,4.3,37.7828969,-122.4632302,"349 Clement St, San Francisco, CA 94118, United States",ChIJ-7fy-juHhYARKnsUGLldH3Q,22014,53.1,681,1.6,97,0.2,13753,33.2,72,0.2,7921,86.3,4.3,139043,1,1
Tastebuds,/biz/tastebuds-san-francisco-2?osq=Restaurants,94118,0.0678857953333333,4.3,37.7771695,-122.462781,"600 5th Ave, San Francisco, CA 94118, United States",ChIJw3yWbSGHhYARdCL37oY9LWI,22014,53.1,681,1.6,97,0.2,13753,33.2,72,0.2,7921,86.3,4.3,139043,1,1
Burma Superstar,/biz/burma-superstar-san-francisco-2?osq=Restaurants,94118,0.173965169,4.2,37.782814,-122.4625643,"309 Clement St, San Francisco, CA 94118, United States",ChIJX5U6hOF9hYARluNcw9h5G5U,22014,53.1,681,1.6,97,0.2,13753,33.2,72,0.2,7921,86.3,4.3,139043,1,1
Savor,/biz/savor-san-francisco-7?osq=Restaurants,94122,0.410086038666667,4.9,37.7640827,-122.4622264,"401 Irving St, San Francisco, CA 94122, United States",ChIJR5NSy2yHhYARK0Vgr_6ujeU,23348,38.8,1140,1.9,125,0.2,27067,45,480,0.8,9495,80,5.4,130708,1,0
Lily,/biz/lily-san-francisco?osq=Restaurants,94118,0.334274004666667,4.3,37.782839,-122.4617051,"225 Clement St, San Francisco, CA 94118, United States",ChIJzTvRcRuHhYARMPxqfMH8_Qw,22014,53.1,681,1.6,97,0.2,13753,33.2,72,0.2,7921,86.3,4.3,139043,1,1
Uncle Boy's,/biz/uncle-boys-san-francisco?osq=Restaurants,94118,0.0936228273333333,4.4,37.777232,-122.4616004,"245 Balboa St, San Francisco, CA 94118, United States",ChIJU1MOckeHhYARQFcsT6fdx2A,22014,53.1,681,1.6,97,0.2,13753,33.2,72,0.2,7921,86.3,4.3,139043,1,1
Bella Trattoria,/biz/bella-trattoria-san-francisco?osq=Restaurants,94118,0.156258601666667,4.3,37.7813576,-122.4609231,"3854 Geary Blvd, San Francisco, CA 94118, United States",ChIJZzXiBzmHhYARipcxKBQpZrY,22014,53.1,681,1.6,97,0.2,13753,33.2,72,0.2,7921,86.3,4.3,139043,1,1
Eats,/biz/eats-san-francisco?osq=Restaurants,94118,0.0759891786666667,3.9,37.7832722,-122.4600321,"50 Clement St, San Francisco, CA 94118, United States",ChIJLTo1iTmHhYARzSryJMomLjk,22014,53.1,681,1.6,97,0.2,13753,33.2,72,0.2,7921,86.3,4.3,139043,1,0
Dumpling Baby China Bistro,/biz/dumpling-baby-china-bistro-san-francisco-4?osq=Restaurants,94118,0.167099468666667,4.3,37.7810531,-122.4598865,"3751 Geary Blvd, San Francisco, CA 94118, United States",ChIJ_2QXLsSHhYARxpyDnFeys6A,22014,53.1,681,1.6,97,0.2,13753,33.2,72,0.2,7921,86.3,4.3,139043,1,1
Khob Khun Thai Cuisine & Breakfast,/biz/khob-khun-thai-cuisine-and-breakfast-san-francisco-2?osq=Restaurants,94118,0.102409019333333,4.7,37.7809632,-122.459617,"3741 Geary Blvd, San Francisco, CA 94118, United States",ChIJOVo6WPuHhYARQFse7qfZZqk,22014,53.1,681,1.6,97,0.2,13753,33.2,72,0.2,7921,86.3,4.3,139043,1,1
Pye,/biz/pye-san-francisco-2?osq=Restaurants,94129,0.0390611026666667,3.9,37.8018496907041,-122.458071114067,"Main Post Lawn, San Francisco, CA 94129, United States",ChIJ1ZfinGXFhYARFPbCMxvQMds,2611,62.2,75,1.8,29,0.7,315,7.5,0,0,1079,89.2,2.7,218717,1,1
Kaiju Eats Ramen and Izakaya,/biz/kaiju-eats-ramen-and-izakaya-san-francisco-3?osq=Restaurants,94118,0.155551732,3.9,37.7812224,-122.4555652,"3409 Geary Blvd, San Francisco, CA 94118, United States",ChIJQ3EuyjeHhYAR15kVNRu15SU,22014,53.1,681,1.6,97,0.2,13753,33.2,72,0.2,7921,86.3,4.3,139043,1,1
CreoLa,/biz/creola-san-francisco-3?osq=Restaurants,94117,0.163859716333333,4.5,37.7662724,-122.4527283,"900 Stanyan St, San Francisco, CA 94117, United States",ChIJVSnB6cSHhYARC6c6jj_wbZQ,28656,70.4,2120,5.2,204,0.5,4957,12.2,0,0,12173,86.4,2.8,174419,1,1
Parada 22,/biz/parada-22-san-francisco?osq=Restaurants,94117,0.199112137,4.2,37.7692461,-122.4521319,"1805 Haight St, San Francisco, CA 94117, United States",ChIJ1c-fK1KHhYAR319Uwh4VKUA,28656,70.4,2120,5.2,204,0.5,4957,12.2,0,0,12173,86.4,2.8,174419,1,1
Cha Cha Cha,/biz/cha-cha-cha-san-francisco-4?osq=Restaurants,94117,0.156679591333333,3.9,37.7692568,-122.4520459,"1801 Haight St, San Francisco, CA 94117, United States",ChIJCRye1FOHhYARZNi7x7aio5c,28656,70.4,2120,5.2,204,0.5,4957,12.2,0,0,12173,86.4,2.8,174419,1,1
What The Cluck - Haight,/biz/what-the-cluck-haight-san-francisco?osq=Restaurants,94117,0.0714927783333333,4.2,37.7695784,-122.4514912,"1782 Haight St, San Francisco, CA 94117, United States",ChIJM9vEjiyHhYARM9IeVfURMyg,28656,70.4,2120,5.2,204,0.5,4957,12.2,0,0,12173,86.4,2.8,174419,1,1
The Alembic,/biz/the-alembic-san-francisco?osq=Restaurants,94117,0.0588284253333333,4.1,37.7693264,-122.4511621,"1725 Haight St, San Francisco, CA 94117, United States",ChIJ4RMby1OHhYARsGxnl40kWbg,28656,70.4,2120,5.2,204,0.5,4957,12.2,0,0,12173,86.4,2.8,174419,1,1
Shanghai Dumpling King,/biz/shanghai-dumpling-king-san-francisco-4?osq=Restaurants,94114,0.124181670333333,4.5,37.7318139,-122.4510143,"696 Monterey Blvd, San Francisco, CA 94127, United States",ChIJAQBwItd9j4ARdeYh7lD6xj8,24366,70.7,964,2.8,154,0.4,4777,13.9,105,0.3,6822,89.2,4.3,169459,1,1
Papa's Kitchen,/biz/papas-kitchen-san-francisco?osq=Restaurants,94117,0.0856020583333333,4.3,37.7694129,-122.4509439,"1705 Haight St, San Francisco, CA 94117, United States",ChIJ1egHZdOHhYARZL9YwcctK_Y,28656,70.4,2120,5.2,204,0.5,4957,12.2,0,0,12173,86.4,2.8,174419,1,1
InoVino,/biz/inovino-san-francisco?osq=Restaurants,94117,0.02559874,4.4,37.7658617,-122.4503678,"108-B Carl St, San Francisco, CA 94117, United States",ChIJXeSsRFSHhYAR8E284l_0VUM,28656,70.4,2120,5.2,204,0.5,4957,12.2,0,0,12173,86.4,2.8,174419,1,0
Zazie,/biz/zazie-san-francisco?osq=Restaurants,94117,0.164259809,4.2,37.7652466,-122.4500002,"941 Cole St, San Francisco, CA 94117, United States",ChIJgSeZU1SHhYARQU-BswtkEiY,28656,70.4,2120,5.2,204,0.5,4957,12.2,0,0,12173,86.4,2.8,174419,1,1
Cafe Reverie,/biz/cafe-reverie-san-francisco?osq=Restaurants,94117,0.0879971153333333,4.8,37.7661174,-122.4498888,"848 Cole St, San Francisco, CA 94117, United States",ChIJJz9KXFSHhYARKuTx7XrA5k4,28656,70.4,2120,5.2,204,0.5,4957,12.2,0,0,12173,86.4,2.8,174419,1,1
Cole Valley Tavern,/biz/cole-valley-tavern-san-francisco?osq=Restaurants,94117,0.0791896503333333,4.1,37.7657223,-122.4497586,"900 Cole St, San Francisco, CA 94117, United States",ChIJ90LVzniHhYARSCPZbaWP-AY,28656,70.4,2120,5.2,204,0.5,4957,12.2,0,0,12173,86.4,2.8,174419,1,1
The House of Hummus,/biz/the-house-of-hummus-san-francisco?osq=Restaurants,94118,0.079944476,3.9,37.7821854,-122.4480204,"5 Masonic Ave, San Francisco, CA 94118, United States",ChIJ5eS5q2-HhYARo3NohyIXPVU,22014,53.1,681,1.6,97,0.2,13753,33.2,72,0.2,7921,86.3,4.3,139043,1,1
Smokin' Warehouse Barbecue,/biz/smokin-warehouse-barbecue-san-francisco-17?osq=Restaurants,94118,0.0744342836666667,4,37.7882366,-122.4476918,"3336 Sacramento St, San Francisco, CA 94118, United States",ChIJpZkYRzOHhYARYYMim8-81V4,22014,53.1,681,1.6,97,0.2,13753,33.2,72,0.2,7921,86.3,4.3,139043,1,0
Presidio Kebab,/biz/presidio-kebab-san-francisco?osq=Restaurants,94115,0.153729750333333,4.6,37.7880728,-122.4468073,"3277 Sacramento St, San Francisco, CA 94115, United States",ChIJLxaD-P2HhYARnkAVV3IkuX4,18358,53.7,3687,10.8,124,0.4,6742,19.7,21,0.1,9017,91.1,3.7,138023,0,1
Cote Ouest Bistro,/biz/cote-ouest-bistro-san-francisco?osq=Restaurants,94123,0.139469217333333,2.8,37.7983317,-122.4460622,"2953 Baker St, San Francisco, CA 94123, United States",ChIJ2SsDlYSBhYARNlV6--dxjHg,20187,77.6,242,0.9,59,0.2,2447,9.4,107,0.4,8563,94.6,2.5,194098,1,1
1428 HAIGHT Patio Cafe & Crepery,/biz/1428-haight-patio-cafe-and-crepery-san-francisco?osq=Restaurants,94117,0.107030875666667,3.9,37.7702476,-122.4459574,"1428 Haight St, San Francisco, CA 94117, United States",ChIJZcIExqyAhYARqLsfdzR85FU,28656,70.4,2120,5.2,204,0.5,4957,12.2,0,0,12173,86.4,2.8,174419,1,1
Amitis Caf%C3%A9,/biz/amitis-caf%C3%A9-san-francisco-2?osq=Restaurants,94117,0.101831968333333,4.5,37.7738524,-122.4459164,"800 Masonic Ave, San Francisco, CA 94117, United States",ChIJJTSHr7KAhYARK00bm8JQihQ,28656,70.4,2120,5.2,204,0.5,4957,12.2,0,0,12173,86.4,2.8,174419,1,1
Automat,/biz/automat-san-francisco-2?osq=Restaurants,94115,0.174402305333333,4.1,37.7772103,-122.4419555,"1801 McAllister St, San Francisco, CA 94115, United States",ChIJ-wf8ycGBhYARgJg9h1jZwNg,18358,53.7,3687,10.8,124,0.4,6742,19.7,21,0.1,9017,91.1,3.7,138023,0,1
Mamanoko,/biz/mamanoko-san-francisco-2?osq=Restaurants,94123,0.136565360333333,4.3,37.8000385,-122.4415291,"2317 Chestnut St, San Francisco, CA 94123, United States",ChIJeXQiItSAhYAR-O1a9npsyI0,20187,77.6,242,0.9,59,0.2,2447,9.4,107,0.4,8563,94.6,2.5,194098,1,1
opa cafe,/biz/opa-cafe-san-francisco?osq=Restaurants,94115,0.107643983333333,4.1,37.783966,-122.441488,"2401 Post St, San Francisco, CA 94115, United States",ChIJ9-Kw-7WAhYAR3edBmWNNZdU,18358,53.7,3687,10.8,124,0.4,6742,19.7,21,0.1,9017,91.1,3.7,138023,0,1
Tataki,/biz/tataki-san-francisco?osq=Restaurants,94115,0.035221768,4.7,37.7878715,-122.4410283,"2827 California St, San Francisco, CA 94115, United States",ChIJ33hHYcmAhYARwjfB2pmcuOA,18358,53.7,3687,10.8,124,0.4,6742,19.7,21,0.1,9017,91.1,3.7,138023,0,1
Roma Antica,/biz/roma-antica-san-francisco-3?osq=Restaurants,94123,0.132497656333333,4.5,37.7998847,-122.4410075,"3242 Scott St, San Francisco, CA 94123, United States",ChIJDRZeoNaAhYARw0Ts88GzCag,20187,77.6,242,0.9,59,0.2,2447,9.4,107,0.4,8563,94.6,2.5,194098,1,1
Routier,/biz/routier-san-francisco?osq=Restaurants,94115,0.172371854666667,4.5,37.7879219,-122.4405873,"2801 California St, San Francisco, CA 94115, United States",ChIJv1wfmMiBhYARaDfRf4DApQ8,18358,53.7,3687,10.8,124,0.4,6742,19.7,21,0.1,9017,91.1,3.7,138023,0,1
B on the Go,/biz/b-on-the-go-san-francisco-4?osq=Restaurants,94115,0.004235297,4,37.7882419,-122.4403094,"2794 California St, San Francisco, CA 94115, United States",ChIJK8MEaMmAhYAR5fIznr7qTo4,18358,53.7,3687,10.8,124,0.4,6742,19.7,21,0.1,9017,91.1,3.7,138023,0,1
Cracked & Battered - Marina,/biz/cracked-and-battered-marina-san-francisco?osq=Restaurants,94123,0.093874002,4.6,37.800489,-122.4401912,"2240 Chestnut St, San Francisco, CA 94123, United States",ChIJZ-jIkSeBhYAR3AKE4Bqnn4g,20187,77.6,242,0.9,59,0.2,2447,9.4,107,0.4,8563,94.6,2.5,194098,1,1
Emmita's Cafe,/biz/emmitas-cafe-san-francisco?osq=Restaurants,94115,0.0497444363333333,4.2,37.7845754,-122.4400886,"1635 Divisadero St #145, San Francisco, CA 94115, United States",ChIJJUukTtaBhYARZik0ZNiSNLU,18358,53.7,3687,10.8,124,0.4,6742,19.7,21,0.1,9017,91.1,3.7,138023,0,1
Nopalito,/biz/nopalito-san-francisco?osq=Restaurants,94117,0.183543841,3.8,37.7732851,-122.4389738,"306 Broderick St, San Francisco, CA 94117, United States",ChIJWdx6WK6AhYARchLwAKyG4-Y,28656,70.4,2120,5.2,204,0.5,4957,12.2,0,0,12173,86.4,2.8,174419,1,1
Brenda's Meat & Three,/biz/brendas-meat-and-three-san-francisco-3?osq=Restaurants,94115,0.151218733,4.2,37.7781721,-122.4387208,"919 Divisadero St, San Francisco, CA 94115, United States",ChIJBZ2nB7GAhYAR1BUmlCHczaw,18358,53.7,3687,10.8,124,0.4,6742,19.7,21,0.1,9017,91.1,3.7,138023,0,1
MaMa Ji's,/biz/mama-jis-san-francisco-2?osq=Restaurants,94114,0.159260763333333,3.8,37.7607671,-122.4387173,"4416 18th St, San Francisco, CA 94114, United States",ChIJk5c5ZQR-j4ARhHCzKVyTxTc,24366,70.7,964,2.8,154,0.4,4777,13.9,105,0.3,6822,89.2,4.3,169459,1,1
Rin's Thai Restaurant,/biz/rins-thai-restaurant-san-francisco?osq=Restaurants,94114,0.0171121043333333,3.8,37.7509339,-122.4386208,"4301 24th St, San Francisco, CA 94114, United States",ChIJK73BNgx-j4ARSNhgRHYD8WA,24366,70.7,964,2.8,154,0.4,4777,13.9,105,0.3,6822,89.2,4.3,169459,1,1
El Rancho Grande,/biz/el-rancho-grande-san-francisco?osq=Restaurants,94117,0.0126929816666667,4.2,37.777561,-122.4385212,"855 Divisadero St, San Francisco, CA 94117, United States",ChIJrQB-rbGAhYAR9UwY0I8pO0E,28656,70.4,2120,5.2,204,0.5,4957,12.2,0,0,12173,86.4,2.8,174419,1,1
Beretta,/biz/beretta-san-francisco?osq=Restaurants,94110,0.038495953,4,37.775804,-122.4382398,"661 Divisadero St, San Francisco, CA 94117, United States",ChIJIRCeTTqBhYARmMp8iZojBT0,35981,50.8,2576,3.6,713,1,10915,15.4,123,0.2,11577,72.1,5.1,143938,0,1
Beretta,/biz/beretta-san-francisco-2?osq=Restaurants,94117,0.188695783333333,4.2,37.775804,-122.4382398,"661 Divisadero St, San Francisco, CA 94117, United States",ChIJIRCeTTqBhYARmMp8iZojBT0,28656,70.4,2120,5.2,204,0.5,4957,12.2,0,0,12173,86.4,2.8,174419,1,1
Firefly Restaurant,/biz/firefly-restaurant-san-francisco-4?osq=Restaurants,94114,0.124037526666667,2.8,37.7511917,-122.4382376,"4288 24th St, San Francisco, CA 94114, United States",ChIJofWUNAx-j4ARnQzSL9SlBq0,24366,70.7,964,2.8,154,0.4,4777,13.9,105,0.3,6822,89.2,4.3,169459,1,1
Che Fico Alimentari,/biz/che-fico-alimentari-san-francisco?osq=Restaurants,94117,0.149775174666667,4.1,37.7774334,-122.4380944,"834 Divisadero St, San Francisco, CA 94117, United States",ChIJY9av7ViBhYAR3ejAF435Xz4,28656,70.4,2120,5.2,204,0.5,4957,12.2,0,0,12173,86.4,2.8,174419,1,1
Zaytoon Mediterranean,/biz/zaytoon-mediterranean-san-francisco-2?osq=Restaurants,94117,0.0171170093333333,4.1,37.775283702292,-122.438064016038,"607 Divisadero St, San Francisco, CA 94117, United States",ChIJG5tfijF5hYAR73gHiNQYbA0,28656,70.4,2120,5.2,204,0.5,4957,12.2,0,0,12173,86.4,2.8,174419,1,1
Hina Yakitori,/biz/hina-yakitori-san-francisco-2?osq=Restaurants,94117,0.021544048,4.5,37.7771297,-122.4380118,"808 Divisadero St, San Francisco, CA 94117, United States",ChIJXzJrpN6BhYARBOVVvS_qvOw,28656,70.4,2120,5.2,204,0.5,4957,12.2,0,0,12173,86.4,2.8,174419,1,1
Jaranita,/biz/jaranita-san-francisco-4?osq=Restaurants,94123,0.207841939666667,4.3,37.8002412,-122.4375457,"3340 Steiner St, San Francisco, CA 94123, United States",ChIJS-HTe-2BhYARVU8Kaan5b4s,20187,77.6,242,0.9,59,0.2,2447,9.4,107,0.4,8563,94.6,2.5,194098,1,1
Nopa,/biz/nopa-san-francisco?osq=Restaurants,94117,0.206775295666667,4.2,37.7749009,-122.4375083,"560 Divisadero St, San Francisco, CA 94117, United States",ChIJ_dQjyK-AhYARBc9DFlxcclg,28656,70.4,2120,5.2,204,0.5,4957,12.2,0,0,12173,86.4,2.8,174419,1,1
Banh Mi Viet,/biz/banh-mi-viet-san-francisco?osq=Restaurants,94117,0.0523571346666667,3.9,37.7744177,-122.4375004,"518 Divisadero St, San Francisco, CA 94117, United States",ChIJRw0ImnGBhYAR_kLyEu_vLX4,28656,70.4,2120,5.2,204,0.5,4957,12.2,0,0,12173,86.4,2.8,174419,1,1
Ragazza,/biz/ragazza-san-francisco?osq=Restaurants,94117,0.159785096333333,4,37.7724494,-122.4374639,"311 Divisadero St, San Francisco, CA 94117, United States",ChIJeVZDPa-AhYARsGb5B7JsJAY,28656,70.4,2120,5.2,204,0.5,4957,12.2,0,0,12173,86.4,2.8,174419,1,0
Horsefeather,/biz/horsefeather-san-francisco-2?osq=Restaurants,94117,0.218326332666667,3.9,37.7744995,-122.4374566,"528 Divisadero St, San Francisco, CA 94117, United States",ChIJBYNPuq-AhYARkLvNM_mLKhk,28656,70.4,2120,5.2,204,0.5,4957,12.2,0,0,12173,86.4,2.8,174419,1,1
That's My Jam,/biz/thats-my-jam-san-francisco?osq=Restaurants,94117,0.152423244333333,4.5,37.7726073,-122.4371241,"324 Divisadero St, San Francisco, CA 94117, United States",ChIJZ8JB27yBhYAR3zpeYmfm8Z0,28656,70.4,2120,5.2,204,0.5,4957,12.2,0,0,12173,86.4,2.8,174419,1,1
The Little Chihuahua,/biz/the-little-chihuahua-san-francisco?osq=Restaurants,94117,0.132786673,3.9,37.7720472,-122.4370344,"292 Divisadero St, San Francisco, CA 94117, United States",ChIJ8y_0Oa-AhYARvwNaeQL0it8,28656,70.4,2120,5.2,204,0.5,4957,12.2,0,0,12173,86.4,2.8,174419,1,1
Mangrove Kitchen,/biz/mangrove-kitchen-san-francisco?osq=Restaurants,94117,0.162708410666667,4,37.7725083,-122.4370142,"312 Divisadero St, San Francisco, CA 94117, United States",ChIJaRUT4YWBhYARndk9vYXUpW4,28656,70.4,2120,5.2,204,0.5,4957,12.2,0,0,12173,86.4,2.8,174419,1,1
Vico Cavone,/biz/vico-cavone-san-francisco?osq=Restaurants,94114,0.177257523666667,4,37.7608802,-122.4369412,"4248 18th St, San Francisco, CA 94114, United States",ChIJo5-0wD5_j4ARVefQnmPZZ3M,24366,70.7,964,2.8,154,0.4,4777,13.9,105,0.3,6822,89.2,4.3,169459,1,0
Ken,/biz/ken-san-francisco?osq=Restaurants,94117,0.018156515,3.3,37.771477,-122.4369169,"252 Divisadero St, San Francisco, CA 94117, United States",ChIJl6amiD-BhYAR2M4TI-tGoUU,28656,70.4,2120,5.2,204,0.5,4957,12.2,0,0,12173,86.4,2.8,174419,1,1
Q's Sandwich Shop,/biz/qs-sandwich-shop-san-francisco?osq=Restaurants,94117,0.056759882,4.9,37.7715791,-122.4368991,"258 Divisadero St, San Francisco, CA 94117, United States",ChIJIQ9hdO6BhYARCFi9O120YRU,28656,70.4,2120,5.2,204,0.5,4957,12.2,0,0,12173,86.4,2.8,174419,1,1
ILCHA,/biz/ilcha-san-francisco?osq=Restaurants,94123,0.168174131666667,4.4,37.7995055,-122.4368309,"2151 Lombard St, San Francisco, CA 94123, United States",ChIJJRkByNCAhYARcT6uozdSsTs,20187,77.6,242,0.9,59,0.2,2447,9.4,107,0.4,8563,94.6,2.5,194098,1,0
Nippon Curry featuring Hinoya Curry,/biz/nippon-curry-featuring-hinoya-curry-san-francisco?osq=Restaurants,94123,0.064471509,4.2,37.8004898,-122.4364719,"3347 Fillmore St, San Francisco, CA 94123, United States",ChIJy9yewFKBhYARuMwIi9hy0z0,20187,77.6,242,0.9,59,0.2,2447,9.4,107,0.4,8563,94.6,2.5,194098,1,0
Dash Japanese Tapas & Sushi,/biz/dash-japanese-tapas-and-sushi-san-francisco?osq=Restaurants,94114,0.140627946333333,4.9,37.7515165,-122.4361741,"737 Diamond St, San Francisco, CA 94114, United States",ChIJR06YrW9_j4ARVFjz4RFPPO8,24366,70.7,964,2.8,154,0.4,4777,13.9,105,0.3,6822,89.2,4.3,169459,1,0
Diamond Cafe,/biz/diamond-cafe-san-francisco?osq=Restaurants,94114,0.0683572263333333,2.8,37.7512849,-122.4361518,"751 Diamond St, San Francisco, CA 94114, United States",ChIJwwBtkg1-j4ARNAU_kCNTPy8,24366,70.7,964,2.8,154,0.4,4777,13.9,105,0.3,6822,89.2,4.3,169459,1,0
Bon AppeTikka,/biz/bon-appetikka-san-francisco-3?osq=Restaurants,94114,0.026946528,4.3,37.751312,-122.4355664,"4166 24th St, San Francisco, CA 94114, United States",ChIJc9dzSFZ_j4ARKfFl-_Co07o,24366,70.7,964,2.8,154,0.4,4777,13.9,105,0.3,6822,89.2,4.3,169459,1,1
Bhoga,/biz/bhoga-san-francisco-2?osq=Restaurants,94114,0.0344407953333333,4.2,37.7613904,-122.435237,"468 Castro St, San Francisco, CA 94114, United States",ChIJA2rxc9R_j4ARYUjBySyT6QY,24366,70.7,964,2.8,154,0.4,4777,13.9,105,0.3,6822,89.2,4.3,169459,1,0
Blush!,/biz/blush-san-francisco?osq=Restaurants,94114,0.038575274,3.9,37.7612865,-122.4352265,"476 Castro St, San Francisco, CA 94114, United States",ChIJpyuHNRt-j4ARi-WLHR3Fsto,24366,70.7,964,2.8,154,0.4,4777,13.9,105,0.3,6822,89.2,4.3,169459,1,0
Wasabi Bistro,/biz/wasabi-bistro-san-francisco?osq=Restaurants,94114,0.065891019,4.2,37.7604207,-122.4351774,"524 Castro St, San Francisco, CA 94114, United States",ChIJATa0Lht-j4ARYhqlmWOC4qY,24366,70.7,964,2.8,154,0.4,4777,13.9,105,0.3,6822,89.2,4.3,169459,1,1
Castro Tarts,/biz/castro-tarts-san-francisco-2?osq=Restaurants,94114,0.061092187,4.3,37.7599065,-122.4351341,"564 Castro St, San Francisco, CA 94114, United States",ChIJWVcw0Rp-j4ARbOt3bk2q1C4,24366,70.7,964,2.8,154,0.4,4777,13.9,105,0.3,6822,89.2,4.3,169459,1,1
Heroic Italian,/biz/heroic-italian-san-francisco-2?osq=Restaurants,94114,0.097390841,4.4,37.7597601,-122.4351314,"572 Castro St, San Francisco, CA 94114, United States",ChIJ0Qe-UNt_j4ARzWOguPXzYmw,24366,70.7,964,2.8,154,0.4,4777,13.9,105,0.3,6822,89.2,4.3,169459,1,1
Sweet Maple,/biz/sweet-maple-san-francisco?osq=Restaurants,94115,0.176509775,4.3,37.7857082,-122.4351203,"2101 Sutter St, San Francisco, CA 94115, United States",ChIJMT5TG7iAhYAREDkkUYkUSYg,18358,53.7,3687,10.8,124,0.4,6742,19.7,21,0.1,9017,91.1,3.7,138023,0,0
Sweet Lime Thai Cuisine,/biz/sweet-lime-thai-cuisine-san-francisco?osq=Restaurants,94115,0.101678361333333,4.6,37.7860026,-122.4351187,"2100 Sutter St, San Francisco, CA 94115, United States",ChIJnY6JA7iAhYARtc3_NHI6xtM,18358,53.7,3687,10.8,124,0.4,6742,19.7,21,0.1,9017,91.1,3.7,138023,0,0
Fable,/biz/fable-san-francisco?osq=Restaurants,94114,0.236492310333333,4.1,37.7599538,-122.4351122,"558 Castro St, San Francisco, CA 94114, United States",ChIJ369T0Rp-j4ARftWt7DRMdo4,24366,70.7,964,2.8,154,0.4,4777,13.9,105,0.3,6822,89.2,4.3,169459,1,1
Cafe De Casa,/biz/cafe-de-casa-san-francisco-4?osq=Restaurants,94114,0.146505047,4.6,37.7623385,-122.4348101,"3985 17th St, San Francisco, CA 94114, United States",ChIJPWoYgzd_j4AR7PrwT99dxNc,24366,70.7,964,2.8,154,0.4,4777,13.9,105,0.3,6822,89.2,4.3,169459,1,0
Tanglad,/biz/tanglad-san-francisco?osq=Restaurants,94114,0.207972211,4.6,37.7615065,-122.4348082,"469 Castro St, San Francisco, CA 94114, United States",ChIJ8yaO_wp_j4ARR8OC2vZFF5g,24366,70.7,964,2.8,154,0.4,4777,13.9,105,0.3,6822,89.2,4.3,169459,1,1
Anchor Oyster Bar,/biz/anchor-oyster-bar-san-francisco?osq=Restaurants,94114,0.157778966333333,4.5,37.7596952,-122.4347588,"579 Castro St, San Francisco, CA 94114, United States",ChIJwRgt0Bp-j4ARfsBKlfJ4v1M,24366,70.7,964,2.8,154,0.4,4777,13.9,105,0.3,6822,89.2,4.3,169459,1,0
Wicked 6 Bar & Bites,/biz/wicked-6-bar-and-bites-san-francisco-2?osq=Restaurants,94114,0.114382354666667,4.8,37.7611022,-122.4346032,"4092 18th St, San Francisco, CA 94114, United States",ChIJvfHOLTF_j4AR-vn77wG2HQ8,24366,70.7,964,2.8,154,0.4,4777,13.9,105,0.3,6822,89.2,4.3,169459,1,0
Lupa Trattoria,/biz/lupa-trattoria-san-francisco?osq=Restaurants,94114,0.0853390413333333,4.1,37.7511541,-122.434547,"4109 24th St, San Francisco, CA 94114, United States",ChIJcZIFZRJ-j4ARqh74LBAr2Po,24366,70.7,964,2.8,154,0.4,4777,13.9,105,0.3,6822,89.2,4.3,169459,1,0
HOT JOHNNIE'S,/biz/hot-johnnie-s-san-francisco?osq=Restaurants,94114,0.158818613,4.7,37.7608309,-122.4344941,"4077 18th St, San Francisco, CA 94114, United States",ChIJV5BrYp5_j4ARzK7UJsl4Qc4,24366,70.7,964,2.8,154,0.4,4777,13.9,105,0.3,6822,89.2,4.3,169459,1,1
The Snug,/biz/the-snug-san-francisco?osq=Restaurants,94115,0.328489433,4,37.7908403,-122.4343793,"2301 Fillmore St, San Francisco, CA 94115, United States",ChIJ-_7qDsaAhYARKG4Gj6yw2ho,18358,53.7,3687,10.8,124,0.4,6742,19.7,21,0.1,9017,91.1,3.7,138023,0,0
Poesia,/biz/poesia-san-francisco?osq=Restaurants,94114,0.134828549333333,4.5,37.7611211,-122.4343513,"4072 18th St, San Francisco, CA 94114, United States",ChIJKUx3PBt-j4ARoP2S2YVI8NE,24366,70.7,964,2.8,154,0.4,4777,13.9,105,0.3,6822,89.2,4.3,169459,1,0
Poesia Caf%C3%A9,/biz/poesia-caf%C3%A9-san-francisco?osq=Restaurants,94114,0.0088782743333333,3.9,37.7611211,-122.4343513,"4072 18th St, San Francisco, CA 94114, United States",ChIJKUx3PBt-j4ARoP2S2YVI8NE,24366,70.7,964,2.8,154,0.4,4777,13.9,105,0.3,6822,89.2,4.3,169459,1,0
Pizzeria Delfina - Pacific Heights,/biz/pizzeria-delfina-pacific-heights-san-francisco?osq=Restaurants,94115,0.122880492,3.9,37.7889807,-122.4343217,"2406 California St, San Francisco, CA 94115, United States",ChIJ4zlZM8aAhYARRTqiavm0Xcs,18358,53.7,3687,10.8,124,0.4,6742,19.7,21,0.1,9017,91.1,3.7,138023,0,0
Birch & Rye,/biz/birch-and-rye-san-francisco-2?osq=Restaurants,94114,0.112733837666667,3.9,37.7509101,-122.4342714,"1320 Castro St, San Francisco, CA 94114, United States",ChIJQ6Z_bkR_j4ARN9KgrmqrPEs,24366,70.7,964,2.8,154,0.4,4777,13.9,105,0.3,6822,89.2,4.3,169459,1,0
Lark,/biz/lark-san-francisco-2?osq=Restaurants,94114,0.141338786,4,37.7610908,-122.4342546,"4068 18th St, San Francisco, CA 94114, United States",ChIJU4vRPBt-j4AR6-UHDqsgoy0,24366,70.7,964,2.8,154,0.4,4777,13.9,105,0.3,6822,89.2,4.3,169459,1,0
Blind Butcher,/biz/blind-butcher-san-francisco-2?osq=Restaurants,94114,0.172025646333333,4.1,37.7611311,-122.4341746,"4058 18th St A, San Francisco, CA 94114, United States",ChIJ2eGrYB9_j4ARQ20xMQCbGiM,24366,70.7,964,2.8,154,0.4,4777,13.9,105,0.3,6822,89.2,4.3,169459,1,1
Troya,/biz/troya-san-francisco-3?osq=Restaurants,94115,0.153595975666667,3.9,37.7893985,-122.4341527,"2125 Fillmore St, San Francisco, CA 94115, United States",ChIJZUcfNsaAhYARZ4b7QZiwaRc,18358,53.7,3687,10.8,124,0.4,6742,19.7,21,0.1,9017,91.1,3.7,138023,0,1
Jane on Fillmore,/biz/jane-on-fillmore-san-francisco-2?osq=Restaurants,94115,0.106763607,3.9,37.7893607,-122.4341389,"2123 Fillmore St, San Francisco, CA 94115, United States",ChIJ7ctrNsaAhYARdwAVqJAAjlQ,18358,53.7,3687,10.8,124,0.4,6742,19.7,21,0.1,9017,91.1,3.7,138023,0,1
The Tailor's Son,/biz/the-tailors-son-san-francisco?osq=Restaurants,94115,0.226194599666667,4.1,37.7886107,-122.4340502,"2049 Fillmore St, San Francisco, CA 94115, United States",ChIJywavgtqBhYARA9MeXMJWREA,18358,53.7,3687,10.8,124,0.4,6742,19.7,21,0.1,9017,91.1,3.7,138023,0,0
Tacorgasmico,/biz/tacorgasmico-san-francisco-2?osq=Restaurants,94114,0.101858994333333,4,37.7632756,-122.433836,"2337 Market St, San Francisco, CA 94114, United States",ChIJJ2TnmBx-j4ARpk5wewbcSYc,24366,70.7,964,2.8,154,0.4,4777,13.9,105,0.3,6822,89.2,4.3,169459,1,1
Noosh,/biz/noosh-san-francisco?osq=Restaurants,94115,0.068200829,3.4,37.7880414,-122.4338098,"2001 Fillmore St, San Francisco, CA 94115, United States",ChIJhyFhqpCBhYARKlrgo8g4cEA,18358,53.7,3687,10.8,124,0.4,6742,19.7,21,0.1,9017,91.1,3.7,138023,0,0
Super Duper Burgers,/biz/super-duper-burgers-san-francisco-4?osq=Restaurants,94114,0.0751343003333333,4,37.7640394,-122.4337128,"2304 Market St, San Francisco, CA 94114, United States",ChIJE8IQlBx-j4ARurzdrE3v_Lk,24366,70.7,964,2.8,154,0.4,4777,13.9,105,0.3,6822,89.2,4.3,169459,1,0
MaMo,/biz/mamo-san-francisco?osq=Restaurants,94123,0.14434448,4.3,37.8038361,-122.4336798,"3659 Buchanan St, San Francisco, CA 94123, United States",ChIJoVEAqcGBhYARkuDyPliiSlk,20187,77.6,242,0.9,59,0.2,2447,9.4,107,0.4,8563,94.6,2.5,194098,1,0
Bonita Taqueria Y Rotisserie,/biz/bonita-taqueria-y-rotisserie-san-francisco-3?osq=Restaurants,94114,0.096703127,3.9,37.7643342,-122.433563,"3600 16th St, San Francisco, CA 94114, United States",ChIJadJlfGV_j4AR6JGDm-vUxis,24366,70.7,964,2.8,154,0.4,4777,13.9,105,0.3,6822,89.2,4.3,169459,1,1
Otra,/biz/otra-san-francisco-3?osq=Restaurants,94117,0.217598753,4.5,37.7718487,-122.4334671,"682 Haight St, San Francisco, CA 94117, United States",ChIJn9ZvU6qBhYARJAR_zFFWuP8,28656,70.4,2120,5.2,204,0.5,4957,12.2,0,0,12173,86.4,2.8,174419,1,1
La Mediterranee,/biz/la-mediterranee-san-francisco-8?osq=Restaurants,94115,0.0042189463333333,4.2,37.7644861,-122.4333556,"288 Noe St, San Francisco, CA 94114, United States",ChIJ5zBG8hx-j4ARMlRDyaao1os,18358,53.7,3687,10.8,124,0.4,6742,19.7,21,0.1,9017,91.1,3.7,138023,0,1
La Mediterranee,/biz/la-mediterranee-san-francisco-7?osq=Restaurants,94114,0.012713516,3.9,37.7644861,-122.4333556,"288 Noe St, San Francisco, CA 94114, United States",ChIJ5zBG8hx-j4ARMlRDyaao1os,24366,70.7,964,2.8,154,0.4,4777,13.9,105,0.3,6822,89.2,4.3,169459,1,1
Village Rotisserie,/biz/village-rotisserie-san-francisco-4?osq=Restaurants,94114,0.111759230666667,4,37.7512497,-122.433258,"4063 24th St, San Francisco, CA 94114, United States",ChIJw4Gvn21_j4ARiAu_ba6YLb4,24366,70.7,964,2.8,154,0.4,4777,13.9,105,0.3,6822,89.2,4.3,169459,1,0
The Anchovy Bar,/biz/the-anchovy-bar-san-francisco?osq=Restaurants,94115,0.0301725306666667,4.2,37.7834015,-122.4332076,"1740 O'Farrell St, San Francisco, CA 94115, United States",ChIJN1jrY56BhYAROCDrviZM73k,18358,53.7,3687,10.8,124,0.4,6742,19.7,21,0.1,9017,91.1,3.7,138023,0,1
Kitchen Woori,/biz/kitchen-woori-san-francisco?osq=Restaurants,94115,0.027441869,2.9,37.7838476,-122.4330165,"1545 Fillmore St, San Francisco, CA 94115, United States",ChIJt88jTTGBhYAR8OErj8psu7A,18358,53.7,3687,10.8,124,0.4,6742,19.7,21,0.1,9017,91.1,3.7,138023,0,1
L'Ardoise Bistro,/biz/l-ardoise-bistro-san-francisco?osq=Restaurants,94114,0.148830558,4.5,37.7665737,-122.4330147,"151 Noe St, San Francisco, CA 94114, United States",ChIJ59pRbR1-j4ARKfQUFqmo33o,24366,70.7,964,2.8,154,0.4,4777,13.9,105,0.3,6822,89.2,4.3,169459,1,1
State Bird Provisions,/biz/state-bird-provisions-san-francisco?osq=Restaurants,94115,0.155585459,4.2,37.7836806,-122.4330028,"1529 Fillmore St, San Francisco, CA 94115, United States",ChIJQ7kGpLmAhYARKeCe2pDobWk,18358,53.7,3687,10.8,124,0.4,6742,19.7,21,0.1,9017,91.1,3.7,138023,0,0
Palm House,/biz/palm-house-san-francisco?osq=Restaurants,94123,0.085732734,3.9,37.7976358,-122.4328896,"2032 Union St, San Francisco, CA 94123, United States",ChIJtX1s3tqAhYAR8RDMpH2eHbw,20187,77.6,242,0.9,59,0.2,2447,9.4,107,0.4,8563,94.6,2.5,194098,1,1
Dumpling House,/biz/dumpling-house-san-francisco?osq=Restaurants,94114,0.379695898666667,4.3,37.7635606,-122.4328039,"335 Noe St, San Francisco, CA 94114, United States",ChIJidaiT9N_j4ARM84-udN1z2s,24366,70.7,964,2.8,154,0.4,4777,13.9,105,0.3,6822,89.2,4.3,169459,1,1
Shabusen Authentic Japanese Shabu Shabu,/biz/shabusen-authentic-japanese-shabu-shabu-san-francisco-5?osq=Restaurants,94115,0.0922906143333333,4.1,37.782449,-122.4326928,"1401 Fillmore St, San Francisco, CA 94115, United States",ChIJo0r4gLmAhYARzkQqz2lPv-E,18358,53.7,3687,10.8,124,0.4,6742,19.7,21,0.1,9017,91.1,3.7,138023,0,1
Merchant Roots,/biz/merchant-roots-san-francisco?osq=Restaurants,94115,0.0171178086666667,4.7,37.7820748,-122.4326567,"1365 Fillmore St, San Francisco, CA 94115, United States",ChIJdzrG1LuAhYARwq4upU3rdw8,18358,53.7,3687,10.8,124,0.4,6742,19.7,21,0.1,9017,91.1,3.7,138023,0,0
Scott's Chowder House,/biz/scott-s-chowder-house-san-francisco?osq=Restaurants,94115,0.131325663,4.4,37.7819622,-122.4326419,"1325 Fillmore St, San Francisco, CA 94115, United States",ChIJWU_CcxGBhYARjC7YcMZbw28,18358,53.7,3687,10.8,124,0.4,6742,19.7,21,0.1,9017,91.1,3.7,138023,0,1
Bansang,/biz/bansang-san-francisco-3?osq=Restaurants,94115,0.148452310333333,4.1,37.7840967,-122.4326346,"1560 Fillmore St, San Francisco, CA 94115, United States",ChIJ354nKUKBhYARoBM0TlVYt5E,18358,53.7,3687,10.8,124,0.4,6742,19.7,21,0.1,9017,91.1,3.7,138023,0,0
Starbelly,/biz/starbelly-san-francisco?osq=Restaurants,94114,0.453917335666667,3.8,37.7641605,-122.4326144,"3583 16th St, San Francisco, CA 94114, United States",ChIJs6YBYhx-j4AR4LUJq9SFQt0,24366,70.7,964,2.8,154,0.4,4777,13.9,105,0.3,6822,89.2,4.3,169459,1,1
Flores,/biz/flores-san-francisco?osq=Restaurants,94123,0.140074627666667,4.6,37.7976161,-122.4325806,"2030 Union St, San Francisco, CA 94123, United States",ChIJA9Sm39qAhYAROoPf_BHbBlY,20187,77.6,242,0.9,59,0.2,2447,9.4,107,0.4,8563,94.6,2.5,194098,1,0
Vive La Tarte,/biz/vive-la-tarte-san-francisco-5?osq=Restaurants,94114,0.0610711023333333,3.9,37.7514997,-122.4325566,"4026 24th St, San Francisco, CA 94114, United States",ChIJScPJx6B_j4ARf5kqtF8dJ8c,24366,70.7,964,2.8,154,0.4,4777,13.9,105,0.3,6822,89.2,4.3,169459,1,1
Canela Bistro & Wine Bar,/biz/canela-bistro-and-wine-bar-san-francisco?osq=Restaurants,94114,0.0376440033333333,4.3,37.7649365,-122.432551,"2272 Market St, San Francisco, CA 94114, United States",ChIJh8PT9xx-j4ARqcz9si6Mv-E,24366,70.7,964,2.8,154,0.4,4777,13.9,105,0.3,6822,89.2,4.3,169459,1,1
Arang,/biz/arang-san-francisco?osq=Restaurants,94115,0.158111673333333,4.6,37.7835633,-122.4323464,"1506 Fillmore St, San Francisco, CA 94115, United States",ChIJO6-jn7mAhYARsf7sUl066is,18358,53.7,3687,10.8,124,0.4,6742,19.7,21,0.1,9017,91.1,3.7,138023,0,0
Pa'ina Lounge & Restaurant,/biz/paina-lounge-and-restaurant-san-francisco?osq=Restaurants,94115,0.0085221143333333,3.9,37.7849896,-122.4323324,"1865 Post St, San Francisco, CA 94115, United States",ChIJv8b_-LiAhYAR7pOc3SMANNo,18358,53.7,3687,10.8,124,0.4,6742,19.7,21,0.1,9017,91.1,3.7,138023,0,0
Frances,/biz/frances-san-francisco?osq=Restaurants,94114,0.15751432,4.3,37.7627991,-122.4322474,"3870 17th St, San Francisco, CA 94114, United States",ChIJky2knBt-j4ARXAdR3-GAWM8,24366,70.7,964,2.8,154,0.4,4777,13.9,105,0.3,6822,89.2,4.3,169459,1,1
Pancake Boy,/biz/pancake-boy-san-francisco?osq=Restaurants,94114,0.0471666966666667,4.7,37.7513213,-122.4321812,"4007 24th St, San Francisco, CA 94114, United States",ChIJd9dRZRN-j4ARD1I5IoANJbc,24366,70.7,964,2.8,154,0.4,4777,13.9,105,0.3,6822,89.2,4.3,169459,1,0
Radhaus,/biz/radhaus-san-francisco-4?osq=Restaurants,94123,0.0805730373333333,4.7,37.8064484,-122.4321771,"2 Marina Blvd BUILDING A, San Francisco, CA 94123, United States",ChIJjcRpJhSBhYAROjbxgHdKT6U,20187,77.6,242,0.9,59,0.2,2447,9.4,107,0.4,8563,94.6,2.5,194098,1,1
NOVY Restaurant,/biz/novy-restaurant-san-francisco-6?osq=Restaurants,94114,0.157679353333333,4,37.7515252,-122.4321315,"4000 24th St, San Francisco, CA 94114, United States",ChIJ7QTyqRN-j4ARLHT2CywiO84,24366,70.7,964,2.8,154,0.4,4777,13.9,105,0.3,6822,89.2,4.3,169459,1,1
Udon Mugizo,/biz/udon-mugizo-san-francisco-11?osq=Restaurants,94115,0.17139788,4,37.7849587,-122.4321287,"1581 Webster St #217, San Francisco, CA 94115, United States",ChIJNx4Y_LiAhYARFI7FDc60IAc,18358,53.7,3687,10.8,124,0.4,6742,19.7,21,0.1,9017,91.1,3.7,138023,0,1
Greens Restaurant,/biz/greens-restaurant-san-francisco-5?osq=Restaurants,94123,0.0298620176666667,4.7,37.8066623,-122.4321059,"Building A, 2 Marina Blvd, San Francisco, CA 94123, United States",ChIJceeAXt6AhYARur0rWLmvt1A,20187,77.6,242,0.9,59,0.2,2447,9.4,107,0.4,8563,94.6,2.5,194098,1,1
Cafe R%C3%A9veille,/biz/cafe-r%C3%A9veille-san-francisco-8?osq=Restaurants,94117,0.121723621,5,37.7710495,-122.4320581,"201 Steiner St, San Francisco, CA 94117, United States",ChIJ74VF-qaAhYARb0YeIN1ZqEA,28656,70.4,2120,5.2,204,0.5,4957,12.2,0,0,12173,86.4,2.8,174419,1,1
IZUMIYA,/biz/izumiya-san-francisco-2?osq=Restaurants,94115,0.02573414,4,37.7851509,-122.4320399,"1581 Webster St #270, San Francisco, CA 94115, United States",ChIJZ8d24biAhYARL_Xdnetu_iA,18358,53.7,3687,10.8,124,0.4,6742,19.7,21,0.1,9017,91.1,3.7,138023,0,0
Marufuku Ramen,/biz/marufuku-ramen-san-francisco-5?osq=Restaurants,94115,0.634914599666667,4.4,37.7851005,-122.4320079,"1581 Webster St #235, San Francisco, CA 94115, United States",ChIJsYdOvCx-j4ARJItjWBikyOk,18358,53.7,3687,10.8,124,0.4,6742,19.7,21,0.1,9017,91.1,3.7,138023,0,1
Dinosaurs,/biz/dinosaurs-san-francisco-4?osq=Restaurants,94114,0.109562326333333,3.9,37.7644519,-122.4319773,"2275 Market St, San Francisco, CA 94114, United States",ChIJ3fyEjqeAj4ARtLKCgtCC7AY,24366,70.7,964,2.8,154,0.4,4777,13.9,105,0.3,6822,89.2,4.3,169459,1,0
Santeria,/biz/santeria-san-francisco?osq=Restaurants,94114,0.276298672,4.5,37.764922,-122.4318913,"2251 Market St, San Francisco, CA 94114, United States",ChIJDdvUnv5_j4ARMHcLhGlVxVo,24366,70.7,964,2.8,154,0.4,4777,13.9,105,0.3,6822,89.2,4.3,169459,1,0
Uva Enoteca,/biz/uva-enoteca-san-francisco?osq=Restaurants,94117,0.0385453533333333,3.8,37.7720958,-122.4315968,"568 Haight St, San Francisco, CA 94117, United States",ChIJNaVGk6aAhYARYeQRy60bAqs,28656,70.4,2120,5.2,204,0.5,4957,12.2,0,0,12173,86.4,2.8,174419,1,0
Copas,/biz/copas-san-francisco?osq=Restaurants,94114,0.0829449486666667,4.5,37.7651206,-122.4313774,"2223 Market St, San Francisco, CA 94114, United States",ChIJ10mZOyh_j4ARE6EVkqh51zA,24366,70.7,964,2.8,154,0.4,4777,13.9,105,0.3,6822,89.2,4.3,169459,1,0
Berliner Berliner,/biz/berliner-berliner-san-francisco?osq=Restaurants,94117,0.038611522,4.5,37.7719194,-122.4311817,"545 Haight St, San Francisco, CA 94117, United States",ChIJNWYfODGBhYARrRHo416xM8E,28656,70.4,2120,5.2,204,0.5,4957,12.2,0,0,12173,86.4,2.8,174419,1,1
Saucy Asian,/biz/saucy-asian-san-francisco-2?osq=Restaurants,94114,0.160404675666667,4.3,37.7626531,-122.4309024,"3801 17th St, San Francisco, CA 94114, United States",ChIJYwRy6ht-j4ARFAjMkLksBP8,24366,70.7,964,2.8,154,0.4,4777,13.9,105,0.3,6822,89.2,4.3,169459,1,0
Perilla,/biz/perilla-san-francisco-2?osq=Restaurants,94122,0.160851986333333,4,37.7718749,-122.430865,"525 Haight St, San Francisco, CA 94117, United States",ChIJbZH04-OBhYARjessDjNB0z8,23348,38.8,1140,1.9,125,0.2,27067,45,480,0.8,9495,80,5.4,130708,1,1
Nara Restaurant & Sake Bar,/biz/nara-restaurant-and-sake-bar-san-francisco?osq=Restaurants,94117,0.146355333333333,4.5,37.7722008,-122.4308463,"518 Haight St, San Francisco, CA 94117, United States",ChIJoRtRv6aAhYARyu0Z7MrFBWk,28656,70.4,2120,5.2,204,0.5,4957,12.2,0,0,12173,86.4,2.8,174419,1,1
Willkommen,/biz/willkommen-san-francisco-3?osq=Restaurants,94114,0.108587889333333,4.5,37.766346,-122.4308256,"2198 Market St, San Francisco, CA 94114, United States",ChIJE_JhmbN_j4ARYh6W1Y4Ioms,24366,70.7,964,2.8,154,0.4,4777,13.9,105,0.3,6822,89.2,4.3,169459,1,1
Purple Rice,/biz/purple-rice-san-francisco?osq=Restaurants,94117,0.223423005333333,4.3,37.7719418,-122.4307763,"509 Haight St, San Francisco, CA 94117, United States",ChIJBQXY2L-BhYARamWuJe73iNI,28656,70.4,2120,5.2,204,0.5,4957,12.2,0,0,12173,86.4,2.8,174419,1,1
Eiji,/biz/eiji-san-francisco?osq=Restaurants,94114,0.0992417126666667,4,37.7640639,-122.4307292,"317 Sanchez St, San Francisco, CA 94114, United States",ChIJoRHxCxx-j4ARxvzlXQFASuM,24366,70.7,964,2.8,154,0.4,4777,13.9,105,0.3,6822,89.2,4.3,169459,1,1
Kitchen Story,/biz/kitchen-story-san-francisco?osq=Restaurants,94114,0.178849208333333,4.1,37.7642741,-122.4307241,"3499 16th St, San Francisco, CA 94114, United States",ChIJ_wloDhx-j4AR636PeyqpwKY,24366,70.7,964,2.8,154,0.4,4777,13.9,105,0.3,6822,89.2,4.3,169459,1,0
Ly's Vietnamese Cuisine,/biz/lys-vietnamese-cuisine-san-francisco?osq=Restaurants,94123,0.029746483,4,37.8003933,-122.4306817,"1779 Lombard St, San Francisco, CA 94123, United States",ChIJRSqLkNuAhYARgIFsj9GUrq4,20187,77.6,242,0.9,59,0.2,2447,9.4,107,0.4,8563,94.6,2.5,194098,1,1
YH-Beijing,/biz/yh-beijing-san-francisco-9?osq=Restaurants,94117,0.120994736666667,4.4,37.7721917,-122.4306187,"500 Haight St, San Francisco, CA 94117, United States",ChIJ5Z8qxqaAhYARm_WgusAlTrU,28656,70.4,2120,5.2,204,0.5,4957,12.2,0,0,12173,86.4,2.8,174419,1,1
Iza Ramen Lower Haight,/biz/iza-ramen-lower-haight-san-francisco?osq=Restaurants,94117,0.0085091713333333,4,37.7717801,-122.4305256,"237 Fillmore St, San Francisco, CA 94117, United States",ChIJ70Xwz6aAhYARmM82do-7NEM,28656,70.4,2120,5.2,204,0.5,4957,12.2,0,0,12173,86.4,2.8,174419,1,1
Wooden Spoon,/biz/wooden-spoon-san-francisco?osq=Restaurants,94114,0.178416058333333,4,37.7666508,-122.4304698,"2172 Market St, San Francisco, CA 94114, United States",ChIJB7_2ReF_j4ARs6lccUeGRwo,24366,70.7,964,2.8,154,0.4,4777,13.9,105,0.3,6822,89.2,4.3,169459,1,0
Yuji,/biz/yuji-san-francisco?osq=Restaurants,94115,0.0405282883333333,4.9,37.7857723,-122.4301334,"1700 Post St k, San Francisco, CA 94115, United States",ChIJoXZ6aUuBhYAR2Zgh-8AH7xE,18358,53.7,3687,10.8,124,0.4,6742,19.7,21,0.1,9017,91.1,3.7,138023,0,1
Hinodeya Ramen Bar,/biz/hinodeya-ramen-bar-san-francisco?osq=Restaurants,94115,0.149737513,4.2,37.7862424,-122.430058,"1737 Buchanan St, San Francisco, CA 94115, United States",ChIJ0yhhzriAhYAR-2lnzuizNZM,18358,53.7,3687,10.8,124,0.4,6742,19.7,21,0.1,9017,91.1,3.7,138023,0,1
Bacco,/biz/bacco-san-francisco?osq=Restaurants,94114,0.145556587,4.2,37.7514526,-122.4300389,"3913 24th St, San Francisco, CA 94114, United States",ChIJdf9H7Q1-j4ARz1jC11ruXDc,24366,70.7,964,2.8,154,0.4,4777,13.9,105,0.3,6822,89.2,4.3,169459,1,1
The Laundromat,/biz/the-laundromat-san-francisco?osq=Restaurants,94121,0.0181436116666667,4.8,37.7761416,-122.4298342,"800 Hayes St, San Francisco, CA 94117, United States",ChIJ6WaNf6OAhYARUJeN616KhFs,20005,45.5,763,1.7,68,0.2,18297,41.6,6,0,5747,78.4,5.4,116970,1,0
Hoshinoya,/biz/hoshinoya-san-francisco?osq=Restaurants,94115,0.133667921333333,4.2,37.7861951,-122.4297953,"1740 Buchanan St, San Francisco, CA 94115, United States",ChIJacEKuHKBhYARZJk42AAA_6g,18358,53.7,3687,10.8,124,0.4,6742,19.7,21,0.1,9017,91.1,3.7,138023,0,1
KAIY%C5%8C Cow Hollow,/biz/kaiy%C5%8D-cow-hollow-san-francisco?osq=Restaurants,94123,0.038486671,4.1,37.7979908,-122.4296519,"1838 Union St, San Francisco, CA 94123, United States",ChIJ4RXs7X-BhYAR08JJs5ZVHXM,20187,77.6,242,0.9,59,0.2,2447,9.4,107,0.4,8563,94.6,2.5,194098,1,0
Roaming Goat,/biz/roaming-goat-san-francisco?osq=Restaurants,94123,0.0442329653333333,4.1,37.797971,-122.4295229,"1830 Union St, San Francisco, CA 94123, United States",ChIJgdmfLjOBhYAR7Vxiy37kloM,20187,77.6,242,0.9,59,0.2,2447,9.4,107,0.4,8563,94.6,2.5,194098,1,0
Kui Shin Bo,/biz/kui-shin-bo-san-francisco-2?osq=Restaurants,94115,0.117991208333333,3.8,37.7853725,-122.4294569,"22 Peace Plaza #2, 22 Peace Plz, San Francisco, CA 94115, United States",ChIJN0l8xL6AhYARrlT2wxyRP24,18358,53.7,3687,10.8,124,0.4,6742,19.7,21,0.1,9017,91.1,3.7,138023,0,1
Beit Rima,/biz/beit-rima-san-francisco-3?osq=Restaurants,94114,0.171038438333333,4.5,37.7687195,-122.429274,"138 Church St, San Francisco, CA 94114, United States",ChIJl9NqEC1_j4ARE2Xf-ZIztFM,24366,70.7,964,2.8,154,0.4,4777,13.9,105,0.3,6822,89.2,4.3,169459,1,0
Beit Rima,/biz/beit-rima-san-francisco-4?osq=Restaurants,94117,0.282673411666667,4.4,37.7687195,-122.429274,"138 Church St, San Francisco, CA 94114, United States",ChIJl9NqEC1_j4ARE2Xf-ZIztFM,28656,70.4,2120,5.2,204,0.5,4957,12.2,0,0,12173,86.4,2.8,174419,1,0
Kibatsu,/biz/kibatsu-san-francisco?osq=Restaurants,94117,0.0214246966666667,4.4,37.7724837,-122.4290069,"400 Haight St, San Francisco, CA 94117, United States",ChIJ_6lGs5OBhYARMZbrb4T5Os4,28656,70.4,2120,5.2,204,0.5,4957,12.2,0,0,12173,86.4,2.8,174419,1,0
Saru Sushi Bar - Noe Valley,/biz/saru-sushi-bar-noe-valley-san-francisco-3?osq=Restaurants,94114,0.0172188166666667,4.2,37.7517086,-122.4288385,"3856 24th St, San Francisco, CA 94114, United States",ChIJsSI8kRR-j4ARGA_QES97YLo,24366,70.7,964,2.8,154,0.4,4777,13.9,105,0.3,6822,89.2,4.3,169459,1,0
Billingsgate,/biz/billingsgate-san-francisco?osq=Restaurants,94114,0.107860035,4.6,37.751541,-122.4287947,"3859 24th St, San Francisco, CA 94114, United States",ChIJCYfGUyF_j4ARYBrD_S9XlsU,24366,70.7,964,2.8,154,0.4,4777,13.9,105,0.3,6822,89.2,4.3,169459,1,0
Daeho Kalbijjim & Beef Soup,/biz/daeho-kalbijjim-and-beef-soup-san-francisco-9?osq=Restaurants,94115,0.175723402,4.5,37.7858532,-122.4285577,"1620 Post St, San Francisco, CA 94115, United States",ChIJVf29bvOBhYARVIE6JZtMYsk,18358,53.7,3687,10.8,124,0.4,6742,19.7,21,0.1,9017,91.1,3.7,138023,0,0
Woodhouse Fish Company,/biz/woodhouse-fish-company-san-francisco-4?osq=Restaurants,94115,0.172223597666667,4.1,37.7676779,-122.4284147,"2073 Market St, San Francisco, CA 94114, United States",ChIJw5OxaR5-j4ARI5MTyhsOLmE,18358,53.7,3687,10.8,124,0.4,6742,19.7,21,0.1,9017,91.1,3.7,138023,0,0
Morning Due Cafe,/biz/morning-due-cafe-san-francisco?osq=Restaurants,94114,0.0127208446666667,3.9,37.7630028,-122.4283944,"3698 17th St, San Francisco, CA 94114, United States",ChIJf4CVbBl-j4ARi0b2b0NIX6I,24366,70.7,964,2.8,154,0.4,4777,13.9,105,0.3,6822,89.2,4.3,169459,1,0
Chika & Sake,/biz/chika-and-sake-san-francisco?osq=Restaurants,94115,0.020753211,4.9,37.7868703,-122.42821,"1700 Laguna St, San Francisco, CA 94115, United States",ChIJHXkS_mKBhYARgJ799tAXd7g,18358,53.7,3687,10.8,124,0.4,6742,19.7,21,0.1,9017,91.1,3.7,138023,0,0
Mr. Digby's Bar & Restaurant,/biz/mr-digbys-bar-and-restaurant-san-francisco?osq=Restaurants,94114,0.150301246666667,4.9,37.7518071,-122.427309,"1199 Church St, San Francisco, CA 94114, United States",ChIJH4v8fzt_j4AR2aJwpkj34k4,24366,70.7,964,2.8,154,0.4,4777,13.9,105,0.3,6822,89.2,4.3,169459,1,0
Uma Casa,/biz/uma-casa-san-francisco?osq=Restaurants,94131,0.0574593716666667,4,37.7459515,-122.427099,"1550 Church St, San Francisco, CA 94131, United States",ChIJpVnA1Wt-j4ARChUA4SlXC3Q,17388,59.1,1265,4.3,15,0.1,6317,21.5,0,0,4620,85,3.5,181329,0,0
Damansara,/biz/damansara-san-francisco-7?osq=Restaurants,94131,0.27211819,4.1,37.742462,-122.4264226,"1781 Church St, San Francisco, CA 94131, United States",ChIJc85sGkd_j4ARdbJJxXlF4NY,17388,59.1,1265,4.3,15,0.1,6317,21.5,0,0,4620,85,3.5,181329,0,0
Suppenk%C3%BCche,/biz/suppenk%C3%BCche-san-francisco-2?osq=Restaurants,94102,0.13854026,4.1,37.7763193,-122.4263741,"525 Laguna St, San Francisco, CA 94102, United States",ChIJ8fbCTqKAhYAR9Uu7AyP5FyE,11945,35.3,3632,10.7,574,1.7,10130,29.9,72,0.2,5987,74.7,7.5,55888,1,0
Kantine,/biz/kantine-san-francisco-2?osq=Restaurants,94102,0.079756598,4.2,37.7705108,-122.4254828,"1906 Market St, San Francisco, CA 94102, United States",ChIJi9BhDKCAhYARRUYq_9pI45w,11945,35.3,3632,10.7,574,1.7,10130,29.9,72,0.2,5987,74.7,7.5,55888,1,0
Souvla,/biz/souvla-san-francisco-3?osq=Restaurants,94117,0.168561635,4.2,37.776525,-122.4250028,"517 Hayes St, San Francisco, CA 94102, United States",ChIJbTB3bKKAhYAR8Yqc6dEIMbQ,28656,70.4,2120,5.2,204,0.5,4957,12.2,0,0,12173,86.4,2.8,174419,1,0
Souvla,/biz/souvla-san-francisco?osq=Restaurants,94102,0.129512133666667,4.3,37.776525,-122.4250028,"517 Hayes St, San Francisco, CA 94102, United States",ChIJbTB3bKKAhYAR8Yqc6dEIMbQ,11945,35.3,3632,10.7,574,1.7,10130,29.9,72,0.2,5987,74.7,7.5,55888,1,0
Hazie's,/biz/hazies-san-francisco?osq=Restaurants,94102,0.160026785333333,4.9,37.7763838,-122.4247376,"501 Hayes St, San Francisco, CA 94102, United States",ChIJn-6m802BhYARruM4u0h9-Bc,11945,35.3,3632,10.7,574,1.7,10130,29.9,72,0.2,5987,74.7,7.5,55888,1,0
Mezze and Mooore,/biz/mezze-and-mooore-san-francisco-2?osq=Restaurants,94103,0.146741507,4.8,37.7681355,-122.424627,"198 Guerrero St, San Francisco, CA 94103, United States",ChIJT1vMouV_j4ARiVE3T76PVY8,11816,36.4,2785,8.6,822,2.5,10819,33.4,187,0.6,7597,77.7,5.5,93143,1,0
Salmon Bar,/biz/salmon-bar-san-francisco-2?osq=Restaurants,94103,0.0044936636666666,5,37.7649403,-122.42454,"3214 16th St, San Francisco, CA 94103, United States",ChIJp4uc5uF_j4ARRE7k9h6GkaY,11816,36.4,2785,8.6,822,2.5,10819,33.4,187,0.6,7597,77.7,5.5,93143,1,1
Birba,/biz/birba-san-francisco?osq=Restaurants,94102,0.118705887666667,4.4,37.7778352,-122.4242241,"458 Grove St, San Francisco, CA 94102, United States",ChIJ9Td7gKKAhYARUdHJBJLRz3w,11945,35.3,3632,10.7,574,1.7,10130,29.9,72,0.2,5987,74.7,7.5,55888,1,0
Akira Japanese Restaurant,/biz/akira-japanese-restaurant-san-francisco?osq=Restaurants,94109,0.021168007,4.2,37.7883383,-122.4241903,"1634 Bush St, San Francisco, CA 94109, United States",ChIJKeDJ37-AhYAR3SO0c2lYjDg,32345,57.6,2367,4.2,182,0.3,15050,26.8,33,0.1,14964,84.5,5.9,104476,1,1
Handroll Project,/biz/handroll-project-san-francisco-2?osq=Restaurants,94110,0.0215056033333333,4,37.7616968,-122.424146,"598 Guerrero St, San Francisco, CA 94110, United States",ChIJpbpAXz9_j4ARxhsZJbZpa-w,35981,50.8,2576,3.6,713,1,10915,15.4,123,0.2,11577,72.1,5.1,143938,0,0
a Mano,/biz/a-mano-san-francisco-2?osq=Restaurants,94102,0.126594559,4.1,37.7768654,-122.4239917,"450 Hayes St, San Francisco, CA 94102, United States",ChIJjfhunpiAhYARL76pNCCCFvg,11945,35.3,3632,10.7,574,1.7,10130,29.9,72,0.2,5987,74.7,7.5,55888,1,1
Matterhorn Restaurant & Bakery,/biz/matterhorn-restaurant-and-bakery-san-francisco-2?osq=Restaurants,94109,0.110840177666667,4.7,37.7971887,-122.4239694,"2323 Van Ness Ave, San Francisco, CA 94109, United States",ChIJ5wknN4OBhYARPnrCyIBgvlk,32345,57.6,2367,4.2,182,0.3,15050,26.8,33,0.1,14964,84.5,5.9,104476,1,1
Limoncello,/biz/limoncello-san-francisco?osq=Restaurants,94109,0.191895726333333,4.8,37.787474,-122.423679,"1400 Sutter St, San Francisco, CA 94109, United States",ChIJn6yweJWAhYARjIhwlOjaq2U,32345,57.6,2367,4.2,182,0.3,15050,26.8,33,0.1,14964,84.5,5.9,104476,1,0
Elephant Sushi,/biz/elephant-sushi-san-francisco-9?osq=Restaurants,94102,0.050113044,4.4,37.7779295,-122.4236088,"400 Grove St, San Francisco, CA 94102, United States",ChIJcVyMiSmBhYARK9hpjwu_JcQ,11945,35.3,3632,10.7,574,1.7,10130,29.9,72,0.2,5987,74.7,7.5,55888,1,0
Plain Jane,/biz/plain-jane-san-francisco?osq=Restaurants,94110,0.0570370666666667,4.1,37.75506,-122.4233717,"1000 Guerrero St, San Francisco, CA 94110, United States",ChIJd6_bXB5_j4ARpYt7agseVg4,35981,50.8,2576,3.6,713,1,10915,15.4,123,0.2,11577,72.1,5.1,143938,0,1
DragonEats,/biz/dragoneats-san-francisco-7?osq=Restaurants,94117,0.117404447333333,4.4,37.7783652,-122.4231749,"520 Gough St, San Francisco, CA 94102, United States",ChIJsZ02iJiAhYARzoeXoabmj5I,28656,70.4,2120,5.2,204,0.5,4957,12.2,0,0,12173,86.4,2.8,174419,1,1
Chez Maman West,/biz/chez-maman-west-san-francisco-2?osq=Restaurants,94102,0.0345619936666667,4.1,37.7769712,-122.4231338,"401 Gough St, San Francisco, CA 94102, United States",ChIJ76A_lpiAhYAR6QgSjMe9MoU,11945,35.3,3632,10.7,574,1.7,10130,29.9,72,0.2,5987,74.7,7.5,55888,1,0
Cauliflower,/biz/cauliflower-san-francisco-2?osq=Restaurants,94103,0.008528868,2.8,37.7647308,-122.4231086,"3147 16th St, San Francisco, CA 94103, United States",ChIJe66Hoc1_j4ARqV-bCDDCmtM,11816,36.4,2785,8.6,822,2.5,10819,33.4,187,0.6,7597,77.7,5.5,93143,1,0
Tuba Authentic Turkish Restaurant,/biz/tuba-authentic-turkish-restaurant-san-francisco?osq=Restaurants,94110,0.047533686,4.3,37.7548884,-122.4229941,"1007 A Guerrero St, San Francisco, CA 94110, United States",ChIJ7arm5d5_j4ARfTS_PlZwp4U,35981,50.8,2576,3.6,713,1,10915,15.4,123,0.2,11577,72.1,5.1,143938,0,1
Good Good Culture Club,/biz/good-good-culture-club-san-francisco?osq=Restaurants,94110,0.145621799,4.2,37.7618143,-122.4229679,"3560 18th St, San Francisco, CA 94110, United States",ChIJ5XSspPF_j4ARuI5plZ5X93Q,35981,50.8,2576,3.6,713,1,10915,15.4,123,0.2,11577,72.1,5.1,143938,0,1
Palette Tea House,/biz/palette-tea-house-san-francisco-2?osq=Restaurants,94109,0.0256687493333333,4,37.8059811,-122.4229458,"900 North Point St, San Francisco, CA 94109, United States",ChIJ53HCdjCBhYARI-_VU7jZI-U,32345,57.6,2367,4.2,182,0.3,15050,26.8,33,0.1,14964,84.5,5.9,104476,1,1
Fenikkusu,/biz/fenikkusu-san-francisco?osq=Restaurants,94110,0.0484486363333333,4.6,37.7548165,-122.4229015,"1009 Guerrero St, San Francisco, CA 94110, United States",ChIJM9azAcl_j4ARxpGZQEimFl0,35981,50.8,2576,3.6,713,1,10915,15.4,123,0.2,11577,72.1,5.1,143938,0,0
Rich Table,/biz/rich-table-san-francisco?osq=Restaurants,94102,0.0471844983333333,4.5,37.7748812,-122.422725,"199 Gough St, San Francisco, CA 94102, United States",ChIJh_24QJ-AhYAR_xbUNVN2Xns,11945,35.3,3632,10.7,574,1.7,10130,29.9,72,0.2,5987,74.7,7.5,55888,1,0
Om Sabor,/biz/om-sabor-san-francisco-2?osq=Restaurants,94102,0.125566810666667,4.5,37.7780873,-122.4226796,"370 Grove St, San Francisco, CA 94102, United States",ChIJJUNWp-KBhYARWJ_lfQGK3CE,11945,35.3,3632,10.7,574,1.7,10130,29.9,72,0.2,5987,74.7,7.5,55888,1,1
Dumpling Home,/biz/dumpling-home-san-francisco?osq=Restaurants,94102,0.193112584333333,4.4,37.7758205,-122.4226361,"298 Gough St, San Francisco, CA 94102, United States",ChIJlYL0Wa-BhYARJi6qr49Ncv0,11945,35.3,3632,10.7,574,1.7,10130,29.9,72,0.2,5987,74.7,7.5,55888,1,1
Freekeh,/biz/freekeh-san-francisco?osq=Restaurants,94103,0.159910976333333,4.9,37.7650035,-122.4226253,"3126 16th St, San Francisco, CA 94103, United States",ChIJc68Hqap_j4ARN4JtvZMS9zQ,11816,36.4,2785,8.6,822,2.5,10819,33.4,187,0.6,7597,77.7,5.5,93143,1,1
Pork Store Cafe,/biz/pork-store-cafe-san-francisco?osq=Restaurants,94117,0.0171182396666667,2.8,37.7650063,-122.4225812,"3122 16th St, San Francisco, CA 94103, United States",ChIJT6WCQSJ-j4AReZR6E1eUtgc,28656,70.4,2120,5.2,204,0.5,4957,12.2,0,0,12173,86.4,2.8,174419,1,0
Picaro,/biz/picaro-san-francisco?osq=Restaurants,94103,0.140753322,3.9,37.7650114,-122.4224967,"3120 16th St, San Francisco, CA 94103, United States",ChIJv117QSJ-j4ARFWASVwJqHzk,11816,36.4,2785,8.6,822,2.5,10819,33.4,187,0.6,7597,77.7,5.5,93143,1,1
Loquat,/biz/loquat-san-francisco?osq=Restaurants,94102,0.238553375,4.8,37.7749343,-122.4223706,"198 Gough St, San Francisco, CA 94102, United States",ChIJ81fzsc-BhYARdZtCXcbJ-7E,11945,35.3,3632,10.7,574,1.7,10130,29.9,72,0.2,5987,74.7,7.5,55888,1,1
Burma Love,/biz/burma-love-san-francisco-10?osq=Restaurants,94103,0.07277143,4,37.7696277,-122.4221285,"211 Valencia St, San Francisco, CA 94103, United States",ChIJC0_LRSB-j4ARUaZGUrDpvDM,11816,36.4,2785,8.6,822,2.5,10819,33.4,187,0.6,7597,77.7,5.5,93143,1,0
The Front Porch,/biz/the-front-porch-san-francisco?osq=Restaurants,94110,0.0042287,3.9,37.7438055,-122.4220136,"65 29th St, San Francisco, CA 94110, United States",ChIJn8Ixw0J-j4ARb073TlyhmZw,35981,50.8,2576,3.6,713,1,10915,15.4,123,0.2,11577,72.1,5.1,143938,0,0
Nojo Ramen Tavern,/biz/nojo-ramen-tavern-san-francisco-6?osq=Restaurants,94102,0.0777715006666667,4.1,37.7767268,-122.4214764,"231 Franklin St, San Francisco, CA 94102, United States",ChIJQ9mJ1ZiAhYARQmPYLOs-h-g,11945,35.3,3632,10.7,574,1.7,10130,29.9,72,0.2,5987,74.7,7.5,55888,1,0
Taishoken San Francisco,/biz/taishoken-san-francisco-san-francisco?osq=Restaurants,94110,0.153051188666667,4.6,37.7622414,-122.4213973,"665 Valencia St, San Francisco, CA 94110, United States",ChIJnYD5q69_j4ARDH9_cuPacdE,35981,50.8,2576,3.6,713,1,10915,15.4,123,0.2,11577,72.1,5.1,143938,0,0
Lol%C3%B3,/biz/lol%C3%B3-san-francisco-4?osq=Restaurants,94110,0.0643023253333333,4.4,37.7573807,-122.4213345,"974 Valencia St, San Francisco, CA 94110, United States",ChIJnbFn3z5-j4ARoqlFeSBuvFA,35981,50.8,2576,3.6,713,1,10915,15.4,123,0.2,11577,72.1,5.1,143938,0,1
Alnico,/biz/alnico-san-francisco?osq=Restaurants,94110,0.148639909666667,4.3,37.755944,-122.421318,"1050 Valencia St, San Francisco, CA 94110, United States",ChIJfdJOkSx_j4ARCdbFmaEbdy0,35981,50.8,2576,3.6,713,1,10915,15.4,123,0.2,11577,72.1,5.1,143938,0,0
Chic n' Time,/biz/chic-n-time-san-francisco?osq=Restaurants,94110,0.01274172,4.8,37.7599101,-122.4211994,"807 Valencia St, San Francisco, CA 94110, United States",ChIJIXR88zZ_j4ARAZK-usPOIIo,35981,50.8,2576,3.6,713,1,10915,15.4,123,0.2,11577,72.1,5.1,143938,0,0
Bottega,/biz/bottega-san-francisco-2?osq=Restaurants,94110,0.293545093,4.3,37.7547152,-122.4211945,"1132 Valencia St, San Francisco, CA 94110, United States",ChIJxZMBuHV_j4ARK1fO7KSqyOE,35981,50.8,2576,3.6,713,1,10915,15.4,123,0.2,11577,72.1,5.1,143938,0,0
RT Rotisserie,/biz/rt-rotisserie-san-francisco-2?osq=Restaurants,94117,0.127147081,4.2,37.7750997,-122.4210907,"101 Oak St, San Francisco, CA 94102, United States",ChIJk8dm4J6AhYAR8MCM6inxTgE,28656,70.4,2120,5.2,204,0.5,4957,12.2,0,0,12173,86.4,2.8,174419,1,0
Sorella,/biz/sorella-san-francisco?osq=Restaurants,94109,0.121034643333333,4,37.7931806,-122.4210694,"1760 Polk St, San Francisco, CA 94109, United States",ChIJedb3quuAhYAR2Wi98Ex7WLc,32345,57.6,2367,4.2,182,0.3,15050,26.8,33,0.1,14964,84.5,5.9,104476,1,0
Komaaj,/biz/komaaj-san-francisco-5?osq=Restaurants,94110,0.147974818,4.7,37.744209,-122.4210088,"10 29th St, San Francisco, CA 94110, United States",ChIJVVXlLPh2hYAR20ALCmb9rC8,35981,50.8,2576,3.6,713,1,10915,15.4,123,0.2,11577,72.1,5.1,143938,0,0
Four Chairs,/biz/four-chairs-san-francisco?osq=Restaurants,94110,0.0709060103333333,4.7,37.7444458,-122.4210036,"3282 Mission St, San Francisco, CA 94110, United States",ChIJNXULex9_j4AR2tZ3pmlVbMc,35981,50.8,2576,3.6,713,1,10915,15.4,123,0.2,11577,72.1,5.1,143938,0,0
Korean Soul Chicken,/biz/korean-soul-chicken-san-francisco-3?osq=Restaurants,94109,0.0473416216666667,4.6,37.7926363,-122.4209803,"1710 Polk St, San Francisco, CA 94109, United States",ChIJGZuXW7KBhYARcLwUe1lE7NQ,32345,57.6,2367,4.2,182,0.3,15050,26.8,33,0.1,14964,84.5,5.9,104476,1,0
The Italian Homemade Company,/biz/the-italian-homemade-company-san-francisco-8?osq=Restaurants,94133,0.143918847333333,4.3,37.7744007,-122.4209357,"1 Franklin St, San Francisco, CA 94102, United States",ChIJZ4bnQTSBhYAR2jpJ472WwiE,9402,36,687,2.6,191,0.7,13629,52.2,103,0.4,4425,79.8,7.2,71063,1,0
The Italian Homemade Company,/biz/the-italian-homemade-company-san-francisco-6?osq=Restaurants,94123,0.183797219,4.3,37.7744007,-122.4209357,"1 Franklin St, San Francisco, CA 94102, United States",ChIJZ4bnQTSBhYAR2jpJ472WwiE,20187,77.6,242,0.9,59,0.2,2447,9.4,107,0.4,8563,94.6,2.5,194098,1,0
Ben Thai Cafe,/biz/ben-thai-cafe-san-francisco?osq=Restaurants,94109,0.146863794,4.4,37.7892247,-122.4205662,"1331 Polk St, San Francisco, CA 94109, United States",ChIJry6M5ZSAhYARrZI19iHHqPM,32345,57.6,2367,4.2,182,0.3,15050,26.8,33,0.1,14964,84.5,5.9,104476,1,0
Breakfast Little,/biz/breakfast-little-san-francisco-2?osq=Restaurants,94110,0.012686176,4.4,37.7552508,-122.4203886,"3275 22nd St, San Francisco, CA 94110, United States",ChIJp60UGGR_j4ARDQrwY2PapRs,35981,50.8,2576,3.6,713,1,10915,15.4,123,0.2,11577,72.1,5.1,143938,0,0
Outer Orbit,/biz/outer-orbit-san-francisco-2?osq=Restaurants,94110,0.0171852146666667,4.4,37.7452786,-122.4199143,"3215 Mission St, San Francisco, CA 94110, United States",ChIJX_Jx2ll-j4ARNTDpNphFDAY,35981,50.8,2576,3.6,713,1,10915,15.4,123,0.2,11577,72.1,5.1,143938,0,0
Shuggies,/biz/shuggies-san-francisco?osq=Restaurants,94110,0.012816285,4,37.753686,-122.4195429,"3349 23rd St, San Francisco, CA 94110, United States",ChIJr5cI0LR_j4ART457wcGBDoY,35981,50.8,2576,3.6,713,1,10915,15.4,123,0.2,11577,72.1,5.1,143938,0,0
Chome,/biz/chome-san-francisco-3?osq=Restaurants,94110,0.140551179333333,4,37.7620526,-122.4191961,"2193 Mission St, San Francisco, CA 94110, United States",ChIJUdGZh3N_j4ARTZHtau7shG8,35981,50.8,2576,3.6,713,1,10915,15.4,123,0.2,11577,72.1,5.1,143938,0,0
Lolinda,/biz/lolinda-san-francisco?osq=Restaurants,94110,0.0259244323333333,3.9,37.7566658,-122.419113,"2518 Mission St, San Francisco, CA 94110, United States",ChIJBS-Cxz5-j4AR4D8DhWkB1hE,35981,50.8,2576,3.6,713,1,10915,15.4,123,0.2,11577,72.1,5.1,143938,0,0
El Techo,/biz/el-techo-san-francisco?osq=Restaurants,94110,0.0563214083333333,3.9,37.756576,-122.4190831,"2516 Mission St, San Francisco, CA 94110, United States",ChIJaYr9tz5-j4ARViEEUUUDY0k,35981,50.8,2576,3.6,713,1,10915,15.4,123,0.2,11577,72.1,5.1,143938,0,0
Son & Garden,/biz/son-and-garden-san-francisco?osq=Restaurants,94109,0.108541164666667,4.2,37.783294,-122.4190681,"700 Polk St, San Francisco, CA 94109, United States",ChIJvzh7o6iBhYARlykOlY7KP3E,32345,57.6,2367,4.2,182,0.3,15050,26.8,33,0.1,14964,84.5,5.9,104476,1,1
Abrazo,/biz/abrazo-san-francisco-2?osq=Restaurants,94109,0.135509812333333,3.8,37.7993433,-122.4189027,"2000 Hyde St, San Francisco, CA 94109, United States",ChIJC2jSzuiAhYAR-NXGft6oHBA,32345,57.6,2367,4.2,182,0.3,15050,26.8,33,0.1,14964,84.5,5.9,104476,1,0
Brenda's French Soul Food,/biz/brendas-french-soul-food-san-francisco-6?osq=Restaurants,94102,0.136545484333333,4.1,37.7829132,-122.4188995,"652 Polk St, San Francisco, CA 94102, United States",ChIJZ9s5SJeAhYARIX3Fxl6oj6c,11945,35.3,3632,10.7,574,1.7,10130,29.9,72,0.2,5987,74.7,7.5,55888,1,1
Seven Hills,/biz/seven-hills-san-francisco?osq=Restaurants,94109,0.0735907133333333,4.5,37.7981529,-122.4187331,"1896 Hyde St, San Francisco, CA 94109, United States",ChIJc1RqC-yAhYARWmmWMJ-xkDs,32345,57.6,2367,4.2,182,0.3,15050,26.8,33,0.1,14964,84.5,5.9,104476,1,1
El Farolito,/biz/el-farolito-san-francisco-2?osq=Restaurants,94110,0.117654601,4.2,37.7526416,-122.4183461,"2779 Mission St, San Francisco, CA 94110, United States",ChIJ5WRITUd-j4ARIcl68TeeR8M,35981,50.8,2576,3.6,713,1,10915,15.4,123,0.2,11577,72.1,5.1,143938,0,1
Yakiniku Shodai,/biz/yakiniku-shodai-san-francisco?osq=Restaurants,94102,0.0303692263333333,4.7,37.7762271,-122.4182424,"1420 Market St, San Francisco, CA 94102, United States",ChIJbT9JHbeBhYAR2vLYSvbr7W8,11945,35.3,3632,10.7,574,1.7,10130,29.9,72,0.2,5987,74.7,7.5,55888,1,1
Hot Sauce and Panko,/biz/hot-sauce-and-panko-san-francisco?osq=Restaurants,94109,0.0042157323333333,4.4,37.7945013,-122.4179886,"1468 Hyde St, San Francisco, CA 94109, United States",ChIJGbZYeuyAhYAR10V7HrUWT4g,32345,57.6,2367,4.2,182,0.3,15050,26.8,33,0.1,14964,84.5,5.9,104476,1,0
Aria Korean Street Food,/biz/aria-korean-street-food-san-francisco?osq=Restaurants,94109,0.077003817,3.9,37.7865775,-122.4179809,"932 Larkin St, San Francisco, CA 94109, United States",ChIJHxUcVJGAhYAR2dcKM6WsKWQ,32345,57.6,2367,4.2,182,0.3,15050,26.8,33,0.1,14964,84.5,5.9,104476,1,1
Hai Ky Noodles,/biz/hai-ky-noodles-san-francisco?osq=Restaurants,94109,0.00851112,4.1,37.7841144,-122.4179722,"707 Ellis St, San Francisco, CA 94109, United States",ChIJy5VK0ZCAhYARlmv2pBEVhjw,32345,57.6,2367,4.2,182,0.3,15050,26.8,33,0.1,14964,84.5,5.9,104476,1,1
Ciccino,/biz/ciccino-san-francisco?osq=Restaurants,94109,0.065461587,4.4,37.79111,-122.4175713,"1400 California St, San Francisco, CA 94109, United States",ChIJnSzcvgiBhYARpOuJf3DgBfs,32345,57.6,2367,4.2,182,0.3,15050,26.8,33,0.1,14964,84.5,5.9,104476,1,0
Surisan,/biz/surisan-san-francisco?osq=Restaurants,94133,0.139170098,4.3,37.8067911,-122.417499,"505 Beach St, San Francisco, CA 94133, United States",ChIJXXUP7-OAhYARv-2W0noK888,9402,36,687,2.6,191,0.7,13629,52.2,103,0.4,4425,79.8,7.2,71063,1,1
Buddy,/biz/buddy-san-francisco?osq=Restaurants,94110,0.0476834013333333,4.5,37.7554493,-122.4171118,"3115 22nd St, San Francisco, CA 94110, United States",ChIJ3XjwVRx_j4ARei8ZqLIEaVQ,35981,50.8,2576,3.6,713,1,10915,15.4,123,0.2,11577,72.1,5.1,143938,0,1
The Codmother Fish & Chips,/biz/the-codmother-fish-and-chips-san-francisco-3?osq=Restaurants,94133,0.0689738636666667,3.9,37.8072689,-122.4170759,"496 Beach St, San Francisco, CA 94133, United States",ChIJjeTkweOAhYARBVgQR8KMElA,9402,36,687,2.6,191,0.7,13629,52.2,103,0.4,4425,79.8,7.2,71063,1,1
ABAC%C3%81,/biz/abac%C3%A1-san-francisco-3?osq=Restaurants,94133,0.06988783,4.1,37.8067367,-122.4169367,"2700 Jones St, San Francisco, CA 94133, United States",ChIJvUR84BqBhYARPsQEVivxTec,9402,36,687,2.6,191,0.7,13629,52.2,103,0.4,4425,79.8,7.2,71063,1,0
Arepas En Bici,/biz/arepas-en-bici-san-francisco?osq=Restaurants,94109,0.0085576383333333,4.5,37.7850052,-122.4167793,"725 O'Farrell St, San Francisco, CA 94109, United States",ChIJZfAgsuaBhYARn4VOSh1OfQQ,32345,57.6,2367,4.2,182,0.3,15050,26.8,33,0.1,14964,84.5,5.9,104476,1,1
SF Honey Pig Korean BBQ,/biz/sf-honey-pig-korean-bbq-san-francisco-2?osq=Restaurants,94118,0.071334835,4,37.7816161,-122.4166441,"366 Golden Gate Ave, San Francisco, CA 94102, United States",ChIJV0sMbJqAhYAR4zOb1lTw0HQ,22014,53.1,681,1.6,97,0.2,13753,33.2,72,0.2,7921,86.3,4.3,139043,1,1
Chao Pescao,/biz/chao-pescao-san-francisco?osq=Restaurants,94102,0.0296786856666667,4.7,37.7806944,-122.4165417,"272 McAllister St, San Francisco, CA 94102, United States",ChIJB4sutiKBhYARCmsHTlQez8g,11945,35.3,3632,10.7,574,1.7,10130,29.9,72,0.2,5987,74.7,7.5,55888,1,1
Donaji,/biz/donaji-san-francisco-2?osq=Restaurants,94110,0.0445308026666667,2.8,37.7523338,-122.4154986,"3161 24th St, San Francisco, CA 94110, United States",ChIJq26n4oSBhYAR8f0AysJURgY,35981,50.8,2576,3.6,713,1,10915,15.4,123,0.2,11577,72.1,5.1,143938,0,1
Base Camp,/biz/base-camp-san-francisco?osq=Restaurants,94110,0.01701445,4.6,37.7587887,-122.4149268,"2400 Folsom St, San Francisco, CA 94110, United States",ChIJOTpnUp1_j4ARrPGC7SLGFA4,35981,50.8,2576,3.6,713,1,10915,15.4,123,0.2,11577,72.1,5.1,143938,0,0
Mensho Tokyo SF,/biz/mensho-tokyo-sf-san-francisco?osq=Restaurants,94102,0.0740149756666667,4.3,37.7867033,-122.4143432,"672 Geary St, San Francisco, CA 94102, United States",ChIJ86TLv5GAhYARdhd8cNsVbe8,11945,35.3,3632,10.7,574,1.7,10130,29.9,72,0.2,5987,74.7,7.5,55888,1,1
Tadu Ethiopian Kitchen,/biz/tadu-ethiopian-kitchen-san-francisco-7?osq=Restaurants,94158,0.066078626,4.5,37.7848109,-122.4142068,"484 Ellis St, San Francisco, CA 94102, United States",ChIJ5UiqQJCAhYAR5L5rAgjuf_0,4288,40.2,478,4.5,0,0,4322,40.6,137,1.3,2946,92.3,2.4,161391,0,1
3rd Cousin,/biz/3rd-cousin-san-francisco-2?osq=Restaurants,94110,0.004222179,4.1,37.739055,-122.4137181,"919 Cortland Ave, San Francisco, CA 94110, United States",ChIJ-XhIwll-j4AR5epLtDr2Bco,35981,50.8,2576,3.6,713,1,10915,15.4,123,0.2,11577,72.1,5.1,143938,0,0
The Public Izakaya,/biz/the-public-izakaya-san-francisco?osq=Restaurants,94109,0.178920907333333,4.4,37.7878404,-122.4135658,"700 Post St, San Francisco, CA 94109, United States",ChIJT_jDRWCBhYARS19F4k0oAjY,32345,57.6,2367,4.2,182,0.3,15050,26.8,33,0.1,14964,84.5,5.9,104476,1,1
Back to Back,/biz/back-to-back-san-francisco?osq=Restaurants,94108,0.142736705333333,5,37.7941628,-122.4132647,"1257 Taylor St, San Francisco, CA 94108, United States",ChIJceWDaF6BhYARTr2IDufhptw,4214,35.2,256,2.1,71,0.6,6378,53.3,13,0.1,2267,81.5,4.8,65392,1,0
Heist,/biz/heist-san-francisco-3?osq=Restaurants,94109,0.0652614223333333,3.9,37.7878464,-122.412987,"678 Post St, San Francisco, CA 94109, United States",ChIJHzC6nluBhYARGSqGzSCjPu4,32345,57.6,2367,4.2,182,0.3,15050,26.8,33,0.1,14964,84.5,5.9,104476,1,0
Ox & Tiger,/biz/ox-and-tiger-san-francisco?osq=Restaurants,94102,0.0874964193333333,4.4,37.7865155,-122.4129672,"552 Jones St, San Francisco, CA 94102, United States",ChIJFzrBjV-BhYARat7hhhWmUVE,11945,35.3,3632,10.7,574,1.7,10130,29.9,72,0.2,5987,74.7,7.5,55888,1,0
Ryoko's,/biz/ryokos-san-francisco?osq=Restaurants,94102,0.021859289,3.9,37.7881959,-122.4120379,"619 Taylor St, San Francisco, CA 94102, United States",ChIJUem7D46AhYARYUQXakltDSo,11945,35.3,3632,10.7,574,1.7,10130,29.9,72,0.2,5987,74.7,7.5,55888,1,0
Tratto,/biz/tratto-san-francisco?osq=Restaurants,94102,0.151636423333333,3.9,37.7868143,-122.4118341,"501 Geary St, San Francisco, CA 94102, United States",ChIJdfXhM46AhYAREL50HHWg8ys,11945,35.3,3632,10.7,574,1.7,10130,29.9,72,0.2,5987,74.7,7.5,55888,1,0
Healthyish Republic,/biz/healthyish-republic-san-francisco?osq=Restaurants,94110,0.0384707036666667,4.8,37.7528206,-122.4117298,"2990 24th St, San Francisco, CA 94110, United States",ChIJZ229fuZ_j4ARX7OHtdIEriI,35981,50.8,2576,3.6,713,1,10915,15.4,123,0.2,11577,72.1,5.1,143938,0,0
Farmhouse Kitchen Thai Cuisine,/biz/farmhouse-kitchen-thai-cuisine-san-francisco?osq=Restaurants,94110,0.203491975333333,4.1,37.7601894,-122.4114198,"710 Florida St, San Francisco, CA 94110, United States",ChIJNZloNTd-j4ARxGMOXZp7KfI,35981,50.8,2576,3.6,713,1,10915,15.4,123,0.2,11577,72.1,5.1,143938,0,0
Bodega,/biz/bodega-san-francisco-2?osq=Restaurants,94133,0.0699182316666667,3.8,37.8012775,-122.4113773,"700 Columbus Ave, San Francisco, CA 94133, United States",ChIJh3LbN_CAhYARCohFNLr0S1E,9402,36,687,2.6,191,0.7,13629,52.2,103,0.4,4425,79.8,7.2,71063,1,0
Bodega,/biz/bodega-san-francisco-3?osq=Restaurants,94102,0.161955151666667,4.5,37.8012775,-122.4113773,"700 Columbus Ave, San Francisco, CA 94133, United States",ChIJh3LbN_CAhYARCohFNLr0S1E,11945,35.3,3632,10.7,574,1.7,10130,29.9,72,0.2,5987,74.7,7.5,55888,1,0
Flour & Water Pasta Shop,/biz/flour-and-water-pasta-shop-san-francisco?osq=Restaurants,94110,0.0510926063333333,4.8,37.7592626,-122.4110641,"3000 20th St, San Francisco, CA 94110, United States",ChIJb7a6Fh1_j4ARenP13MtTy10,35981,50.8,2576,3.6,713,1,10915,15.4,123,0.2,11577,72.1,5.1,143938,0,0
Ernest,/biz/ernest-san-francisco?osq=Restaurants,94110,0.127570490666667,4.5,37.7631497,-122.410995,"1890 Bryant St Suite 100, San Francisco, CA 94110, United States",ChIJ0yni6w1_j4ARnYU0e19QVNY,35981,50.8,2576,3.6,713,1,10915,15.4,123,0.2,11577,72.1,5.1,143938,0,0
Kaya House,/biz/kaya-house-san-francisco?osq=Restaurants,94103,0.012734386,4.5,37.7658707,-122.4108335,"1684 Bryant St, San Francisco, CA 94103, United States",ChIJ16Laey1_j4ARA4D-M57mAII,11816,36.4,2785,8.6,822,2.5,10819,33.4,187,0.6,7597,77.7,5.5,93143,1,0
Birdsong,/biz/birdsong-san-francisco?osq=Restaurants,94103,0.0259156946666667,4.3,37.7793925,-122.4103825,"1085 Mission St, San Francisco, CA 94103, United States",ChIJTwtvfIOAhYARHMEe0c2Xi4s,11816,36.4,2785,8.6,822,2.5,10819,33.4,187,0.6,7597,77.7,5.5,93143,1,0
Fog Harbor Fish House,/biz/fog-harbor-fish-house-san-francisco-2?osq=Restaurants,94133,0.288029900666667,4.3,37.8089886,-122.4102974,"39 pier, San Francisco, CA 94133, United States",ChIJHSGzi_yAhYARptfivXk-Qlo,9402,36,687,2.6,191,0.7,13629,52.2,103,0.4,4425,79.8,7.2,71063,1,0
San Ho Won,/biz/san-ho-won-san-francisco-2?osq=Restaurants,94110,0.164699996666667,4.6,37.759599,-122.4102473,"2170 Bryant St, San Francisco, CA 94110, United States",ChIJBQpgwVh_j4ARocWBZnqOXEg,35981,50.8,2576,3.6,713,1,10915,15.4,123,0.2,11577,72.1,5.1,143938,0,0
Fifth Arrow,/biz/fifth-arrow-san-francisco-2?osq=Restaurants,94102,0.0084887436666666,4,37.7876399,-122.4098237,"430 Mason St, San Francisco, CA 94102, United States",ChIJ55q_946AhYARgnSywjutwlE,11945,35.3,3632,10.7,574,1.7,10130,29.9,72,0.2,5987,74.7,7.5,55888,1,0
Tenderheart,/biz/tenderheart-san-francisco?osq=Restaurants,94102,0.0967364856666667,4.4,37.782877,-122.4096904,"970 Market St, San Francisco, CA 94102, United States",ChIJs0BroYWAhYARr_RkI2Ym6_Y,11945,35.3,3632,10.7,574,1.7,10130,29.9,72,0.2,5987,74.7,7.5,55888,1,0
Rise Over Run,/biz/rise-over-run-san-francisco-2?osq=Restaurants,94102,0.0134614856666667,4.6,37.7832614,-122.4096508,"33 Turk St, San Francisco, CA 94102, United States",ChIJs0BroYWAhYARrJvmT5AiXcA,11945,35.3,3632,10.7,574,1.7,10130,29.9,72,0.2,5987,74.7,7.5,55888,1,0
Kin Khao,/biz/kin-khao-san-francisco-2?osq=Restaurants,94102,0.126291649333333,4,37.7852408,-122.409331,"55 Cyril Magnin St, San Francisco, CA 94102, United States",ChIJn_ZxYo-AhYAR22wJt4at2K0,11945,35.3,3632,10.7,574,1.7,10130,29.9,72,0.2,5987,74.7,7.5,55888,1,0
Original Joe's,/biz/original-joes-san-francisco-3?osq=Restaurants,94133,0.135977883333333,4,37.8001849,-122.4093139,"601 Union St, San Francisco, CA 94133, United States",ChIJfSGLEfGAhYARC8Egs7nINzk,9402,36,687,2.6,191,0.7,13629,52.2,103,0.4,4425,79.8,7.2,71063,1,0
Aedan Koji Kitchen,/biz/aedan-koji-kitchen-san-francisco?osq=Restaurants,94110,0.03508448,4.3,37.7614682,-122.4088683,"613 York St, San Francisco, CA 94110, United States",ChIJG3Oali5_j4AR2-6cYgoAzhw,35981,50.8,2576,3.6,713,1,10915,15.4,123,0.2,11577,72.1,5.1,143938,0,0
Hing Lung Company aka Go Duck Yourself,/biz/hing-lung-company-aka-go-duck-yourself-san-francisco-2?osq=Restaurants,94133,0.047305327,4.2,37.797452,-122.4087366,"1261 Stockton St, San Francisco, CA 94133, United States",ChIJH9hulPOAhYARnp7_51AoBNo,9402,36,687,2.6,191,0.7,13629,52.2,103,0.4,4425,79.8,7.2,71063,1,0
Kazan,/biz/kazan-san-francisco?osq=Restaurants,94110,0.004276566,4.5,37.7527817006416,-122.40849876063,"2809 24th St, San Francisco, CA 94110, United States",ChIJmc2sfCutXkERZYyttbl3y38,35981,50.8,2576,3.6,713,1,10915,15.4,123,0.2,11577,72.1,5.1,143938,0,0
The Pawn Shop,/biz/the-pawn-shop-san-francisco?osq=Restaurants,94103,0.131002086,3.9,37.7810912,-122.4083599,"993 Mission St, San Francisco, CA 94103, United States",ChIJm82lK-qBhYARFjp6dZUgiZg,11816,36.4,2785,8.6,822,2.5,10819,33.4,187,0.6,7597,77.7,5.5,93143,1,1
Sotto Mare,/biz/sotto-mare-san-francisco-4?osq=Restaurants,94133,0.267930412,4.3,37.7997075,-122.4083431,"552 Green St, San Francisco, CA 94133, United States",ChIJQfYyVvGAhYARJVwoboB1WKQ,9402,36,687,2.6,191,0.7,13629,52.2,103,0.4,4425,79.8,7.2,71063,1,0
California Fish Market Restaurant,/biz/california-fish-market-restaurant-san-francisco-3?osq=Restaurants,94133,0.166875709333333,4.4,37.7997326,-122.4082666,"550 Green St, San Francisco, CA 94133, United States",ChIJXdi5oueBhYARBjI45xUkjDw,9402,36,687,2.6,191,0.7,13629,52.2,103,0.4,4425,79.8,7.2,71063,1,0
Spork Restaurant,/biz/spork-restaurant-san-francisco-3?osq=Restaurants,94133,0.106994383333333,4.8,37.7976592,-122.4075332,"631 Broadway, San Francisco, CA 94133, United States",ChIJ59i1hfOAhYAR_m7HLZGWiys,9402,36,687,2.6,191,0.7,13629,52.2,103,0.4,4425,79.8,7.2,71063,1,0
Lee's Dim Sum,/biz/lees-dim-sum-san-francisco?osq=Restaurants,94107,0.0346333763333333,3.9,37.7960614,-122.4070842,"716 Jackson St, San Francisco, CA 94133, United States",ChIJ-SstyP2BhYARqTPLcE7Udrc,15278,53.4,1189,4.2,32,0.1,7925,27.7,14,0,8703,90.8,4,164289,1,0
Betty Lou's Seafood and Grill,/biz/betty-lous-seafood-and-grill-san-francisco?osq=Restaurants,94133,0.0344667676666667,4.4,37.7982457,-122.4070005,"318 Columbus Ave, San Francisco, CA 94133, United States",ChIJ7XPEdfSAhYARpkyL6DlQthc,9402,36,687,2.6,191,0.7,13629,52.2,103,0.4,4425,79.8,7.2,71063,1,0
Destapas,/biz/destapas-san-francisco?osq=Restaurants,94110,0.008454168,4.5,37.7531052,-122.4068629,"2708 24th St, San Francisco, CA 94110, United States",ChIJ_SU7FSB_j4ARLs8HR-3spyQ,35981,50.8,2576,3.6,713,1,10915,15.4,123,0.2,11577,72.1,5.1,143938,0,0
Brioche Bakery & Cafe,/biz/brioche-bakery-and-cafe-san-francisco-3?osq=Restaurants,94117,0.0516295456666667,4.7,37.7973243,-122.4056692,"210 Columbus Ave, San Francisco, CA 94133, United States",ChIJW-PUjPSAhYARHfkJMe6zzJ0,28656,70.4,2120,5.2,204,0.5,4957,12.2,0,0,12173,86.4,2.8,174419,1,0
Chong Qing Xiao Mian,/biz/chong-qing-xiao-mian-san-francisco?osq=Restaurants,94133,0.108277895666667,4.1,37.7964254,-122.4053439,"915 Kearny St, San Francisco, CA 94133, United States",ChIJ51REwfSAhYARvoU7sm7LGps,9402,36,687,2.6,191,0.7,13629,52.2,103,0.4,4425,79.8,7.2,71063,1,0
Breakfast at Tiffany's,/biz/breakfast-at-tiffanys-san-francisco?osq=Restaurants,94134,0.0979451726666667,4.1,37.730451,-122.4046593,"2499 San Bruno Ave, San Francisco, CA 94134, United States",ChIJwXV93vx-j4ARHCdKPwWqFJE,6429,15.3,2382,5.7,107,0.3,24887,59.3,424,1,3052,50.5,6,93068,0,0
The View Lounge,/biz/the-view-lounge-san-francisco?osq=Restaurants,94103,0.13147253,4.1,37.7852269,-122.4044815,"780 Mission St, San Francisco, CA 94103, United States",ChIJZZ_cOYaAhYARnyfbDrAkvJ8,11816,36.4,2785,8.6,822,2.5,10819,33.4,187,0.6,7597,77.7,5.5,93143,1,0
Delarosa,/biz/delarosa-san-francisco?osq=Restaurants,94123,0.135411902333333,4,37.7856475,-122.404272,"37 Yerba Buena Ln, San Francisco, CA 94103, United States",ChIJp5VgLIaAhYARLC-hH-r89rM,20187,77.6,242,0.9,59,0.2,2447,9.4,107,0.4,8563,94.6,2.5,194098,1,0
Delarosa,/biz/delarosa-san-francisco-3?osq=Restaurants,94103,0.055893524,3.9,37.7856475,-122.404272,"37 Yerba Buena Ln, San Francisco, CA 94103, United States",ChIJp5VgLIaAhYARLC-hH-r89rM,11816,36.4,2785,8.6,822,2.5,10819,33.4,187,0.6,7597,77.7,5.5,93143,1,1
Niku Steakhouse,/biz/niku-steakhouse-san-francisco?osq=Restaurants,94103,0.0618816156666667,4.3,37.7695835,-122.4035965,"61 Division St, San Francisco, CA 94103, United States",ChIJ9fZ1hrV_j4AR-j0CLhwaYc0,11816,36.4,2785,8.6,822,2.5,10819,33.4,187,0.6,7597,77.7,5.5,93143,1,0
Dumpling Alley,/biz/dumpling-alley-san-francisco?osq=Restaurants,94121,0.029881081,4.3,37.7697063,-122.4023517,"11 Division St, San Francisco, CA 94103, United States",ChIJ1anaJC1-j4ARf_9BjfDowt8,20005,45.5,763,1.7,68,0.2,18297,41.6,6,0,5747,78.4,5.4,116970,1,0
Dumpling Time,/biz/dumpling-time-san-francisco?osq=Restaurants,94103,0.0171197203333333,4.2,37.7697063,-122.4023517,"11 Division St, San Francisco, CA 94103, United States",ChIJ1anaJC1-j4ARf_9BjfDowt8,11816,36.4,2785,8.6,822,2.5,10819,33.4,187,0.6,7597,77.7,5.5,93143,1,0
Rosemary & Pine,/biz/rosemary-and-pine-san-francisco?osq=Restaurants,94103,0.207445366666667,4,37.7685267,-122.4022822,"1725 Alameda St, San Francisco, CA 94103, United States",ChIJTQdwvg5_j4ARL-1C7ddQQpI,11816,36.4,2785,8.6,822,2.5,10819,33.4,187,0.6,7597,77.7,5.5,93143,1,0
Palette,/biz/palette-san-francisco-3?osq=Restaurants,94107,0.0915580443333333,4.1,37.781883,-122.4017023,"816 Folsom St, San Francisco, CA 94107, United States",ChIJVVVlXCd-j4ARYemTTC8ydA0,15278,53.4,1189,4.2,32,0.1,7925,27.7,14,0,8703,90.8,4,164289,1,0
Astra at The St Regis San Francisco,/biz/astra-at-the-st-regis-san-francisco-san-francisco-3?osq=Restaurants,94103,0.0085930386666666,4.1,37.7860778,-122.401437,"125 3rd St, San Francisco, CA 94105, United States",ChIJLV-99YeAhYARDYB7uWMltHA,11816,36.4,2785,8.6,822,2.5,10819,33.4,187,0.6,7597,77.7,5.5,93143,1,0
Kokkari Estiatorio,/biz/kokkari-estiatorio-san-francisco?osq=Restaurants,94111,0.136880238666667,4.4,37.7970323,-122.3997559,"200 Jackson St, San Francisco, CA 94111, United States",ChIJTel9dGCAhYARQGwrTfGZ07M,2193,46.6,162,3.4,0,0,2052,43.6,0,0,747,89.9,5.2,135735,1,0
Taksim,/biz/taksim-san-francisco?osq=Restaurants,94107,0.133280384666667,4.5,37.7786451,-122.3973347,"564 4th St, San Francisco, CA 94107, United States",ChIJq6qmi9V_j4ARZGaDN1oxsIw,15278,53.4,1189,4.2,32,0.1,7925,27.7,14,0,8703,90.8,4,164289,1,0
Alimentari Aurora,/biz/alimentari-aurora-san-francisco?osq=Restaurants,94107,0.0389711996666667,4.7,37.7624543,-122.3968391,"1415 18th St, San Francisco, CA 94107, United States",ChIJS5gzIPV_j4ARL5dFg8hB1Yg,15278,53.4,1189,4.2,32,0.1,7925,27.7,14,0,8703,90.8,4,164289,1,0
Chez Maman East,/biz/chez-maman-east-san-francisco?osq=Restaurants,94107,0.0043020783333333,4.1,37.7624657,-122.3968045,"1401 18th St, San Francisco, CA 94107, United States",ChIJ3Z-klTX2MhURU5oSfoXRWaw,15278,53.4,1189,4.2,32,0.1,7925,27.7,14,0,8703,90.8,4,164289,1,1
Coqueta,/biz/coqueta-san-francisco?osq=Restaurants,94111,0.0170499606666667,4.4,37.7985824,-122.3966387,"Pier 5 The Embarcadero, San Francisco, CA 94111, United States",ChIJA8_SN2eAhYARCIvEx44Zvfw,2193,46.6,162,3.4,0,0,2052,43.6,0,0,747,89.9,5.2,135735,1,0
Social 303 Smokehouse,/biz/social-303-smokehouse-san-francisco?osq=Restaurants,94107,0.00851145,4.5,37.7847929,-122.3954485,"303 2nd St, San Francisco, CA 94107, United States",ChIJpUNVXUyBhYAR9t2iIJD6dSA,15278,53.4,1189,4.2,32,0.1,7925,27.7,14,0,8703,90.8,4,164289,1,0
Plow,/biz/plow-san-francisco?osq=Restaurants,94107,0.0171336333333333,4.4,37.762565,-122.395405,"1299 18th St, San Francisco, CA 94107, United States",ChIJRT-pgcl_j4ARC1TrxZcQ8xY,15278,53.4,1189,4.2,32,0.1,7925,27.7,14,0,8703,90.8,4,164289,1,0
Cafe Okawari,/biz/cafe-okawari-san-francisco?osq=Restaurants,94107,0.148511697666667,4.6,37.7781623,-122.3938735,"236 Townsend St, San Francisco, CA 94107, United States",ChIJWQWGdgZ_j4ARdCgvvCEzok0,15278,53.4,1189,4.2,32,0.1,7925,27.7,14,0,8703,90.8,4,164289,1,0
Hog Island Oyster,/biz/hog-island-oyster-san-francisco-2?osq=Restaurants,94111,0.0471137743333333,4.2,37.7954425,-122.3936136,"Ferry Building, #11, San Francisco, CA 94111, United States",ChIJWTGPjmaAhYARgXpiJ-aACYM,2193,46.6,162,3.4,0,0,2052,43.6,0,0,747,89.9,5.2,135735,1,0
KAIY%C5%8C Rooftop,/biz/kaiy%C5%8D-rooftop-san-francisco-5?osq=Restaurants,94105,0.644992965,3.8,37.7788559,-122.3924135,"701 3rd St, San Francisco, CA 94107, United States",ChIJAS1jCN5_j4AR_KeMCaeunWw,5757,41.7,199,1.4,34,0.2,7078,51.3,170,1.2,4725,87.3,7.5,244662,0,0
Smokin D's BBQ,/biz/smokin-d-s-bbq-san-francisco?osq=Restaurants,94116,0.0042386246666666,4,37.7234066,-122.3908576,"1465 Carroll Ave, San Francisco, CA 94124, United States",ChIJw7W4pSJ_j4AR59t1HkOPWgg,15281,33.6,537,1.2,16,0,24568,54,81,0.2,5756,76.6,5.5,134652,0,0
Piccino Restaurant,/biz/piccino-restaurant-san-francisco-2?osq=Restaurants,94107,0.0517057616666667,3.9,37.7575756,-122.3899633,"1001 Minnesota St, San Francisco, CA 94107, United States",ChIJZy35-bl_j4ARBBvSPp-LhIE,15278,53.4,1189,4.2,32,0.1,7925,27.7,14,0,8703,90.8,4,164289,1,0
Besharam,/biz/besharam-san-francisco?osq=Restaurants,94107,0.095341853,3.7,37.7541896,-122.3897345,"1275 Minnesota St, San Francisco, CA 94107, United States",ChIJpVAZ4wx_j4AR4j8Q0COpGHc,15278,53.4,1189,4.2,32,0.1,7925,27.7,14,0,8703,90.8,4,164289,1,0
Hu Tong Jian Bing,/biz/hu-tong-jian-bing-san-francisco?osq=Restaurants,94107,0.004287363,4.6,37.7618762810059,-122.388963320911,"2291 3rd St, San Francisco, CA 94107, United States",ChIJJRmUeRafj4ARQs7iBA7Y80Y,15278,53.4,1189,4.2,32,0.1,7925,27.7,14,0,8703,90.8,4,164289,1,0
Hungry Hub,/biz/hungry-hub-san-francisco?osq=Restaurants,94114,0.0173311573333333,4.5,37.7508806,-122.3881427,"1661 Tennessee St UNIT 2J, FLOOR2, San Francisco, CA 94107, United States",ChIJaXBuJgd_j4ARmGEVBb4iOOU,24366,70.7,964,2.8,154,0.4,4777,13.9,105,0.3,6822,89.2,4.3,169459,1,0
Dabao Singapore,/biz/dabao-singapore-san-francisco?osq=Restaurants,94107,0.193985149666667,4.8,37.7508806,-122.3881427,"1661 Tennessee St Unit 2K, San Francisco, CA 94107, United States",ChIJxcaEUC5_j4ARdTIRmBEmC08,15278,53.4,1189,4.2,32,0.1,7925,27.7,14,0,8703,90.8,4,164289,1,0
The Palm Court at RH San Francisco,/biz/the-palm-court-at-rh-san-francisco-san-francisco?osq=Restaurants,94107,0.116375383333333,3.9,37.7607634,-122.3873612,"590 20th St, San Francisco, CA 94107, United States",ChIJZ-2Jug9_j4ARcS2_6s5KCNs,15278,53.4,1189,4.2,32,0.1,7925,27.7,14,0,8703,90.8,4,164289,1,0
Mersea,/biz/mersea-san-francisco-4?osq=Restaurants,94130,0.134304423,4.1,37.8225013,-122.3755956,"699 Avenue of the Palms, San Francisco, CA 94130, United States",ChIJ21Y53zSAhYARAcRe9euscGs,1398,43.9,586,18.4,34,1.1,289,9.1,91,2.9,333,50.8,12.7,83077,0,0