Restaurant,Latitude,Longitude,Address,Place-ID,URL,Stars,ZIP,Attractions,Avg. Exposure,White,ofWhite,Black,ofBlack,AmericanIndaian,ofAI,Asian,ofAisan,NativeHawiian,ofNativeHawiian,Edu,ofEDU,Unemployment,Wealth,Hotspot
Nakama,37.7748269,-122.4210277,"41 Franklin St, San Francisco, CA 94102, United States",ChIJpbyOT5aBhYARrZzTrrbVEVg,/biz/nakama-san-jose?osq=Restaurants,4.6,95122,1,0.226980432666667,10569,19.5,834,1.5,598,1.1,18953,35,439,0.8,2147,27.9,7.3,90984,1
Mama Minty,37.7747166,-122.4166601,"1450 Mission St, San Francisco, CA 94103, United States",ChIJk035uZ2AhYARPv7lYnedi60,/biz/mama-minty-san-jose?osq=Restaurants,4.1,95126,1,0.0213254553333333,17713,48.6,1886,5.2,336,0.9,6090,16.7,30,0.1,5602,65.4,4.4,116063,1
Scott's Chowder House,37.439229,-122.1583325,"855 El Camino Real UNIT 309, Palo Alto, CA 94301, United States",ChIJY96xxru7j4ARUddceB-eliI,/biz/scotts-chowder-house-san-jose?osq=Restaurants,3.6,95113,1,0.104054614,820,37,150,6.8,0,0,884,39.9,5,0.2,746,85.6,4.1,124625,0
Ludwigs German Table,37.3913986,-122.0800827,"383 Castro St, Mountain View, CA 94041, United States",ChIJr2AqoJm3j4ARFMnM43xElBQ,/biz/ludwigs-german-table-san-jose?osq=Restaurants,3.1,95112,1,0.146847562,19694,33.7,2903,5,550,0.9,14867,25.4,268,0.5,6146,51.6,6,83224,0
Ozu Ramen Kitchen,37.3102141,-122.0319612,"1000 S De Anza Blvd, San Jose, CA 95129, United States",ChIJ8fHMEQS1j4AR-wjjcFDAwo8,/biz/ozu-ramen-kitchen-san-jose?osq=Restaurants,3.9,95113,1,0.044998453,820,37,150,6.8,0,0,884,39.9,5,0.2,746,85.6,4.1,124625,0
Katana Ramen,37.3656386,-122.0280726,"411 E El Camino Real, Sunnyvale, CA 94087, United States",ChIJIXcwTWW2j4ARVDz5yTgT9Nw,/biz/katana-ramen-san-jose-2?osq=Restaurants,3.7,95118,0,0.004558166,18184,55.6,476,1.5,132,0.4,7376,22.6,190,0.6,1881,53.8,5,130745,1
Hunan Mifen,37.3611807,-122.0259782,"592 E El Camino Real, Sunnyvale, CA 94087, United States",ChIJdzqA8My3j4ARTItxcnonDfs,/biz/hunan-mifen-san-jose-2?osq=Restaurants,4,95129,0,0.0042189463333333,9599,24.4,1003,2.6,138,0.4,25974,66.1,1,0,3070,73.9,2.8,163245,0
Cap't Loui,37.3253382,-122.0124613,"19700 Vallco Pkwy #150, Cupertino, CA 95014, United States",ChIJN06212-1j4ARmXgKWnhSJQU,/biz/capt-loui-cupertino?osq=Restaurants,3.7,95014,0,0.0805193176666667,14902,24,671,1.1,119,0.2,43005,69.2,215,0.3,5287,82,2.4,198602,0
Shang Cafe,37.3086802,-122.012402,"6154 Bollinger Rd, San Jose, CA 95129, United States",ChIJceiBSg61j4ARPic_HgUjNC4,/biz/shang-cafe-san-jose-3?osq=Restaurants,4,95129,0,0.0042189463333333,9599,24.4,1003,2.6,138,0.4,25974,66.1,1,0,3070,73.9,2.8,163245,1
Dough Zone - Cupertino,37.3253703,-122.0116909,"19600 Vallco Pkwy Suite 130, Cupertino, CA 95014, United States",ChIJxw4ZHzG1j4ARxpDmjdv6Oi4,/biz/dough-zone-cupertino-cupertino?osq=Restaurants,4,95014,0,0.118512819666667,14902,24,671,1.1,119,0.2,43005,69.2,215,0.3,5287,82,2.4,198602,1
Bon Mot,37.32406,-122.0100792,"19429 Stevens Creek Blvd, Cupertino, CA 95014, United States",ChIJf_bpsXe1j4ARDxlMFkjY_n0,/biz/bon-mot-cupertino?osq=Restaurants,4.5,95014,0,0.136610273666667,14902,24,671,1.1,119,0.2,43005,69.2,215,0.3,5287,82,2.4,198602,1
Oren's Hummus,37.3238358,-122.009883,"19419 Stevens Creek Blvd, Cupertino, CA 95014, United States",ChIJGQFJdJ61j4ARIZHyixRmDsU,/biz/orens-hummus-campbell?osq=Restaurants,4,95008,1,0.0042419716666666,27741,56.9,1205,2.5,197,0.4,12187,25,14,0,4550,62.8,3,128476,1
Koi Palace - Cupertino COMING SOON,37.3233207,-122.0093603,"19369 Stevens Creek Blvd #100, Cupertino, CA 95014, United States",ChIJPRCjX4i1j4ARo0hy6xuQHVI,/biz/koi-palace-cupertino-coming-soon-cupertino?osq=Restaurants,4.6,95014,0,0.0045695773333333,14902,24,671,1.1,119,0.2,43005,69.2,215,0.3,5287,82,2.4,198602,0
Eureka! Cupertino,37.3233788,-122.0090854,"19369 Stevens Creek Blvd STE 130, Cupertino, CA 95014, United States",ChIJr3cC3521j4ARcQCNrf1ObhI,/biz/eureka-cupertino-cupertino-2?osq=Restaurants,3.8,95014,0,0.0980260876666667,14902,24,671,1.1,119,0.2,43005,69.2,215,0.3,5287,82,2.4,198602,0
Lazy Dog Restaurant & Bar,37.3233964,-122.0086335,"19359 Stevens Creek Blvd, Cupertino, CA 95014, United States",ChIJAb33GUS0j4ARjGKbpYi5jR4,/biz/lazy-dog-restaurant-and-bar-cupertino?osq=Restaurants,3.9,95014,0,0.152320162,14902,24,671,1.1,119,0.2,43005,69.2,215,0.3,5287,82,2.4,198602,1
Tanto Japanese Restaurant,37.352633,-122.0039537,"1063 E El Camino Real, Sunnyvale, CA 94087, United States",ChIJd9TXHPC1j4ARszU6xMtr_Vs,/biz/tanto-japanese-restaurant-sunnyvale-2?osq=Restaurants,3.8,94087,0,0.0613278663333333,21558,36.1,709,1.2,449,0.8,30768,51.5,2,0,7024,84.3,4.7,178128,1
Slapfish,37.292761369094,-121.995917832544,"5297 Prospect Rd #40, San Jose, CA 95129, United States",ChIJR9T0qiixwoARyyf-TnQSHd4,/biz/slapfish-san-jose?osq=Restaurants,3.6,95129,0,0.0127176913333333,9599,24.4,1003,2.6,138,0.4,25974,66.1,1,0,3070,73.9,2.8,163245,0
Local Chengdu,37.2925717,-121.9953485,"5293 Prospect Rd STE C, San Jose, CA 95129, United States",ChIJz5b2g3S1j4ARYpYFbXqwq0U,/biz/local-chengdu-san-jose?osq=Restaurants,3.6,95129,0,0.108348593,9599,24.4,1003,2.6,138,0.4,25974,66.1,1,0,3070,73.9,2.8,163245,1
La Cueva Mex Grill,37.2914178,-121.994346,"18486 Prospect Rd, Saratoga, CA 95070, United States",ChIJ3Up278C0j4ARkU8YVZQFV8I,/biz/la-cueva-mex-grill-saratoga-2?osq=Restaurants,4.4,95070,0,0.01700584,13275,41.2,28,0.1,125,0.4,16921,52.6,0,0,1616,84.7,3.4,222235,1
Kings Porkfeet,37.3392213,-121.9942871,"3521 Homestead Rd, Santa Clara, CA 95051, United States",ChIJjxlptYm1j4ARdcGBsyAxw1k,/biz/kings-porkfeet-santa-clara?osq=Restaurants,3.6,95051,0,0.008454168,19672,32.5,1004,1.7,268,0.4,31977,52.8,508,0.8,11692,81.9,3.7,160979,0
La Casa Mia,37.3363574,-121.9942367,"3548 Homestead Rd, Santa Clara, CA 95051, United States",ChIJj-KQILe1j4ARHODzE88rGUU,/biz/la-casa-mia-santa-clara?osq=Restaurants,3.9,95051,0,0.140642781333333,19672,32.5,1004,1.7,268,0.4,31977,52.8,508,0.8,11692,81.9,3.7,160979,1
Orenchi Ramen,37.336347,-121.994157,"3540 Homestead Rd, Santa Clara, CA 95051, United States",ChIJX_7Uaoi1j4ARjlLl0tgTL20,/biz/orenchi-ramen-santa-clara-2?osq=Restaurants,3.9,95051,0,0.135875882,19672,32.5,1004,1.7,268,0.4,31977,52.8,508,0.8,11692,81.9,3.7,160979,0
Gaku Yakitori,37.3089323,-121.9939037,"5152 Moorpark Ave #40, San Jose, CA 95129, United States",ChIJWx6oEWC1j4ARGOXRN4H0710,/biz/gaku-yakitori-san-jose?osq=Restaurants,4,95129,0,0.06634654,9599,24.4,1003,2.6,138,0.4,25974,66.1,1,0,3070,73.9,2.8,163245,0
Tabu Shabu - San Jose,37.290451,-121.993072,"1410 El Paseo de Saratoga, San Jose, CA 95130, United States",ChIJoY3ZY1W1j4AR9TW3x6fb-hw,/biz/tabu-shabu-san-jose-san-jose?osq=Restaurants,4.5,95130,0,0.138989944666667,5877,44.7,396,3,3,0,5199,39.5,40,0.3,1336,72.4,2.4,158656,1
Sifu Wong Kitchen,37.3909497,-121.9921677,"1219 Wildwood Ave, Sunnyvale, CA 94089, United States",ChIJ8Qt3_4rJj4AR_I_HWkzFGT0,/biz/sifu-wong-kitchen-sunnyvale-3?osq=Restaurants,3.9,94089,0,0.139231700666667,7737,32.9,347,1.5,34,0.1,10968,46.7,218,0.9,4448,72.2,4.3,136983,0
Himalayan Magic Masala,37.2927115,-121.9887499,"Right next to Starbucks, 1600 Saratoga Ave #203, San Jose, CA 95129, United States",ChIJZRkxQx_Lj4ARAhj5Dr8q6fM,/biz/himalayan-magic-masala-san-jose?osq=Restaurants,4,95129,0,0.0085523396666666,9599,24.4,1003,2.6,138,0.4,25974,66.1,1,0,3070,73.9,2.8,163245,0
Xiaoman Riceburrito %E5%B0%8F%E6%BB%BF%E9%A3%AF%E7%B3%B0,37.35272,-121.98685,"1614 Pomeroy Ave  Santa Clara, CA 95051",-,/biz/xiaoman-riceburrito-%E5%B0%8F%E6%BB%BF%E9%A3%AF%E7%B3%B0-santa-clara-5?osq=Restaurants,4.1,95051,0,0.138796880666667,19672,32.5,1004,1.7,268,0.4,31977,52.8,508,0.8,11692,81.9,3.7,160979,0
Dae Bak,37.3520536,-121.9863702,"3284 El Camino Real, Santa Clara, CA 95051, United States",ChIJt2sFbgzKj4AR6wGcORzYYBs,/biz/dae-bak-santa-clara?osq=Restaurants,4.1,95051,0,0.0129215003333333,19672,32.5,1004,1.7,268,0.4,31977,52.8,508,0.8,11692,81.9,3.7,160979,0
Due Dieci,37.221127,-121.985215,"140 S Santa Cruz Ave, Los Gatos, CA 95030, United States",ChIJq6r6sPs1joARdCz4Xj8HMdI,/biz/due-dieci-los-gatos?osq=Restaurants,4.3,95030,0,0.123198738666667,10649,78.7,33,0.2,143,1.1,2206,16.3,0,0,434,79.6,4.9,215461,1
Polenteria,37.2230985,-121.9841452,"10 Victory Ln, Los Gatos, CA 95030, United States",ChIJ_5pV4kk1joARW2226fWKJsI,/biz/polenteria-los-gatos?osq=Restaurants,4.9,95030,0,0.0042157323333333,10649,78.7,33,0.2,143,1.1,2206,16.3,0,0,434,79.6,4.9,215461,0
Tostadas Prime,37.3894595,-121.9839134,"3149 Mission College Blvd, Santa Clara, CA 95054, United States",ChIJeykvsx3Jj4ARN8YToGK-6VU,/biz/tostadas-prime-santa-clara?osq=Restaurants,3.2,95054,0,0.0483650846666667,5642,23.1,1274,5.2,27,0.1,13968,57.2,17,0.1,4879,77.2,5.5,171799,1
The Pastaria & Market,37.2234356,-121.9836032,"27 N Santa Cruz Ave, Los Gatos, CA 95030, United States",ChIJ8xsVveQ1joARlqXBeAqZcME,/biz/the-pastaria-and-market-los-gatos?osq=Restaurants,4.2,95030,0,0.0343593556666667,10649,78.7,33,0.2,143,1.1,2206,16.3,0,0,434,79.6,4.9,215461,1
Chez Philippe,37.223545,-121.983168,"34 N Santa Cruz Ave, Los Gatos, CA 95030, United States",ChIJwYHJTKY1joARWTbRzpx3D0I,/biz/chez-philippe-los-gatos-2?osq=Restaurants,3.8,95030,0,0.0929200353333333,10649,78.7,33,0.2,143,1.1,2206,16.3,0,0,434,79.6,4.9,215461,0
Terra,37.2247815,-121.98242,"120 N Santa Cruz Ave, Los Gatos, CA 95030, United States",ChIJf189CvA1joARfuVCTcfsH8Y,/biz/terra-santa-clara?osq=Restaurants,3.2,95050,0,0.140324669333333,18946,48.2,1159,3,82,0.2,11878,30.2,428,1.1,5350,66.9,3,107311,1
Forbes Mill Steakhouse,37.2261161,-121.9820709,"206 N Santa Cruz Ave, Los Gatos, CA 95030, United States",ChIJi62xIvA1joARt5PnCh9TVLk,/biz/forbes-mill-steakhouse-los-gatos?osq=Restaurants,4,95030,0,0.0298354986666667,10649,78.7,33,0.2,143,1.1,2206,16.3,0,0,434,79.6,4.9,215461,0
Telef%C3%A8ric Barcelona - Los Gatos,37.22319,-121.98182,"50 University Ave  Ste B270  Los Gatos, CA 95030",-,/biz/telef%C3%A8ric-barcelona-los-gatos-los-gatos-2?osq=Restaurants,4.1,95030,0,0.165272821666667,10649,78.7,33,0.2,143,1.1,2206,16.3,0,0,434,79.6,4.9,215461,0
Seorai,37.3519843,-121.9816609,"3044 El Camino Real, Santa Clara, CA 95051, United States",ChIJy9g-svLLj4ARlMBCdWcxO2Y,/biz/seorai-santa-clara?osq=Restaurants,4.7,95051,0,0.137311168333333,19672,32.5,1004,1.7,268,0.4,31977,52.8,508,0.8,11692,81.9,3.7,160979,0
Sidecar Modern Tavern,37.2214163,-121.9810714,"25 E Main St, Los Gatos, CA 95030, United States",ChIJ6SyHtno1joARXN10ddEyP0A,/biz/sidecar-modern-tavern-los-gatos?osq=Restaurants,4,95030,0,0.123151277333333,10649,78.7,33,0.2,143,1.1,2206,16.3,0,0,434,79.6,4.9,215461,1
Los Gatos Cafe,37.2283345,-121.9810701,"340 N Santa Cruz Ave, Los Gatos, CA 95030, United States",ChIJP1x0Ju41joARJC1IgZC6SaE,/biz/los-gatos-cafe-los-gatos-4?osq=Restaurants,3.4,95030,0,0.068643395,10649,78.7,33,0.2,143,1.1,2206,16.3,0,0,434,79.6,4.9,215461,1
Tasting House,37.2283045,-121.9805521,"368 Village Ln, Los Gatos, CA 95030, United States",ChIJL9jKq-01joARbAvbnjkxq80,/biz/tasting-house-los-gatos?osq=Restaurants,4.5,95030,0,0.141789914,10649,78.7,33,0.2,143,1.1,2206,16.3,0,0,434,79.6,4.9,215461,0
Dan Izakaya Restaurant,37.3003042,-121.9800368,"1306 Saratoga Ave, San Jose, CA 95129, United States",ChIJsbLE36_Kj4ARgp_-rkOUYpg,/biz/dan-izakaya-restaurant-san-jose-2?osq=Restaurants,3.8,95129,0,0.132973976333333,9599,24.4,1003,2.6,138,0.4,25974,66.1,1,0,3070,73.9,2.8,163245,1
Hercules Draft House And Cantina,37.2280678,-121.9798769,"165 Saratoga-Los Gatos Rd, Los Gatos, CA 95030, United States",ChIJN7-2wuI1joAR_8OOyrY9LVA,/biz/hercules-draft-house-and-cantina-los-gatos?osq=Restaurants,4.6,95030,0,0.0303821376666667,10649,78.7,33,0.2,143,1.1,2206,16.3,0,0,434,79.6,4.9,215461,0
Forthright Oyster Bar & Kitchen,37.2855262,-121.9797403,"1700 W Campbell Ave, Campbell, CA 95008, United States",ChIJkw4htE81joARM0tHciWDq8w,/biz/forthright-oyster-bar-and-kitchen-campbell?osq=Restaurants,4.1,95008,1,0.181081303,27741,56.9,1205,2.5,197,0.4,12187,25,14,0,4550,62.8,3,128476,1
Silla Modern Korean,37.3520831,-121.9792529,"2910 El Camino Real, Santa Clara, CA 95051, United States",ChIJGVgpz07Lj4ARjVNOw8WiErY,/biz/silla-modern-korean-santa-clara?osq=Restaurants,4.3,95051,0,0.0298580863333333,19672,32.5,1004,1.7,268,0.4,31977,52.8,508,0.8,11692,81.9,3.7,160979,0
Kunjip,37.3458572,-121.9787835,"1066 Kiely Blvd, Santa Clara, CA 95051, United States",ChIJO79pfG7Kj4ARTnmoiEbJKEk,/biz/kunjip-santa-clara-3?osq=Restaurants,4.4,95051,0,0.12697986,19672,32.5,1004,1.7,268,0.4,31977,52.8,508,0.8,11692,81.9,3.7,160979,0
Hong Kong Banjum Paik's Noodle,37.3513928,-121.9782063,"1520 Kiely Blvd, Santa Clara, CA 95051, United States",ChIJT2NxLBPKj4ARRivowJnL3Wg,/biz/hong-kong-banjum-paiks-noodle-santa-clara?osq=Restaurants,4.1,95051,0,0.127789490666667,19672,32.5,1004,1.7,268,0.4,31977,52.8,508,0.8,11692,81.9,3.7,160979,0
Fugetsu - San Jose,37.3156767,-121.9781519,"4342 Moorpark Ave Ste. 20, San Jose, CA 95129, United States",ChIJ56OWhlvLj4ARpBVDUQvCFRc,/biz/fugetsu-san-jose-san-jose-2?osq=Restaurants,4.6,95129,0,0.11114441,9599,24.4,1003,2.6,138,0.4,25974,66.1,1,0,3070,73.9,2.8,163245,1
ToBang,37.345773,-121.977998,"1052 Kiely Blvd, Santa Clara, CA 95051, United States",ChIJy6tsfm7Kj4ARzJZ2WGCaW4U,/biz/tobang-santa-clara-2?osq=Restaurants,4.1,95051,0,0.0922820603333333,19672,32.5,1004,1.7,268,0.4,31977,52.8,508,0.8,11692,81.9,3.7,160979,1
Udon Mugizo - San Jose,37.3065618,-121.9775703,"1072 Saratoga Ave, San Jose, CA 95129, United States",ChIJe5iRE2XLj4ARi1-93Dj5O-Q,/biz/udon-mugizo-san-jose-san-jose?osq=Restaurants,3.7,95129,0,0.132002465666667,9599,24.4,1003,2.6,138,0.4,25974,66.1,1,0,3070,73.9,2.8,163245,1
HiroNori Craft Ramen,37.3933343,-121.9775162,"4300 Great America Pkwy #180, Santa Clara, CA 95054, United States",ChIJZw6-oKvJj4ARnE5qohg5ILw,/biz/hironori-craft-ramen-santa-clara?osq=Restaurants,4.3,95054,0,0.158590285,5642,23.1,1274,5.2,27,0.1,13968,57.2,17,0.1,4879,77.2,5.5,171799,0
Eureka,37.3819342,-121.9767825,"2762 Augustine Dr Suite 130, Santa Clara, CA 95054, United States",ChIJaZWd-47Jj4ARWZEZOwc6x8Q,/biz/eureka-santa-clara-5?osq=Restaurants,4.7,95054,0,0.182538972666667,5642,23.1,1274,5.2,27,0.1,13968,57.2,17,0.1,4879,77.2,5.5,171799,1
Danawa,37.351122,-121.97666,"2776 El Camino Real, Santa Clara, CA 95051, United States",ChIJC4C6r23Lj4ARxyuqvfEQWvw,/biz/danawa-santa-clara-2?osq=Restaurants,4.2,95051,0,0.129115347,19672,32.5,1004,1.7,268,0.4,31977,52.8,508,0.8,11692,81.9,3.7,160979,0
Kumako Ramen Den,37.3188799,-121.9740943,"487 Saratoga Ave, San Jose, CA 95129, United States",ChIJVQtbCLjLj4ARnYX8Sg-mxaQ,/biz/kumako-ramen-den-san-jose-3?osq=Restaurants,4.4,95129,0,0.214972442666667,9599,24.4,1003,2.6,138,0.4,25974,66.1,1,0,3070,73.9,2.8,163245,0
Kokodek,37.3198094,-121.9738971,"385 Kiely Blvd #20, San Jose, CA 95129, United States",ChIJ0RroqzPLj4ARx8p0aLbkaPY,/biz/kokodek-san-jose-2?osq=Restaurants,3.8,95129,0,0.0830018356666667,9599,24.4,1003,2.6,138,0.4,25974,66.1,1,0,3070,73.9,2.8,163245,0
MoDak Korean Chicken,37.3199073,-121.9732498,"405 Saratoga Ave UNIT 20, San Jose, CA 95129, United States",ChIJna2j1qLLj4AR6_P3XoTYodE,/biz/modak-korean-chicken-san-jose-3?osq=Restaurants,4.3,95129,0,0.128803487,9599,24.4,1003,2.6,138,0.4,25974,66.1,1,0,3070,73.9,2.8,163245,0
Sumiya,37.338848,-121.972908,"2634 Homestead Rd, Santa Clara, CA 95051, United States",ChIJYblqPWC1j4ARyLKXlQgGaJ0,/biz/sumiya-santa-clara?osq=Restaurants,4.2,95051,0,0.184159711,19672,32.5,1004,1.7,268,0.4,31977,52.8,508,0.8,11692,81.9,3.7,160979,1
Sumiya,37.338848,-121.972908,"2634 Homestead Rd, Santa Clara, CA 95051, United States",ChIJYblqPWC1j4ARyLKXlQgGaJ0,/biz/sumiya-santa-clara?osq=Restaurants,4.2,95051,0,0.184159711,19672,32.5,1004,1.7,268,0.4,31977,52.8,508,0.8,11692,81.9,3.7,160979,1
Angry Chickz,37.321476,-121.972068,"375 Saratoga Ave Suite H, San Jose, CA 95129, United States",ChIJY-LuBDrLj4ARbRj7asc80n0,/biz/angry-chickz-san-jose?osq=Restaurants,3.7,95129,0,0.0606225366666667,9599,24.4,1003,2.6,138,0.4,25974,66.1,1,0,3070,73.9,2.8,163245,1
The Angry Hot Chicken,37.321476,-121.972068,"375 Saratoga Ave Suite H, San Jose, CA 95129, United States",ChIJY-LuBDrLj4ARbRj7asc80n0,/biz/the-angry-hot-chicken-san-jose?osq=Restaurants,4.3,95133,1,0.0995505573333333,3951,13.7,864,3,275,1,17185,59.5,221,0.8,3296,65.9,8.5,110484,0
Sorelle Italian Bistro,37.273782,-121.9718836,"915 S San Tomas Aquino Rd, Campbell, CA 95008, United States",ChIJ56AOHms1joARAr6rRn189_E,/biz/sorelle-italian-bistro-campbell?osq=Restaurants,4.5,95008,1,0.127209227,27741,56.9,1205,2.5,197,0.4,12187,25,14,0,4550,62.8,3,128476,0
Demiya,37.321474,-121.9718614,"375 Saratoga Ave G, San Jose, CA 95129, United States",ChIJe8BYHJPKj4ARKCzksHmNcEs,/biz/demiya-san-jose?osq=Restaurants,3.8,95129,0,0.1062671,9599,24.4,1003,2.6,138,0.4,25974,66.1,1,0,3070,73.9,2.8,163245,1
Leichi,37.3296971,-121.9667893,"246 Saratoga Ave, Santa Clara, CA 95050, United States",ChIJZXIcnPPKj4ARtdNo8ZQce2A,/biz/leichi-santa-clara-2?osq=Restaurants,4,95050,0,0.15636197,18946,48.2,1159,3,82,0.2,11878,30.2,428,1.1,5350,66.9,3,107311,0
Pocha K,37.3520436,-121.9663527,"2340 El Camino Real, Santa Clara, CA 95050, United States",ChIJ78EnlyrLj4ARvoq2zexYCUQ,/biz/pocha-k-santa-clara?osq=Restaurants,4.6,95050,0,0.155785615666667,18946,48.2,1159,3,82,0.2,11878,30.2,428,1.1,5350,66.9,3,107311,1
Bloom,37.328383,-121.9662021,"202 Saratoga Ave, Santa Clara, CA 95050, United States",ChIJRY87QdDLj4ARczC3LCvVCnE,/biz/bloom-santa-clara?osq=Restaurants,4.3,95050,0,0.164555965666667,18946,48.2,1159,3,82,0.2,11878,30.2,428,1.1,5350,66.9,3,107311,0
Hash House,37.2945047,-121.9646189,"851 W Hamilton Ave, Campbell, CA 95008, United States",ChIJdXEFdzQ1joARjokp4wQIoLI,/biz/hash-house-campbell?osq=Restaurants,3.8,95008,1,0.0791950016666667,27741,56.9,1205,2.5,197,0.4,12187,25,14,0,4550,62.8,3,128476,1
Tapsilog Bistro,37.2949624,-121.9637421,"819 W Hamilton Ave, Campbell, CA 95008, United States",ChIJZQLbjTM1joARRaFhWYLkpPM,/biz/tapsilog-bistro-campbell?osq=Restaurants,4,95008,1,0.138641914,27741,56.9,1205,2.5,197,0.4,12187,25,14,0,4550,62.8,3,128476,0
Chicken Meets Rice,37.4081023,-121.9634644,"2213 Tasman Dr, Santa Clara, CA 95054, United States",ChIJdUyBWbHJj4ARkm-xNlKLjag,/biz/chicken-meets-rice-santa-clara?osq=Restaurants,4.3,95054,0,0.096521828,5642,23.1,1274,5.2,27,0.1,13968,57.2,17,0.1,4879,77.2,5.5,171799,1
Burma Bistro,37.3529778,-121.9618972,"2135 El Camino Real, Santa Clara, CA 95050, United States",ChIJj4byikbKj4AR28cYrpKVBSk,/biz/burma-bistro-santa-clara?osq=Restaurants,3.8,95050,0,0.0810452213333333,18946,48.2,1159,3,82,0.2,11878,30.2,428,1.1,5350,66.9,3,107311,1
Brew City Grill,37.2947332,-121.9617974,"651 W Hamilton Ave Suite 1070, Campbell, CA 95008, United States",ChIJo8gAiYI1joARCYWTsP9QQk8,/biz/brew-city-grill-campbell-3?osq=Restaurants,4.4,95008,1,0.147481413666667,27741,56.9,1205,2.5,197,0.4,12187,25,14,0,4550,62.8,3,128476,0
Reggae Pot,37.244148,-121.9607555,"15495 Los Gatos Blvd D, Los Gatos, CA 95032, United States",ChIJEYsou7k1joARLnokSMkWLzM,/biz/reggae-pot-los-gatos?osq=Restaurants,4.3,95032,0,0.0256999006666667,19526,71.9,257,0.9,14,0.1,5004,18.4,0,0,1645,73.5,4.7,163082,1
A Slice of New York,37.3235028,-121.9590056,"3443 Stevens Creek Blvd, San Jose, CA 95117, United States",ChIJG11cU-_Kj4AR3fVk1bLWsYQ,/biz/a-slice-of-new-york-san-jose?osq=Restaurants,3.8,95117,0,0.125803718,12897,44.7,2314,8,26,0.1,7702,26.7,59,0.2,3153,53.1,6.5,107972,1
Restaurant Gish,37.3434096,-121.958998,"1998 Homestead Rd #113, Santa Clara, CA 95050, United States",ChIJbZQsqpDLj4ARHS2lJFcGpVw,/biz/restaurant-gish-santa-clara-3?osq=Restaurants,4.5,95050,0,0.133964951666667,18946,48.2,1159,3,82,0.2,11878,30.2,428,1.1,5350,66.9,3,107311,0
Tapsilog Cantina,37.3435412,-121.9589076,"1998 Homestead Rd #113, Santa Clara, CA 95050, United States",ChIJD1XrFPzLj4AR3lYY2zq5PN4,/biz/tapsilog-cantina-santa-clara-3?osq=Restaurants,3.8,95050,0,0.0424559466666667,18946,48.2,1159,3,82,0.2,11878,30.2,428,1.1,5350,66.9,3,107311,0
Athena Grill,37.3764667,-121.9564944,"1505 Space Park Dr, Santa Clara, CA 95054, United States",ChIJH7hSMCjKj4ARGFgaleOZsZc,/biz/athena-grill-santa-clara-2?osq=Restaurants,4.1,95054,0,0.0690155863333333,5642,23.1,1274,5.2,27,0.1,13968,57.2,17,0.1,4879,77.2,5.5,171799,0
Cheezy Noodz,37.3236524450148,-121.954165002313,"3245 Stevens Creek Blvd  San Jose, CA 95117  West San Jose",-,/biz/cheezy-noodz-san-jose?osq=Restaurants,3.6,95117,0,0.00422543,12897,44.7,2314,8,26,0.1,7702,26.7,59,0.2,3153,53.1,6.5,107972,0
The Funny Farm Restaurant,37.3235054,-121.9540769,"3245 Stevens Creek Blvd, San Jose, CA 95117, United States",ChIJEQ1UaJ3Lj4ARkeqWFNgSVFM,/biz/the-funny-farm-restaurant-san-jose-2?osq=Restaurants,4.3,95117,0,0.270583381666667,12897,44.7,2314,8,26,0.1,7702,26.7,59,0.2,3153,53.1,6.5,107972,0
The Funny Farm,37.3235054,-121.9540769,"3245 Stevens Creek Blvd, San Jose, CA 95117, United States",ChIJEQ1UaJ3Lj4ARkeqWFNgSVFM,/biz/the-funny-farm-san-jose-3?osq=Restaurants,3.7,95135,0,0.146903151666667,6700,30.4,503,2.3,94,0.4,12735,57.9,46,0.2,717,66.8,4.5,178977,0
Must be Thai,37.3240027,-121.951719,"3143 Stevens Creek Blvd, San Jose, CA 95117, United States",ChIJxRbrPuHKj4ARCHvgdxv0uiE,/biz/must-be-thai-san-jose-2?osq=Restaurants,4.1,95117,0,0.239650333333333,12897,44.7,2314,8,26,0.1,7702,26.7,59,0.2,3153,53.1,6.5,107972,1
ACHILLES,37.3376149,-121.9507613,"2521 Newhall St, Santa Clara, CA 95050, United States",ChIJ9YVdRIzLj4ARKp3PpZ5qu38,/biz/achilles-santa-clara?osq=Restaurants,3.9,95050,0,0.160234857,18946,48.2,1159,3,82,0.2,11878,30.2,428,1.1,5350,66.9,3,107311,1
Shawowrma Mediterranean Street Food,37.2966865,-121.9504884,"1505 S Winchester Blvd, San Jose, CA 95128, United States",ChIJWdJITno1joARVw2uBoCbHSI,/biz/shawowrma-mediterranean-street-food-san-jose?osq=Restaurants,3.8,95117,0,0.107253598666667,12897,44.7,2314,8,26,0.1,7702,26.7,59,0.2,3153,53.1,6.5,107972,1
Sushi Express,37.2966865,-121.9504884,"1505 S Winchester Blvd, San Jose, CA 95128, United States",ChIJ0cY0Zd81joARj8Ops9I5iiY,/biz/sushi-express-san-jose?osq=Restaurants,3.9,95117,0,0.0759865283333333,12897,44.7,2314,8,26,0.1,7702,26.7,59,0.2,3153,53.1,6.5,107972,1
ZongZi House,37.2967329,-121.9504301,"1505 S Winchester Blvd, San Jose, CA 95117, United States",ChIJKQpL7H01joARoWlMAu8iYG0,/biz/zongzi-house-san-jose?osq=Restaurants,4.7,95128,1,0.108777139,19004,53.7,1612,4.6,231,0.7,6620,18.7,315,0.9,3933,55.9,3.6,105563,1
Uncle John's Pancake House - Winchester,37.285203,-121.950111,"2125 S Winchester Blvd, Campbell, CA 95008, United States",ChIJRzAr_iA1joAROp6CYEzXFEU,/biz/uncle-johns-pancake-house-winchester-campbell?osq=Restaurants,4,95008,1,0.0515965426666667,27741,56.9,1205,2.5,197,0.4,12187,25,14,0,4550,62.8,3,128476,1
Super Tamales,37.3156753,-121.9496735,"602 S Winchester Blvd, San Jose, CA 95128, United States",ChIJky8lUwrLj4ARPiTU_xjtr6I,/biz/super-tamales-san-jose-4?osq=Restaurants,5,95136,1,0.013821722,20480,41.9,2475,5.1,313,0.6,15764,32.3,293,0.6,4018,53.3,3.4,131879,1
Sauced BBQ & Spirits - San Jose,37.320991,-121.9496174,"3055 Olin Ave #1005, San Jose, CA 95128, United States",ChIJLx1gc33Lj4AR8ixttG2LqBc,/biz/sauced-bbq-and-spirits-san-jose-san-jose-4?osq=Restaurants,3.9,95128,1,0.141239888333333,19004,53.7,1612,4.6,231,0.7,6620,18.7,315,0.9,3933,55.9,3.6,105563,0
South Winchester BBQ,37.2994088,-121.9495929,"1362 S Winchester Blvd, San Jose, CA 95128, United States",ChIJSRo6Vyo1joARjWyvgQaVBeg,/biz/south-winchester-bbq-san-jose?osq=Restaurants,3.9,95128,1,0.121755697333333,19004,53.7,1612,4.6,231,0.7,6620,18.7,315,0.9,3933,55.9,3.6,105563,1
Mendocino Farms,37.3190837,-121.9486391,"3090 Olsen Dr, San Jose, CA 95128, United States",ChIJTWtHdN_Kj4AR6G5oOlxvruw,/biz/mendocino-farms-san-jose-2?osq=Restaurants,3.7,95128,1,0.113087728,19004,53.7,1612,4.6,231,0.7,6620,18.7,315,0.9,3933,55.9,3.6,105563,1
Mendocino Farms,37.3190837,-121.9486391,"3090 Olsen Dr, San Jose, CA 95128, United States",ChIJTWtHdN_Kj4AR6G5oOlxvruw,/biz/mendocino-farms-campbell?osq=Restaurants,4.1,95008,1,0.0972587213333333,27741,56.9,1205,2.5,197,0.4,12187,25,14,0,4550,62.8,3,128476,1
Left Wing - San Jose,37.3190599,-121.948472,"3090 Olsen Dr #11015, San Jose, CA 95128, United States",ChIJ-_V-azDLj4ARCK-djHfpX_k,/biz/left-wing-san-jose-san-jose?osq=Restaurants,4.3,95128,1,0.133275582,19004,53.7,1612,4.6,231,0.7,6620,18.7,315,0.9,3933,55.9,3.6,105563,1
Locanda Sorrento,37.2869637,-121.9483633,"76 E Campbell Ave, Campbell, CA 95008, United States",ChIJnf6wFeA1joAREDiebaBqq3o,/biz/locanda-sorrento-campbell?osq=Restaurants,4.7,95008,1,0.188632803333333,27741,56.9,1205,2.5,197,0.4,12187,25,14,0,4550,62.8,3,128476,0
Locanda Sorrento,37.2869637,-121.9483633,"76 E Campbell Ave, Campbell, CA 95008, United States",ChIJnf6wFeA1joAREDiebaBqq3o,/biz/locanda-sorrento-campbell?osq=Restaurants,4.7,95008,1,0.188632803333333,27741,56.9,1205,2.5,197,0.4,12187,25,14,0,4550,62.8,3,128476,0
Meso Modern Mediterranean,37.3190375,-121.9482373,"3060 Olsen Dr Ste 50, San Jose, CA 95128, United States",ChIJj7Bodt_Kj4ARiVIfRrZGYMM,/biz/meso-modern-mediterranean-san-jose-2?osq=Restaurants,4,95128,1,0.205882675666667,19004,53.7,1612,4.6,231,0.7,6620,18.7,315,0.9,3933,55.9,3.6,105563,0
Zazil Cocina Mexicana,37.3193559,-121.9481668,"377 Santana Row # 1120, San Jose, CA 95128, United States",ChIJa2smf-rLj4AR0NLgRZIvx-I,/biz/zazil-cocina-mexicana-san-jose?osq=Restaurants,3.3,95128,1,0.0088211756666666,19004,53.7,1612,4.6,231,0.7,6620,18.7,315,0.9,3933,55.9,3.6,105563,1
Ozumo Santana Row,37.3210193,-121.9480825,"355 Santana Row, San Jose, CA 95128, United States",ChIJVVUV79_Kj4ARcuoa0akbvK4,/biz/ozumo-santana-row-san-jose-2?osq=Restaurants,4.1,95128,1,0.16736914,19004,53.7,1612,4.6,231,0.7,6620,18.7,315,0.9,3933,55.9,3.6,105563,1
Oveja Negra Restaurant,37.3208717,-121.948082,"355 Santana Row, San Jose, CA 95128, United States",ChIJkS_Y6N_Kj4ARVVgLTuumzoQ,/biz/oveja-negra-restaurant-san-jose-3?osq=Restaurants,3.8,95128,1,0.139864731,19004,53.7,1612,4.6,231,0.7,6620,18.7,315,0.9,3933,55.9,3.6,105563,0
Rantei Japanese Cuisine,37.348743,-121.947704,"1271 Franklin Mall, Santa Clara, CA 95050, United States",ChIJJcPS7OTLj4ARmzlDXZ8ZghI,/biz/rantei-japanese-cuisine-santa-clara?osq=Restaurants,3.8,95050,0,0.174196369666667,18946,48.2,1159,3,82,0.2,11878,30.2,428,1.1,5350,66.9,3,107311,1
Yard House,37.32309,-121.94763,"300 Santana Row Suite 101, San Jose, CA 95128, United States",ChIJNUrKGODKj4ARL6j4poDhmic,/biz/yard-house-san-jose-4?osq=Restaurants,4.7,95128,1,0.0436225013333333,19004,53.7,1612,4.6,231,0.7,6620,18.7,315,0.9,3933,55.9,3.6,105563,0
Dumpling Time,37.3199668,-121.9476115,"SERRANO Building, 378 Santana Row #1035, San Jose, CA 95128, United States",ChIJbbmaN_XLj4ARQQ3SaMyLo7w,/biz/dumpling-time-san-jose?osq=Restaurants,3.9,95128,1,0.133533369333333,19004,53.7,1612,4.6,231,0.7,6620,18.7,315,0.9,3933,55.9,3.6,105563,0
Pizza Antica,37.3218093,-121.9475526,"334 Santana Row #1065, San Jose, CA 95128, United States",ChIJqcnd-9_Kj4ARRPQ6FN9MIQw,/biz/pizza-antica-san-jose?osq=Restaurants,3.8,95128,1,0.148930637333333,19004,53.7,1612,4.6,231,0.7,6620,18.7,315,0.9,3933,55.9,3.6,105563,0
Momosan Santana Row,37.3193431,-121.947511,"378 Santana Row #1130, San Jose, CA 95128, United States",ChIJMdJBgN_Kj4ARDct_tyduFtA,/biz/momosan-santana-row-san-jose?osq=Restaurants,3.5,95128,1,0.141278135,19004,53.7,1612,4.6,231,0.7,6620,18.7,315,0.9,3933,55.9,3.6,105563,0
EMC Seafood & Raw Bar,37.3198075,-121.9474666,"378 Santana Row #1100, San Jose, CA 95128, United States",ChIJR9pum9_Kj4ARE8AixtFwjDo,/biz/emc-seafood-and-raw-bar-san-jose-3?osq=Restaurants,3.6,95128,1,0.0889593306666667,19004,53.7,1612,4.6,231,0.7,6620,18.7,315,0.9,3933,55.9,3.6,105563,0
iChina,37.3244365,-121.947183,"2855 Stevens Creek Blvd, San Jose, CA 95050, United States",ChIJFZ-pKx7Lj4ARFAbcFYIuRK4,/biz/ichina-santa-clara?osq=Restaurants,4.5,95050,0,0.139788674333333,18946,48.2,1159,3,82,0.2,11878,30.2,428,1.1,5350,66.9,3,107311,0
Shake Shack Valley Fair,37.3245728,-121.9471572,"2855 Stevens Creek Blvd Suite 1748, Santa Clara, CA 95050, United States",ChIJRTUZ2_fLj4ARxlCkW76xIYo,/biz/shake-shack-valley-fair-santa-clara?osq=Restaurants,2.8,95050,0,0.008763723,18946,48.2,1159,3,82,0.2,11878,30.2,428,1.1,5350,66.9,3,107311,0
Marugame Udon,37.3253292,-121.9470502,"2855 Stevens Creek Blvd store 2172, Santa Clara, CA 95050, United States",ChIJ8ftjHxTLj4ARnUJhbL983Jc,/biz/marugame-udon-santa-clara?osq=Restaurants,4.1,95050,0,0.008773408,18946,48.2,1159,3,82,0.2,11878,30.2,428,1.1,5350,66.9,3,107311,0
Ramen Nagi,37.3250805,-121.9470289,"2855 Stevens Creek Blvd, Santa Clara, CA 95050, United States",ChIJdWkLR9zLj4ARUf7Gj52Rw6Y,/biz/ramen-nagi-santa-clara?osq=Restaurants,4.5,95050,0,0.177886421,18946,48.2,1159,3,82,0.2,11878,30.2,428,1.1,5350,66.9,3,107311,1
Euro Grill,37.3542486,-121.9468457,"980 El Camino Real #100, Santa Clara, CA 95050, United States",ChIJ5dgwMbPLj4ARc3mEptq6Nxw,/biz/euro-grill-santa-clara?osq=Restaurants,4.5,95050,0,0.0470962776666667,18946,48.2,1159,3,82,0.2,11878,30.2,428,1.1,5350,66.9,3,107311,1
La Pizza & La Pasta,37.324473,-121.9467336,"2855 Stevens Creek Blvd, Santa Clara, CA 95050, United States",ChIJHW3ImW7Lj4ARudRBL-L6I8A,/biz/la-pizza-and-la-pasta-santa-clara?osq=Restaurants,5,95050,0,0.124206776333333,18946,48.2,1159,3,82,0.2,11878,30.2,428,1.1,5350,66.9,3,107311,1
Manresa Bread,37.2872623,-121.9466851,"195 E Campbell Ave, Campbell, CA 95008, United States",ChIJtz3yZ2I1joAR4RzTnkzbwv8,/biz/manresa-bread-campbell-4?osq=Restaurants,3.8,95008,1,0.0437912306666667,27741,56.9,1205,2.5,197,0.4,12187,25,14,0,4550,62.8,3,128476,1
Manresa,37.2872623,-121.9466851,"195 E Campbell Ave, Campbell, CA 95008, United States",ChIJtz3yZ2I1joAR4RzTnkzbwv8,/biz/manresa-los-gatos-2?osq=Restaurants,4,95030,0,0.168368891333333,10649,78.7,33,0.2,143,1.1,2206,16.3,0,0,434,79.6,4.9,215461,1
One Fish Raw Bar,37.28727,-121.94654,"193 E Campbell Ave  Campbell, CA 95008",-,/biz/one-fish-raw-bar-campbell?osq=Restaurants,3.9,95008,1,0.131709264,27741,56.9,1205,2.5,197,0.4,12187,25,14,0,4550,62.8,3,128476,1
Kang Ho Dong Baekjeong,37.3241056,-121.946468,"2855 Stevens Creek Blvd #1808, Santa Clara, CA 95050, United States",ChIJe56Tjt3Lj4AR0FTNz6rdazA,/biz/kang-ho-dong-baekjeong-santa-clara?osq=Restaurants,4.1,95050,0,0.0648737573333333,18946,48.2,1159,3,82,0.2,11878,30.2,428,1.1,5350,66.9,3,107311,1
Wild Rose Eatery and Bar,37.2868705,-121.9464336,"200 E Campbell Ave, Campbell, CA 95008, United States",ChIJdy5h_tQ1joARZoqH9oDd3uI,/biz/wild-rose-eatery-and-bar-campbell-2?osq=Restaurants,4.5,95008,1,0.185302377666667,27741,56.9,1205,2.5,197,0.4,12187,25,14,0,4550,62.8,3,128476,1
King's Fish House - San Jose,37.3241508,-121.9459721,"2855 Stevens Creek Blvd, San Jose, CA 95128, United States",ChIJVVVVUB7Lj4ARYzeDPpibxI4,/biz/kings-fish-house-san-jose-san-jose?osq=Restaurants,3.9,95128,1,0.279253699333333,19004,53.7,1612,4.6,231,0.7,6620,18.7,315,0.9,3933,55.9,3.6,105563,1
La Catalana,37.4101921,-121.9453023,"3720 N First St UNIT 10, San Jose, CA 95134, United States",ChIJGZJsxgfJj4ARSCvMIRhb0s0,/biz/la-catalana-san-jose?osq=Restaurants,5,95134,0,0.136487476666667,7486,24,693,2.2,73,0.2,18632,59.8,297,1,12033,86.9,2.4,166828,1
AnQi Shaken & Stirred,37.3243244,-121.9450682,"2847 Stevens Creek Blvd, San Jose, CA 95050, United States",ChIJXQr8eTPLj4ARIpqHSKhbSlY,/biz/anqi-shaken-and-stirred-santa-clara?osq=Restaurants,4.2,95050,0,0.021784897,18946,48.2,1159,3,82,0.2,11878,30.2,428,1.1,5350,66.9,3,107311,1
Water Tower Kitchen,37.2865418,-121.9439141,"201 Orchard City Dr, Campbell, CA 95008, United States",ChIJU-3zRtg1joAR7DyutdAhfwI,/biz/water-tower-kitchen-campbell?osq=Restaurants,4.2,95008,1,0.157701076333333,27741,56.9,1205,2.5,197,0.4,12187,25,14,0,4550,62.8,3,128476,1
A Bellagio Italian Restaurant,37.2865439,-121.9438206,"33 S Central Ave, Campbell, CA 95008, United States",ChIJ3YYhUd40joAR3xeb6sqneBc,/biz/a-bellagio-italian-restaurant-campbell-2?osq=Restaurants,4,95008,1,0.140278200333333,27741,56.9,1205,2.5,197,0.4,12187,25,14,0,4550,62.8,3,128476,1
Orchard Valley Coffee,37.2871612,-121.9437394,"349 E Campbell Ave, Campbell, CA 95008, United States",ChIJ9SA8-N40joAR1o_IKwOzojE,/biz/orchard-valley-coffee-santa-clara?osq=Restaurants,4.4,95051,0,0.065910017,19672,32.5,1004,1.7,268,0.4,31977,52.8,508,0.8,11692,81.9,3.7,160979,1
Trattoria 360,37.2869126,-121.9437336,"360 E Campbell Ave, Campbell, CA 95008, United States",ChIJVVUhWN40joARb4uN7S-YxLg,/biz/trattoria-360-campbell?osq=Restaurants,3.7,95008,1,0.215230233,27741,56.9,1205,2.5,197,0.4,12187,25,14,0,4550,62.8,3,128476,1
Flights Restaurant By Alex Hult - Campbell,37.2869095,-121.9434408,"368 E Campbell Ave, Campbell, CA 95008, United States",ChIJpR_eWN40joARsbbJZ00hYdI,/biz/flights-restaurant-by-alex-hult-campbell-campbell-5?osq=Restaurants,3.9,95008,1,0.0684983246666667,27741,56.9,1205,2.5,197,0.4,12187,25,14,0,4550,62.8,3,128476,1
Distrito Federal,37.2871859714404,-121.943170779474,"379 E Campbell Ave, Campbell, CA 95008, United States",ChIJB3UJ2yYAzoURQeheJnYQBlQ,/biz/distrito-federal-campbell-4?osq=Restaurants,4.1,95008,1,0.143198616666667,27741,56.9,1205,2.5,197,0.4,12187,25,14,0,4550,62.8,3,128476,1
Naschmarkt - Campbell,37.2869552,-121.9430069,"384 E Campbell Ave, Campbell, CA 95008, United States",ChIJnQ50Z940joARnN7L2Yff9AY,/biz/naschmarkt-campbell-campbell-3?osq=Restaurants,4.5,95008,1,0.195622508,27741,56.9,1205,2.5,197,0.4,12187,25,14,0,4550,62.8,3,128476,0
LVL Up Campbell,37.2869629,-121.9428397,"400 E Campbell Ave, Campbell, CA 95008, United States",ChIJCXg93Cw1joARlHIHTfQ-pgg,/biz/lvl-up-campbell-campbell?osq=Restaurants,3.9,95008,1,0.0622934703333333,27741,56.9,1205,2.5,197,0.4,12187,25,14,0,4550,62.8,3,128476,1
Best Artisan Empanadas,37.2875777,-121.9403688,"533 E Campbell Ave, Campbell, CA 95008, United States",ChIJA48s-Ls1joARvmDDfdzv1nw,/biz/best-artisan-empanadas-campbell-2?osq=Restaurants,4.7,95008,1,0.0612246253333333,27741,56.9,1205,2.5,197,0.4,12187,25,14,0,4550,62.8,3,128476,1
Falafel's Drive-In,37.3237033,-121.9350772,"2301 Stevens Creek Blvd, San Jose, CA 95128, United States",ChIJG_GfFFrLj4ARfHGR47FlnZg,/biz/falafels-drive-in-san-jose?osq=Restaurants,4.1,95128,1,0.13059827,19004,53.7,1612,4.6,231,0.7,6620,18.7,315,0.9,3933,55.9,3.6,105563,1
Be.Steak.A,37.287294,-121.9346613,"1887 S Bascom Ave, Campbell, CA 95008, United States",ChIJZdB_jjw1joAR8aLAAUo9ENs,/biz/be-steak-a-campbell?osq=Restaurants,4.1,95008,1,0.154530616666667,27741,56.9,1205,2.5,197,0.4,12187,25,14,0,4550,62.8,3,128476,1
Orchard City Kitchen,37.2881977,-121.9342035,"1875 S Bascom Ave #190, Campbell, CA 95008, United States",ChIJwdXyhsI0joARrJ59PshYNfg,/biz/orchard-city-kitchen-campbell?osq=Restaurants,4,95008,1,0.262652669333333,27741,56.9,1205,2.5,197,0.4,12187,25,14,0,4550,62.8,3,128476,1
Cedar Room,37.2879166,-121.9339611,"1875 S Bascom Ave #100, Campbell, CA 95008, United States",ChIJdyDe1Jg1joAR8ms7Q2w2lBU,/biz/cedar-room-campbell?osq=Restaurants,3.9,95008,1,0.0499863853333333,27741,56.9,1205,2.5,197,0.4,12187,25,14,0,4550,62.8,3,128476,1
Khaosan Thai,37.2720381,-121.9333648,"2062 Curtner Ave, San Jose, CA 95124, United States",ChIJd0MxOmQ1joARCNTuhpgbNj0,/biz/khaosan-thai-san-jose?osq=Restaurants,4.1,95124,0,0.154949816,30714,58.6,1052,2,165,0.3,13896,26.5,110,0.2,2992,61.4,4.1,165344,1
LUNA Mexican Kitchen - The Pruneyard,37.2889739,-121.9332681,"1875 S Bascom Ave Suite #570, Campbell, CA 95008, United States",ChIJg0PGGjU1joARjxXDWteHX9U,/biz/luna-mexican-kitchen-the-pruneyard-campbell-2?osq=Restaurants,4.2,95008,1,0.170797934333333,27741,56.9,1205,2.5,197,0.4,12187,25,14,0,4550,62.8,3,128476,1
Maya's Cafe,37.2744355,-121.9328108,"2616 Union Ave, San Jose, CA 95124, United States",ChIJqQsE3fA0joARnOIbKbfriYU,/biz/mayas-cafe-san-jose-2?osq=Restaurants,4,95124,0,0.111261310333333,30714,58.6,1052,2,165,0.3,13896,26.5,110,0.2,2992,61.4,4.1,165344,1
Pacific Catch,37.2895353,-121.9326894,"1875 S Bascom Ave #550, Campbell, CA 95008, United States",ChIJKcZPW8I0joAR5i7oCukkrXc,/biz/pacific-catch-campbell-2?osq=Restaurants,3.9,95008,1,0.152603408333333,27741,56.9,1205,2.5,197,0.4,12187,25,14,0,4550,62.8,3,128476,1
Pasta Armellino,37.2889833,-121.9324577,"1875 S Bascom Ave, Campbell, CA 95008, United States",ChIJnfasXyq1j4AR4lD2rZhfV6U,/biz/pasta-armellino-campbell?osq=Restaurants,3.8,95008,1,0.130673118666667,27741,56.9,1205,2.5,197,0.4,12187,25,14,0,4550,62.8,3,128476,1
Pasta Armellino,37.2889833,-121.9324577,"1875 S Bascom Ave, Campbell, CA 95008, United States",ChIJnfasXyq1j4AR4lD2rZhfV6U,/biz/pasta-armellino-cupertino-2?osq=Restaurants,4.6,95014,0,0.0127070023333333,14902,24,671,1.1,119,0.2,43005,69.2,215,0.3,5287,82,2.4,198602,0
K Cafe Patisserie & Tea House,37.3095448,-121.9321561,"923 S Bascom Ave, San Jose, CA 95128, United States",ChIJs_e4AuHLj4ARdYDo9k5d8pk,/biz/k-cafe-patisserie-and-tea-house-san-jose-3?osq=Restaurants,3.5,95128,1,0.0598360273333333,19004,53.7,1612,4.6,231,0.7,6620,18.7,315,0.9,3933,55.9,3.6,105563,0
Hometown Noodle,37.2611802,-121.9317815,"3617 Union Ave, San Jose, CA 95124, United States",ChIJP23WDVs0joARqP62rY71SyM,/biz/hometown-noodle-san-jose-5?osq=Restaurants,3.6,95124,0,0.131436172,30714,58.6,1052,2,165,0.3,13896,26.5,110,0.2,2992,61.4,4.1,165344,1
Hinodeya Campbell Town,37.2831557,-121.9313338,"2210 S Bascom Ave, Campbell, CA 95008, United States",ChIJhzdfk-c1joARgotYrid1P9U,/biz/hinodeya-campbell-town-campbell-2?osq=Restaurants,4.4,95008,1,0.152066305,27741,56.9,1205,2.5,197,0.4,12187,25,14,0,4550,62.8,3,128476,0
Mingle's Mango,37.4925404,-121.928545,"46529 Mission Blvd, Fremont, CA 94539, United States",ChIJJd3oqbbHj4ARF2TjG6BcmZo,/biz/mingles-mango-san-jose-2?osq=Restaurants,4,95111,0,0.017041038,16311,26.9,1150,1.9,451,0.7,20910,34.5,402,0.7,2349,27.5,4.9,81166,1
Dish N Dash - San Jose,37.3844502,-121.9273309,"2551 N First St, San Jose, CA 95131, United States",ChIJZ4RNoN_Lj4ARdmE5ulJiV6I,/biz/dish-n-dash-san-jose-san-jose?osq=Restaurants,4.3,95131,0,0.113809695666667,4380,13.9,792,2.5,111,0.4,22707,71.9,143,0.5,4524,76.4,5.8,151389,1
Trader Vics,37.3658817,-121.9257054,"1701 Airport Blvd, San Jose, CA 95110, United States",ChIJdYEs_B3Lj4ARlbMi1KaqNQQ,/biz/trader-vics-san-jose?osq=Restaurants,3.8,95110,1,0.132133614,7204,35.4,645,3.2,273,1.3,3081,15.1,25,0.1,2680,55.6,3.7,119408,1
Field to Table,37.3515316,-121.925489,"1123 Coleman Ave, San Jose, CA 95110, United States",ChIJj9CwbcfLj4ARO_GLaIBdIDQ,/biz/field-to-table-san-jose?osq=Restaurants,4.2,95110,1,0.0380928053333333,7204,35.4,645,3.2,273,1.3,3081,15.1,25,0.1,2680,55.6,3.7,119408,1
Park Station Hashery,37.3340247,-121.9246244,"1701 Park Ave, San Jose, CA 95126, United States",ChIJa89OUxPLj4ARi10p8709Ln0,/biz/park-station-hashery-san-jose?osq=Restaurants,3.6,95126,1,0.004265967,17713,48.6,1886,5.2,336,0.9,6090,16.7,30,0.1,5602,65.4,4.4,116063,1
CRUST - Fresh Sourdough Deli,37.4119141,-121.9183765,"760 E Tasman Dr, Milpitas, CA 95035, United States",ChIJI0sb6OnJj4ARYJzltV-uA8M,/biz/crust-fresh-sourdough-deli-san-jose?osq=Restaurants,3.8,95112,1,0.0455428986666667,19694,33.7,2903,5,550,0.9,14867,25.4,268,0.5,6146,51.6,6,83224,0
Teaqueria,37.3407623,-121.9177478,"894 Emory St, San Jose, CA 95126, United States",ChIJ_w2YzDTLj4ARpgqCUP9z1MA,/biz/teaqueria-san-jose?osq=Restaurants,4.5,95126,1,0.06453328,17713,48.6,1886,5.2,336,0.9,6090,16.7,30,0.1,5602,65.4,4.4,116063,0
Sam and Curry,37.3708221,-121.9169174,"1751 N First St #40, San Jose, CA 95112, United States",ChIJ-zMoQfvLj4ARXEN34zzw1So,/biz/sam-and-curry-san-jose?osq=Restaurants,4.7,95112,1,0.139873627666667,19694,33.7,2903,5,550,0.9,14867,25.4,268,0.5,6146,51.6,6,83224,0
Shihlin Taiwan Street Snacks,37.4208539,-121.9164272,"522 Barber Ln, Milpitas, CA 95035, United States",ChIJy23zUSTJj4ARckAZUgrg1Ww,/biz/shihlin-taiwan-street-snacks-san-jose-3?osq=Restaurants,4.6,95133,1,0.168377217,3951,13.7,864,3,275,1,17185,59.5,221,0.8,3296,65.9,8.5,110484,1
Vito's Trattoria,37.3653324,-121.9160655,"90 Skyport Dr Ste 170, San Jose, CA 95110, United States",ChIJm0cCO5LLj4AR5Ar3aP9nUYA,/biz/vitos-trattoria-san-jose?osq=Restaurants,4.3,95110,1,0.112733238,7204,35.4,645,3.2,273,1.3,3081,15.1,25,0.1,2680,55.6,3.7,119408,1
LUNA Mexican Kitchen - The Alameda,37.3339808,-121.9152907,"1495 The Alameda, San Jose, CA 95126, United States",ChIJOTYhWGjLj4ARW1gKITcp2f8,/biz/luna-mexican-kitchen-the-alameda-san-jose?osq=Restaurants,4.2,95126,1,0.247348078666667,17713,48.6,1886,5.2,336,0.9,6090,16.7,30,0.1,5602,65.4,4.4,116063,1
Lele Cake,37.2360171,-121.9145905,"14178 Blossom Hill Rd, Los Gatos, CA 95032, United States",ChIJKYQVd8YxjoARYYNi6HLuFtI,/biz/lele-cake-los-gatos?osq=Restaurants,4.5,95032,0,0.069912284,19526,71.9,257,0.9,14,0.1,5004,18.4,0,0,1645,73.5,4.7,163082,1
Tee Nee Thai Cuisine,37.3331852,-121.9142619,"1423 The Alameda, San Jose, CA 95126, United States",ChIJ9a2IaWjLj4ARZiDlt4QOszE,/biz/tee-nee-thai-cuisine-san-jose?osq=Restaurants,3.8,95126,1,0.0170646923333333,17713,48.6,1886,5.2,336,0.9,6090,16.7,30,0.1,5602,65.4,4.4,116063,0
The Breakfast Club,37.323295,-121.914231,"1432 W San Carlos St #80, San Jose, CA 95126, United States",ChIJS128bEXLj4ARjFvsKzXDBS8,/biz/the-breakfast-club-san-jose?osq=Restaurants,3.9,95126,1,0.210946878,17713,48.6,1886,5.2,336,0.9,6090,16.7,30,0.1,5602,65.4,4.4,116063,0
Zona Rosa,37.3330727,-121.9141275,"1411 The Alameda, San Jose, CA 95126, United States",ChIJq8a8EmjLj4AR6i9BcvnWi38,/biz/zona-rosa-san-jose?osq=Restaurants,3.8,95126,1,0.209511175,17713,48.6,1886,5.2,336,0.9,6090,16.7,30,0.1,5602,65.4,4.4,116063,1
Uncle John's Pancake House - The Alameda,37.3316014,-121.9125716,"1205 The Alameda, San Jose, CA 95126, United States",ChIJXxNJFpLLj4ARjG8jb9rnQi8,/biz/uncle-johns-pancake-house-the-alameda-san-jose?osq=Restaurants,3.9,95126,1,0.0729868746666667,17713,48.6,1886,5.2,336,0.9,6090,16.7,30,0.1,5602,65.4,4.4,116063,0
Pierogi Peddler,37.34951,-121.912172,"949 Ruff Dr, San Jose, CA 95110, United States",ChIJqYuQMwrNj4ARJk_G1z3D-No,/biz/pierogi-peddler-san-jose?osq=Restaurants,5,95112,1,0.008932571,19694,33.7,2903,5,550,0.9,14867,25.4,268,0.5,6146,51.6,6,83224,0
Idly Express - San Jose,37.34951,-121.912172,"949 Ruff Dr, San Jose, CA 95110, United States",ChIJtyn6UrbLj4AR5291zAv_fHQ,/biz/idly-express-san-jose-san-jose?osq=Restaurants,5,95110,1,0.133844241333333,7204,35.4,645,3.2,273,1.3,3081,15.1,25,0.1,2680,55.6,3.7,119408,0
Milk Belly Bakery,37.34951,-121.912172,"949 Ruff Dr, San Jose, CA 95110, United States",ChIJ4QpBdh_Lj4ARXxkenvjFy20,/biz/milk-belly-bakery-san-jose?osq=Restaurants,5,95110,1,0.0129775736666667,7204,35.4,645,3.2,273,1.3,3081,15.1,25,0.1,2680,55.6,3.7,119408,0
Once Upon a Dosa,37.3495476,-121.9121185,"949 Ruff Dr, San Jose, CA 95110, United States",ChIJ3eerzJDLj4ARo-E9hhPzdJM,/biz/once-upon-a-dosa-san-jose?osq=Restaurants,4.2,95110,1,0.0517903436666667,7204,35.4,645,3.2,273,1.3,3081,15.1,25,0.1,2680,55.6,3.7,119408,0
Pho Luc Lac,37.2518791,-121.9090554,"1705 Branham Ln b3, San Jose, CA 95118, United States",ChIJfUtfK8c1joARyDVgxG42zW4,/biz/pho-luc-lac-san-jose?osq=Restaurants,4.7,95118,0,0.0876358086666667,18184,55.6,476,1.5,132,0.4,7376,22.6,190,0.6,1881,53.8,5,130745,0
Chick N' Bros,37.3203913,-121.9079305,"460 Lincoln Ave, San Jose, CA 95126, United States",ChIJASF9hKLLj4ARdYuPgt2jXCo,/biz/chick-n-bros-san-jose-13?osq=Restaurants,4,95117,0,0.05083309,12897,44.7,2314,8,26,0.1,7702,26.7,59,0.2,3153,53.1,6.5,107972,0
Chick N' Bros,37.3203913,-121.9079305,"460 Lincoln Ave, San Jose, CA 95126, United States",ChIJASF9hKLLj4ARdYuPgt2jXCo,/biz/chick-n-bros-san-jose-14?osq=Restaurants,3.9,95117,0,0.0601521433333333,12897,44.7,2314,8,26,0.1,7702,26.7,59,0.2,3153,53.1,6.5,107972,0
K%C3%BCsan Uyghur Cuisine,37.3656611,-121.9079129,"1516 N 4th St, San Jose, CA 95112, United States",ChIJcyE5hWHLj4ARsmYbYJ_RpRI,/biz/k%C3%BCsan-uyghur-cuisine-san-jose?osq=Restaurants,3.9,95112,1,0.133271318333333,19694,33.7,2903,5,550,0.9,14867,25.4,268,0.5,6146,51.6,6,83224,1
Chikin Drip,37.3686068,-121.9078235,"1721 Old Bayshore Hwy, San Jose, CA 95112, United States",ChIJ1wHcROHNj4ARmNwmP2PcUWw,/biz/chikin-drip-san-jose?osq=Restaurants,4.3,95112,1,0.171878072333333,19694,33.7,2903,5,550,0.9,14867,25.4,268,0.5,6146,51.6,6,83224,0
Super Smash Burgers,37.3396755,-121.9070585,"579 Coleman Ave Suite 50, San Jose, CA 95110, United States",ChIJiS7s5nzLj4AR1rRQA1EUnMk,/biz/super-smash-burgers-san-jose-3?osq=Restaurants,4.5,95112,1,0.0084379663333333,19694,33.7,2903,5,550,0.9,14867,25.4,268,0.5,6146,51.6,6,83224,1
Goku Korean BBQ and Hot Pot,37.269257,-121.9066381,"3085 Meridian Ave, San Jose, CA 95124, United States",ChIJu7Lbgnk0joAR1_QHegvAJv4,/biz/goku-korean-bbq-and-hot-pot-san-jose-3?osq=Restaurants,3.7,95124,0,0.0853633263333333,30714,58.6,1052,2,165,0.3,13896,26.5,110,0.2,2992,61.4,4.1,165344,1
Jack Holder's Restaurant & Bar,37.2685127,-121.9060821,"3153 Meridian Ave #20, San Jose, CA 95124, United States",ChIJqbNHr3k0joARDF_0tilf67M,/biz/jack-holders-restaurant-and-bar-san-jose-3?osq=Restaurants,3.9,95124,0,0.0084974506666666,30714,58.6,1052,2,165,0.3,13896,26.5,110,0.2,2992,61.4,4.1,165344,1
True Brew San Jose - Taphouse & Kitchen,37.3319575,-121.9055054,"787 The Alameda Ste 10, San Jose, CA 95126, United States",ChIJQ_5D6bjLj4AR9uu6PV4p-NU,/biz/true-brew-san-jose-taphouse-and-kitchen-san-jose-3?osq=Restaurants,3.9,95126,1,0.0802593653333333,17713,48.6,1886,5.2,336,0.9,6090,16.7,30,0.1,5602,65.4,4.4,116063,1
Danbi Korean Restaurant,37.3559824,-121.9050897,"1092 N First St, San Jose, CA 95112, United States",ChIJd6oXrIHLj4ARwyyGw0nVEqk,/biz/danbi-korean-restaurant-san-jose?osq=Restaurants,4.3,95112,1,0.203335091666667,19694,33.7,2903,5,550,0.9,14867,25.4,268,0.5,6146,51.6,6,83224,1
Jojo's Hot Chicken,37.2408327,-121.9032908,"1587 Kooser Rd, San Jose, CA 95118, United States",ChIJQejZEhU1joARLeQBxAta5e4,/biz/jojo-s-hot-chicken-san-jose?osq=Restaurants,5,95118,0,0.0084808326666666,18184,55.6,476,1.5,132,0.4,7376,22.6,190,0.6,1881,53.8,5,130745,1
Smoking Pig BBQ,37.3588832,-121.9027679,"1144 N 4th St, San Jose, CA 95112, United States",ChIJeQ-ozuLKj4ARMQNfslZXl1c,/biz/smoking-pig-bbq-san-jose?osq=Restaurants,4.1,95112,1,0.153337265333333,19694,33.7,2903,5,550,0.9,14867,25.4,268,0.5,6146,51.6,6,83224,0
Palermo Italian Restaurant,37.3217475,-121.9022138,"791 Auzerais Ave, San Jose, CA 95126, United States",ChIJw40UG1bLj4ARpK_t0h8GWsI,/biz/palermo-italian-restaurant-san-jose-3?osq=Restaurants,3.9,95126,1,0.0344921923333333,17713,48.6,1886,5.2,336,0.9,6090,16.7,30,0.1,5602,65.4,4.4,116063,1
Jackie's Place,37.3521773,-121.9020564,"840 N First St, San Jose, CA 95112, United States",ChIJ924cgmrNj4AR_zzWa-nJdVQ,/biz/jackies-place-san-jose?osq=Restaurants,4.4,95112,1,0.219659740666667,19694,33.7,2903,5,550,0.9,14867,25.4,268,0.5,6146,51.6,6,83224,1
Jake's of Willow Glen,37.3098925,-121.9015212,"1074 Lincoln Ave Unit A, San Jose, CA 95125, United States",ChIJUYyaKFYzjoARXWnU-1EOxTE,/biz/jakes-of-willow-glen-san-jose?osq=Restaurants,3.8,95125,1,0.008454357,33319,62.3,1243,2.3,344,0.6,8044,15,119,0.2,3985,60.1,3.9,128452,0
The Table,37.3082046,-121.9012822,"1110 Willow St, San Jose, CA 95125, United States",ChIJF7uF3VczjoARsQacfJJdX-A,/biz/the-table-san-jose?osq=Restaurants,3.9,95125,1,0.954364325,33319,62.3,1243,2.3,344,0.6,8044,15,119,0.2,3985,60.1,3.9,128452,1
Hunan Taste Restaurant,37.3566569,-121.901241,"998 N 4th St, San Jose, CA 95112, United States",ChIJc3ZFopjNj4ARan2YFQrZBsU,/biz/hunan-taste-restaurant-san-jose?osq=Restaurants,4.1,95112,1,0.0715385556666667,19694,33.7,2903,5,550,0.9,14867,25.4,268,0.5,6146,51.6,6,83224,1
Lamella Tavern,37.3080799,-121.9011067,"1109 Lincoln Ave, San Jose, CA 95125, United States",ChIJC2tZmzwzjoAR2a0TjxQppFk,/biz/lamella-tavern-san-jose?osq=Restaurants,3.6,95125,1,0.0175104113333333,33319,62.3,1243,2.3,344,0.6,8044,15,119,0.2,3985,60.1,3.9,128452,1
El Halal Amigos,37.3082085,-121.9006823,"1100 Lincoln Ave, San Jose, CA 95125, United States",ChIJaSl4wEG_j4ARQrNdeKVTYd4,/biz/el-halal-amigos-san-jose-2?osq=Restaurants,4.3,95125,1,0.136683564666667,33319,62.3,1243,2.3,344,0.6,8044,15,119,0.2,3985,60.1,3.9,128452,0
El Halal Amigos,37.3082085,-121.9006823,"1100 Lincoln Ave, San Jose, CA 95125, United States",ChIJaSl4wEG_j4ARQrNdeKVTYd4,/biz/el-halal-amigos-san-jose-3?osq=Restaurants,4.3,94536,0,0.153390066666667,21739,29.9,2809,3.9,333,0.5,35559,48.9,491,0.7,7641,66.6,3.7,139636,1
Tarah Thai Kitchen,37.3073092,-121.9005729,"1163 Lincoln Ave, San Jose, CA 95125, United States",ChIJ384ou8kzjoARYjXNoO7R0yg,/biz/tarah-thai-kitchen-san-jose?osq=Restaurants,3.9,95125,1,0.0382338633333333,33319,62.3,1243,2.3,344,0.6,8044,15,119,0.2,3985,60.1,3.9,128452,1
Dolce Sicilia Cafe,37.3072973,-121.9005142,"1165 Lincoln Ave #110, San Jose, CA 95125, United States",ChIJ2VwlVT8zjoARxl8oTuw4MbM,/biz/dolce-sicilia-cafe-san-jose?osq=Restaurants,4.7,95125,1,0.0521096443333333,33319,62.3,1243,2.3,344,0.6,8044,15,119,0.2,3985,60.1,3.9,128452,0
Sushi Arashi,37.3069572,-121.900347,"1181 Lincoln Ave #3002, San Jose, CA 95125, United States",ChIJr14BIlgzjoARC2bcciIX55U,/biz/sushi-arashi-san-jose-2?osq=Restaurants,4.5,95125,1,0.0255270923333333,33319,62.3,1243,2.3,344,0.6,8044,15,119,0.2,3985,60.1,3.9,128452,1
Braise Willow Glen,37.306929,-121.9001784,"1185 Lincoln Ave, San Jose, CA 95125, United States",ChIJH-5KIlgzjoAR4Hdd42vHqh0,/biz/braise-willow-glen-san-jose?osq=Restaurants,4,95125,1,0.172498259333333,33319,62.3,1243,2.3,344,0.6,8044,15,119,0.2,3985,60.1,3.9,128452,1
Yuki Sushi,37.3074395,-121.9001433,"1140 Lincoln Ave #8, San Jose, CA 95125, United States",ChIJV6ZAiVczjoARQQWpjuEKm50,/biz/yuki-sushi-san-jose?osq=Restaurants,3.8,95125,1,0.038850786,33319,62.3,1243,2.3,344,0.6,8044,15,119,0.2,3985,60.1,3.9,128452,0
Los Dubons Restaurant,37.3070961,-121.899688,"1182 Lincoln Ave, San Jose, CA 95125, United States",ChIJDbBn8e4zjoAR6koED2SNpaw,/biz/los-dubons-restaurant-san-jose-2?osq=Restaurants,4.7,95125,1,0.101669890333333,33319,62.3,1243,2.3,344,0.6,8044,15,119,0.2,3985,60.1,3.9,128452,0
Black Sheep Brasserie,37.3067984,-121.8996789,"1202 Lincoln Ave STE 30, San Jose, CA 95125, United States",ChIJWdzTL1gzjoARzW9cM0zWOaQ,/biz/black-sheep-brasserie-san-jose?osq=Restaurants,3.9,95125,1,0.170748124,33319,62.3,1243,2.3,344,0.6,8044,15,119,0.2,3985,60.1,3.9,128452,0
Sweet Mango,37.3088496,-121.8996134,"1040 Willow St, San Jose, CA 95125, United States",ChIJI_q0vFczjoAR9aqyx2V92qA,/biz/sweet-mango-san-jose?osq=Restaurants,3.9,95125,1,0.166519429,33319,62.3,1243,2.3,344,0.6,8044,15,119,0.2,3985,60.1,3.9,128452,0
Het Say,37.3607536,-121.8991866,"326 Commercial St, San Jose, CA 95112, United States",ChIJGwqJAsTNj4ARcQiAlCov_Ps,/biz/het-say-san-jose?osq=Restaurants,3.8,95122,1,0.066865181,10569,19.5,834,1.5,598,1.1,18953,35,439,0.8,2147,27.9,7.3,90984,0
Mudai Ethiopian Restaurant,37.3258587,-121.8987945,"503 W San Carlos St, San Jose, CA 95126, United States",ChIJD19wtDHNj4ARsjNXf_k8hG8,/biz/mudai-ethiopian-restaurant-san-jose?osq=Restaurants,4.2,95126,1,0.0129987203333333,17713,48.6,1886,5.2,336,0.9,6090,16.7,30,0.1,5602,65.4,4.4,116063,1
Paesano Ristorante Italiano,37.3361417,-121.8987222,"350 W Julian St, San Jose, CA 95110, United States",ChIJMQ2_0qHMj4AR1WY9czWjKGg,/biz/paesano-ristorante-italiano-san-jose?osq=Restaurants,4.3,95110,1,0.206841755666667,7204,35.4,645,3.2,273,1.3,3081,15.1,25,0.1,2680,55.6,3.7,119408,0
Restaurante Sabor,37.3253876,-121.8984897,"500 W San Carlos St, San Jose, CA 95126, United States",ChIJKTSZ7eLNj4AR3HzyarlkCNg,/biz/restaurante-sabor-san-jos%C3%A9?osq=Restaurants,4.1,95127,1,0.0225270716666667,18221,28.9,829,1.3,631,1,16532,26.2,600,1,3008,31.1,5.5,110887,0
Bertucelli's La Villa,37.3046501,-121.8984669,"1319 Lincoln Ave, San Jose, CA 95125, United States",ChIJZYOIG1kzjoAR8_DT701ukqw,/biz/bertucellis-la-villa-san-jose?osq=Restaurants,4.3,95125,1,0.180487020666667,33319,62.3,1243,2.3,344,0.6,8044,15,119,0.2,3985,60.1,3.9,128452,1
Siena Bistro,37.3039138,-121.8984493,"1359 Lincoln Ave, San Jose, CA 95125, United States",ChIJdTIVPFkzjoARuzCqG1Lgra8,/biz/siena-bistro-san-jose-2?osq=Restaurants,4.2,95125,1,0.0424401423333333,33319,62.3,1243,2.3,344,0.6,8044,15,119,0.2,3985,60.1,3.9,128452,1
Henry's World Famous Hi-Life,37.3353731,-121.8980615,"301 W St John St, San Jose, CA 95110, United States",ChIJkXmJt6HMj4AR_CU3a1r9eYg,/biz/henrys-world-famous-hi-life-san-jose?osq=Restaurants,3.6,95110,1,0.0897664566666667,7204,35.4,645,3.2,273,1.3,3081,15.1,25,0.1,2680,55.6,3.7,119408,0
Enoteca La Storia - San Jose,37.3350444,-121.8979942,"320A W St John St, San Jose, CA 95110, United States",ChIJjUeEsKHMj4AR_PeGYMYqzjU,/biz/enoteca-la-storia-san-jose-san-jose-3?osq=Restaurants,4,95110,1,0.025789748,7204,35.4,645,3.2,273,1.3,3081,15.1,25,0.1,2680,55.6,3.7,119408,1
20Twenty Cheese Bar,37.3038006,-121.8977194,"1389 Lincoln Ave, San Jose, CA 95125, United States",ChIJpYt6N1kzjoARmo2URWKVJaw,/biz/20twenty-cheese-bar-san-jose-2?osq=Restaurants,3.9,95125,1,0.0301214083333333,33319,62.3,1243,2.3,344,0.6,8044,15,119,0.2,3985,60.1,3.9,128452,0
Vin Santo Ristorante,37.3042431,-121.8976888,"1346 Lincoln Ave, San Jose, CA 95125, United States",ChIJc7d0P1kzjoARRgeWq1Kd674,/biz/vin-santo-ristorante-san-jose?osq=Restaurants,3.7,95125,1,0.149875245333333,33319,62.3,1243,2.3,344,0.6,8044,15,119,0.2,3985,60.1,3.9,128452,0
Arepas Latin Cuisine - San Jose,37.3039739,-121.8973384,"1384 Lincoln Ave, San Jose, CA 95125, United States",ChIJY9uIN20zjoARaHHue9ApkLc,/biz/arepas-latin-cuisine-san-jose-san-jose?osq=Restaurants,4,95125,1,0.152516222666667,33319,62.3,1243,2.3,344,0.6,8044,15,119,0.2,3985,60.1,3.9,128452,0
Milohas,37.2556541,-121.8970162,"4662 Meridian Ave, San Jose, CA 95118, United States",ChIJJWxMG_QzjoARyb-jeT_ebds,/biz/milohas-san-jose?osq=Restaurants,4.6,95118,0,0.0086041806666666,18184,55.6,476,1.5,132,0.4,7376,22.6,190,0.6,1881,53.8,5,130745,0
Paris Avenue,37.3101522,-121.8970161,"896 Willow St, San Jose, CA 95125, United States",ChIJCY0fr0czjoAR1Q475Aoq5wg,/biz/paris-avenue-san-jose-2?osq=Restaurants,5,95125,1,0.117619342,33319,62.3,1243,2.3,344,0.6,8044,15,119,0.2,3985,60.1,3.9,128452,0
626 Night Market Mini - Milpitas,37.6601135,-121.8969439,"4501 Pleasanton Ave, Pleasanton, CA 94566, United States",ChIJKYr7FAfpj4ARR8WDyAhkGZA,/biz/626-night-market-mini-milpitas-milpitas?osq=Restaurants,4.4,95035,0,0.0774452293333333,11436,14.3,2565,3.2,486,0.6,53762,67.4,136,0.2,10755,68.2,4.4,149223,0
Sizzling Lunch,37.3834018,-121.8968493,"1085 E Brokaw Rd #30, San Jose, CA 95131, United States",ChIJ5XQxMS3Nj4ARJWci9N3g58s,/biz/sizzling-lunch-san-jose-3?osq=Restaurants,4.1,95131,0,0.122093304,4380,13.9,792,2.5,111,0.4,22707,71.9,143,0.5,4524,76.4,5.8,151389,0
Vn Grill,37.3833333,-121.8966667,"1085 E Brokaw Rd #20, San Jose, CA 95131, United States",ChIJ3fUzKgnMj4ARcY0VDDCLLH4,/biz/vn-grill-san-jose?osq=Restaurants,2.8,95131,0,0.072448316,4380,13.9,792,2.5,111,0.4,22707,71.9,143,0.5,4524,76.4,5.8,151389,0
Dave's Hot Chicken,37.3831717,-121.8965618,"1085 E Brokaw Rd #10, San Jose, CA 95131, United States",ChIJHfkr-KbNj4ARUWQMdjg1iXc,/biz/daves-hot-chicken-san-jose?osq=Restaurants,4.3,95131,0,0.148622248,4380,13.9,792,2.5,111,0.4,22707,71.9,143,0.5,4524,76.4,5.8,151389,0
The Kebab Shop,37.3824013,-121.896512,"1078 E Brokaw Rd, San Jose, CA 95131, United States",ChIJ0929HGzNj4ARE7pNffe9PWk,/biz/the-kebab-shop-san-jose-2?osq=Restaurants,4.1,95118,0,0.148217071333333,18184,55.6,476,1.5,132,0.4,7376,22.6,190,0.6,1881,53.8,5,130745,0
Fire and Rice,37.3824035,-121.8965117,"1078 E Brokaw Rd #40, San Jose, CA 95131, United States",ChIJfZ6H2sPNj4ARUQQIKp79F-Y,/biz/fire-and-rice-san-jose-39?osq=Restaurants,4.1,95125,1,0.0876980823333333,33319,62.3,1243,2.3,344,0.6,8044,15,119,0.2,3985,60.1,3.9,128452,0
Fire and Rice,37.3824035,-121.8965117,"1078 E Brokaw Rd #40, San Jose, CA 95131, United States",ChIJfZ6H2sPNj4ARUQQIKp79F-Y,/biz/fire-and-rice-morgan-hill-36?osq=Restaurants,4.5,95125,1,0.0047173666666666,33319,62.3,1243,2.3,344,0.6,8044,15,119,0.2,3985,60.1,3.9,128452,0
Fire and Rice,37.3824035,-121.8965117,"1078 E Brokaw Rd #40, San Jose, CA 95131, United States",ChIJfZ6H2sPNj4ARUQQIKp79F-Y,/biz/fire-and-rice-san-jose-40?osq=Restaurants,4.5,95125,1,0.0298138046666667,33319,62.3,1243,2.3,344,0.6,8044,15,119,0.2,3985,60.1,3.9,128452,1
Mimosas of Willow Glen,37.3103137,-121.8962383,"860 Willow St #100, San Jose, CA 95125, United States",ChIJsUo8nTkzjoARvS-GOdkXYUk,/biz/mimosas-of-willow-glen-san-jose?osq=Restaurants,3.7,95125,1,0.0169756796666667,33319,62.3,1243,2.3,344,0.6,8044,15,119,0.2,3985,60.1,3.9,128452,1
Starbird Chicken,37.3822228,-121.8961247,"1088 E Brokaw Rd #10, San Jose, CA 95131, United States",ChIJJaAWyw7Mj4ARhtFvej4CVnU,/biz/starbird-chicken-campbell?osq=Restaurants,3.8,95008,1,0.025862434,27741,56.9,1205,2.5,197,0.4,12187,25,14,0,4550,62.8,3,128476,1
The Cider Junction,37.3105836,-121.8959367,"820 Willow St #100, San Jose, CA 95125, United States",ChIJ6yow0lAzjoARdsxDf3ld2eM,/biz/the-cider-junction-san-jose-5?osq=Restaurants,4.2,95125,1,0.138291253,33319,62.3,1243,2.3,344,0.6,8044,15,119,0.2,3985,60.1,3.9,128452,1
Casa Villa,37.3102397,-121.8956766,"840 Willow St #400, San Jose, CA 95125, United States",ChIJB3ZXgDwzjoARwFz5YRsh1Yg,/biz/casa-villa-san-jose?osq=Restaurants,4.1,95125,1,0.110421376,33319,62.3,1243,2.3,344,0.6,8044,15,119,0.2,3985,60.1,3.9,128452,1
Santo Market,37.3517263,-121.8952686,"245 E Taylor St, San Jose, CA 95112, United States",ChIJ655lG4TMj4ARwtSVnWBBAio,/biz/santo-market-san-jose-3?osq=Restaurants,4.5,95112,1,0.0476142363333333,19694,33.7,2903,5,550,0.9,14867,25.4,268,0.5,6146,51.6,6,83224,1
SJ Omogari,37.3484542,-121.8951489,"154 Jackson St, San Jose, CA 95112, United States",ChIJt6gamITMj4AREAusBi1sgjs,/biz/sj-omogari-san-jose-3?osq=Restaurants,3.9,95112,1,0.552821651333333,19694,33.7,2903,5,550,0.9,14867,25.4,268,0.5,6146,51.6,6,83224,0
Shabu Time,37.3487614,-121.8951019,"171 Jackson St, San Jose, CA 95112, United States",ChIJaTofisrNj4ARxvjSvHTZnJM,/biz/shabu-time-san-jose-3?osq=Restaurants,4.4,95112,1,0.079989284,19694,33.7,2903,5,550,0.9,14867,25.4,268,0.5,6146,51.6,6,83224,0
Jora Peruvian food,37.3365173,-121.8950295,"192 W St John St, San Jose, CA 95110, United States",ChIJGQRrwu7Nj4AR16bfqkwXG-0,/biz/jora-peruvian-food-san-jose?osq=Restaurants,4.3,95110,1,0.18192367,7204,35.4,645,3.2,273,1.3,3081,15.1,25,0.1,2680,55.6,3.7,119408,1
Urban Momo,37.3364251,-121.8949648,"100 N Almaden Ave #176, San Jose, CA 95110, United States",ChIJLf8WPqLMj4ARW4I4WIZPQto,/biz/urban-momo-san-jose?osq=Restaurants,4.5,95110,1,0.153385584,7204,35.4,645,3.2,273,1.3,3081,15.1,25,0.1,2680,55.6,3.7,119408,0
Gombei,37.348897,-121.8948279,"193 Jackson St, San Jose, CA 95112, United States",ChIJvVmAlITMj4ARo6qv73FvEUo,/biz/gombei-san-jose?osq=Restaurants,3.9,95112,1,0.201808198333333,19694,33.7,2903,5,550,0.9,14867,25.4,268,0.5,6146,51.6,6,83224,1
San Pedro Square Market,37.3365265,-121.8943707,"87 N San Pedro St, San Jose, CA 95110, United States",ChIJgxS1DqPMj4ARcXC8uguCrbU,/biz/san-pedro-square-market-san-jose?osq=Restaurants,4.1,95110,1,0.151613335666667,7204,35.4,645,3.2,273,1.3,3081,15.1,25,0.1,2680,55.6,3.7,119408,1
Hella Good Burger,37.3365265,-121.8943707,"87 N San Pedro St Suite 123, San Jose, CA 95110, United States",ChIJqwjXrZDNj4ARXXDFal0uOMI,/biz/hella-good-burger-san-jose?osq=Restaurants,3.7,95110,1,0.119915023,7204,35.4,645,3.2,273,1.3,3081,15.1,25,0.1,2680,55.6,3.7,119408,1
Opa!,37.3346877,-121.8941474,"225 W Santa Clara St, San Jose, CA 95113, United States",ChIJ8xoclw7Nj4ARj8ohRbd-AY8,/biz/opa-san-jose-5?osq=Restaurants,4.1,95125,1,0.0042287,33319,62.3,1243,2.3,344,0.6,8044,15,119,0.2,3985,60.1,3.9,128452,1
Anchors Fish & Chips and Seafood Grill,37.336561,-121.8941318,"87 N San Pedro St, San Jose, CA 95110, United States",ChIJC7wNQqLMj4AR0qu-hcrOZZE,/biz/anchors-fish-and-chips-and-seafood-grill-san-jose-2?osq=Restaurants,4.1,95125,1,0.149000133666667,33319,62.3,1243,2.3,344,0.6,8044,15,119,0.2,3985,60.1,3.9,128452,0
Kaita Restaurant,37.3493104,-121.8940744,"215 Jackson St, San Jose, CA 95112, United States",ChIJjZyitpDNj4ARL3bf8lUED0g,/biz/kaita-restaurant-san-jose?osq=Restaurants,3.8,95112,1,0.0909011423333333,19694,33.7,2903,5,550,0.9,14867,25.4,268,0.5,6146,51.6,6,83224,0
Shuei-Do Manju Shop,37.3492772,-121.8939983,"217 Jackson St, San Jose, CA 95112, United States",ChIJKWb85YTMj4ARFqphLcYtIeI,/biz/shuei-do-manju-shop-san-jose?osq=Restaurants,4.7,95112,1,0.0299500523333333,19694,33.7,2903,5,550,0.9,14867,25.4,268,0.5,6146,51.6,6,83224,0
Firehouse No.1 Gastropub,37.3362926,-121.8939311,"69 N San Pedro St, San Jose, CA 95110, United States",ChIJ60DuWqLMj4ARl8cIhHEqoz4,/biz/firehouse-no-1-gastropub-san-jose?osq=Restaurants,3.9,95110,1,0.296291985,7204,35.4,645,3.2,273,1.3,3081,15.1,25,0.1,2680,55.6,3.7,119408,0
District San Jose,37.3362267,-121.8938818,"65 N San Pedro St, San Jose, CA 95110, United States",ChIJfS-oT6LMj4ARqmWyZ3jrg9k,/biz/district-san-jose-san-jose?osq=Restaurants,3.7,95110,1,0.228849155,7204,35.4,645,3.2,273,1.3,3081,15.1,25,0.1,2680,55.6,3.7,119408,0
Aloha Fresh,37.3494387,-121.8938432,"225 Jackson St, San Jose, CA 95112, United States",ChIJTTwsYnvNj4ARVwisuRzwAqc,/biz/aloha-fresh-san-jose-2?osq=Restaurants,4.7,95112,1,0.00422543,19694,33.7,2903,5,550,0.9,14867,25.4,268,0.5,6146,51.6,6,83224,0
Minato Japanese Restaurant,37.3497867,-121.8937105,"617 N 6th St, San Jose, CA 95112, United States",ChIJv6Lt-4TMj4ARLZgLz0LCB2g,/biz/minato-japanese-restaurant-san-jose-2?osq=Restaurants,3.9,95112,1,0.141622987,19694,33.7,2903,5,550,0.9,14867,25.4,268,0.5,6146,51.6,6,83224,0
Minos Eatery,37.3497867,-121.8937105,"617 N 6th St, San Jose, CA 95112, United States",ChIJv6Lt-4TMj4ARLZgLz0LCB2g,/biz/minos-eatery-san-jose-2?osq=Restaurants,4.7,95113,1,0.0129836316666667,820,37,150,6.8,0,0,884,39.9,5,0.2,746,85.6,4.1,124625,0
Izakaya Restaurant,37.3358795,-121.893622,"28 N Almaden Ave Suite 70, San Jose, CA 95110, United States",ChIJATMImMHNj4ARVXuyES--I9k,/biz/izakaya-restaurant-san-jose?osq=Restaurants,4.4,95112,1,0.150130596333333,19694,33.7,2903,5,550,0.9,14867,25.4,268,0.5,6146,51.6,6,83224,0
Gyu-Kaku Japanese BBQ,37.3358795,-121.893622,"28 N Almaden Ave Suite 70, San Jose, CA 95110, United States",ChIJATMImMHNj4ARVXuyES--I9k,/biz/gyu-kaku-japanese-bbq-san-jose-2?osq=Restaurants,3.2,95110,1,0.008487549,7204,35.4,645,3.2,273,1.3,3081,15.1,25,0.1,2680,55.6,3.7,119408,0
Slice of Homage Pizza,37.3350957,-121.8935019,"163 W Santa Clara St, San Jose, CA 95113, United States",ChIJrcOWfkvNj4ARSSwouGd8Fho,/biz/slice-of-homage-pizza-san-jose?osq=Restaurants,4.3,95113,1,0.110781313333333,820,37,150,6.8,0,0,884,39.9,5,0.2,746,85.6,4.1,124625,0
Olla Cocina,37.3354307,-121.8933631,"17 N San Pedro St, San Jose, CA 95110, United States",ChIJySbjB6PMj4AR2P_zrg1ObjI,/biz/olla-cocina-san-jose-2?osq=Restaurants,3.8,95110,1,0.138763461333333,7204,35.4,645,3.2,273,1.3,3081,15.1,25,0.1,2680,55.6,3.7,119408,0
Krispy Krunchy Chicken,37.383484,-121.8931942,"1706 Old Oakland Rd Suite 20, San Jose, CA 95131, United States",ChIJu20_MnbNj4ARuztI2NSGFVA,/biz/krispy-krunchy-chicken-campbell?osq=Restaurants,3.8,95008,1,0.102770351333333,27741,56.9,1205,2.5,197,0.4,12187,25,14,0,4550,62.8,3,128476,0
The Farmers Union,37.3351487,-121.8931621,"151 W Santa Clara St, San Jose, CA 95113, United States",ChIJYwCXCaPMj4ARBEPm6Z8ZvJc,/biz/the-farmers-union-san-jose?osq=Restaurants,4.2,95113,1,0.117334028666667,820,37,150,6.8,0,0,884,39.9,5,0.2,746,85.6,4.1,124625,0
California Fish Grill,37.3835746,-121.8929488,"1706 Old Oakland Rd, San Jose, CA 95131, United States",ChIJ3ZpjBDTNj4ARZGWV-GLyqes,/biz/california-fish-grill-san-jose-3?osq=Restaurants,4,95118,0,0.111650245666667,18184,55.6,476,1.5,132,0.4,7376,22.6,190,0.6,1881,53.8,5,130745,0
Nick The Greek,37.3353355,-121.8927704,"143 W Santa Clara St, San Jose, CA 95113, United States",ChIJj0l6D6PMj4ARpjrmgzWh-Xg,/biz/nick-the-greek-san-jose?osq=Restaurants,3.9,95113,1,0.135381909666667,820,37,150,6.8,0,0,884,39.9,5,0.2,746,85.6,4.1,124625,0
Bun Me Up,37.3358295,-121.8927479,"23 N Market St, San Jose, CA 95113, United States",ChIJU8C70S3Lj4ARRgxm5qXBQv8,/biz/bun-me-up-san-jose?osq=Restaurants,4.6,95113,1,0.144221242666667,820,37,150,6.8,0,0,884,39.9,5,0.2,746,85.6,4.1,124625,0
La Victoria Taqueria,37.3353729,-121.8926458,"131 W Santa Clara St, San Jose, CA 95113, United States",ChIJayPhD6PMj4ARRAc53FTXNn0,/biz/la-victoria-taqueria-san-jose-2?osq=Restaurants,3.4,95112,1,0.123740082333333,19694,33.7,2903,5,550,0.9,14867,25.4,268,0.5,6146,51.6,6,83224,0
Gabriel's Tacos,37.3353729,-121.8926458,"131 W Santa Clara St, San Jose, CA 95113, United States",ChIJayPhD6PMj4ARRAc53FTXNn0,/biz/gabriels-tacos-san-jose?osq=Restaurants,5,95116,1,0.093522208,11063,21.2,1278,2.4,1368,2.6,14722,28.2,353,0.7,2222,27,5,76339,0
Taurinus Brazilian Steakhouse,37.333145,-121.892216,"167 W San Fernando St, San Jose, CA 95113, United States",ChIJQ7-pkKTMj4AROiaA6W6MTPs,/biz/taurinus-brazilian-steakhouse-san-jose-2?osq=Restaurants,4.1,95113,1,0.05145005,820,37,150,6.8,0,0,884,39.9,5,0.2,746,85.6,4.1,124625,0
Toast Cafe & Grill,37.3067232,-121.8917913,"1411 Bird Ave., San Jose, CA 95125, United States",ChIJneY-SPszjoARm3rwZkv_gJ0,/biz/toast-cafe-and-grill-san-jose-2?osq=Restaurants,3.9,95125,1,0.105352747666667,33319,62.3,1243,2.3,344,0.6,8044,15,119,0.2,3985,60.1,3.9,128452,0
Grace Deli & Cafe,37.3288192,-121.8916366,"303 S Almaden Blvd, San Jose, CA 95110, United States",ChIJpTa286_Mj4ARM758c8eJmNU,/biz/grace-deli-and-cafe-san-jose?osq=Restaurants,3.8,95110,1,0.0653442593333333,7204,35.4,645,3.2,273,1.3,3081,15.1,25,0.1,2680,55.6,3.7,119408,0
Great Wall Chinese Restaurant,37.3062077,-121.8912832,"1455 Bird Ave., San Jose, CA 95125, United States",ChIJPV31SFszjoARv59wGs6BWMA,/biz/great-wall-chinese-restaurant-san-jose?osq=Restaurants,4,95125,1,0.0474127813333333,33319,62.3,1243,2.3,344,0.6,8044,15,119,0.2,3985,60.1,3.9,128452,0
Chez Sovan,37.3599515,-121.8912605,"923 Old Oakland Rd, San Jose, CA 95112, United States",ChIJR6AwJX3Mj4AR-t3htfidQMk,/biz/chez-sovan-san-jose?osq=Restaurants,4.5,95112,1,0.133380999333333,19694,33.7,2903,5,550,0.9,14867,25.4,268,0.5,6146,51.6,6,83224,0
Saby Thai Restaurant,37.3356527,-121.8912028,"62 W Santa Clara St, San Jose, CA 95113, United States",ChIJycZtP8jMj4ARllWLN5GHCf8,/biz/saby-thai-restaurant-san-jose?osq=Restaurants,3.8,95113,1,0.0263498516666667,820,37,150,6.8,0,0,884,39.9,5,0.2,746,85.6,4.1,124625,1
Labyrinth Bar & Kitchen,37.335075,-121.8907773,"45 Post St, San Jose, CA 95113, United States",ChIJuVqqTqPMj4ARoct1xAwCUEA,/biz/labyrinth-bar-and-kitchen-san-jose?osq=Restaurants,4.2,95113,1,0.045568329,820,37,150,6.8,0,0,884,39.9,5,0.2,746,85.6,4.1,124625,0
Affinity Restaurant & Bar,37.329284,-121.8906639,"300 S Almaden Blvd, San Jose, CA 95113, United States",ChIJ_YAAgzoAMhURH7lGXUn1mMw,/biz/affinity-restaurant-and-bar-san-jose?osq=Restaurants,3.1,95110,1,0.0993192056666667,7204,35.4,645,3.2,273,1.3,3081,15.1,25,0.1,2680,55.6,3.7,119408,0
Mesquite & Oak,37.3585258,-121.8901246,"856 N 13th St, San Jose, CA 95112, United States",ChIJVVU5qmLMj4ARAQWOGzUf3-A,/biz/mesquite-and-oak-san-jose?osq=Restaurants,4.5,95112,1,0.043976288,19694,33.7,2903,5,550,0.9,14867,25.4,268,0.5,6146,51.6,6,83224,0
Trini Doublez,37.3585258,-121.8901246,"856 N 13th St, San Jose, CA 95112, United States",ChIJ220eye7Lj4ARRVsV2AuBqPo,/biz/trini-doublez-san-jose?osq=Restaurants,4.5,95128,1,0.117918835,19004,53.7,1612,4.6,231,0.7,6620,18.7,315,0.9,3933,55.9,3.6,105563,0
Spicy Roy's Caribbean Grill,37.3585258,-121.8901246,"856 N 13th St, San Jose, CA 95112, United States",ChIJ220eye7Lj4ARRVsV2AuBqPo,/biz/spicy-roys-caribbean-grill-san-jose?osq=Restaurants,3.8,95110,1,0.0260864436666667,7204,35.4,645,3.2,273,1.3,3081,15.1,25,0.1,2680,55.6,3.7,119408,1
55 South,37.3351002,-121.8899603,"55 S 1st St, San Jose, CA 95113, United States",ChIJ-zOhsbzMj4AR-bC3P-1vrrs,/biz/55-south-san-jose?osq=Restaurants,4,95113,1,0.169612115,820,37,150,6.8,0,0,884,39.9,5,0.2,746,85.6,4.1,124625,0
Skewers & Brew,37.3350112,-121.8898964,"65 S 1st St, San Jose, CA 95113, United States",ChIJ0ZM6rrzMj4ARz3GAPALpRSo,/biz/skewers-and-brew-san-jose?osq=Restaurants,4.3,95113,1,0.141531744333333,820,37,150,6.8,0,0,884,39.9,5,0.2,746,85.6,4.1,124625,0
Pastelaria Adega,37.336259,-121.8898133,"30 E Santa Clara St #130, San Jose, CA 95113, United States",ChIJI5uoqD3Nj4ARDFsF8WIB26E,/biz/pastelaria-adega-san-jose-2?osq=Restaurants,4.1,95113,1,0.0713563173333333,820,37,150,6.8,0,0,884,39.9,5,0.2,746,85.6,4.1,124625,0
The City Fish,37.3363888,-121.8897848,"30 E Santa Clara St #140, San Jose, CA 95113, United States",ChIJ-8-00bzMj4AR0wpN69zoCSU,/biz/the-city-fish-san-jose?osq=Restaurants,4.3,95113,1,0.164253371,820,37,150,6.8,0,0,884,39.9,5,0.2,746,85.6,4.1,124625,0
Nomikai,37.33539,-121.8896654,"48 S 1st St, San Jose, CA 95113, United States",ChIJA3c7sbzMj4ARJsHVgahPs9I,/biz/nomikai-san-jose-2?osq=Restaurants,3.9,95113,1,0.154069286,820,37,150,6.8,0,0,884,39.9,5,0.2,746,85.6,4.1,124625,1
Bayyyareatacos,37.3354262209474,-121.889634729301,"52 S 1st  San Jose, CA 95113  Downtown",-,/biz/bayyyareatacos-san-jose?osq=Restaurants,5,95113,1,0.0620737846666667,820,37,150,6.8,0,0,884,39.9,5,0.2,746,85.6,4.1,124625,0
Paper Plane,37.3349894,-121.8895064,"72 S 1st St, San Jose, CA 95113, United States",ChIJ2XdOpLzMj4ARkdRQg4ZRVTY,/biz/paper-plane-san-jose-2?osq=Restaurants,4.5,95113,1,0.186816081333333,820,37,150,6.8,0,0,884,39.9,5,0.2,746,85.6,4.1,124625,0
Egghead Sando Cafe,37.3347805,-121.8892261,"80 S 1st St, San Jose, CA 95113, United States",ChIJ0ZdrwNS1j4ARzBiJtBcsnuc,/biz/egghead-sando-cafe-san-jose-3?osq=Restaurants,4.3,95113,1,0.196604022333333,820,37,150,6.8,0,0,884,39.9,5,0.2,746,85.6,4.1,124625,0
Egghead Sando Cafe,37.3347805,-121.8892261,"80 S 1st St, San Jose, CA 95113, United States",ChIJ0ZdrwNS1j4ARzBiJtBcsnuc,/biz/egghead-sando-cafe-san-jose-2?osq=Restaurants,4.3,95136,1,0.168419794333333,20480,41.9,2475,5.1,313,0.6,15764,32.3,293,0.6,4018,53.3,3.4,131879,0
HoM Korean Kitchen,37.3367535,-121.8888688,"76 E Santa Clara St, San Jose, CA 95113, United States",ChIJw32C57zMj4AR7akLBohZt7A,/biz/hom-korean-kitchen-san-jose-2?osq=Restaurants,4.2,95113,1,0.160446774,820,37,150,6.8,0,0,884,39.9,5,0.2,746,85.6,4.1,124625,1
ABVE The Basics,37.3346731,-121.8887824,"1 E San Fernando St, San Jose, CA 95113, United States",ChIJaRodBR01joARseqrKoAIhUE,/biz/abve-the-basics-san-jose-3?osq=Restaurants,3.9,95113,1,0.215368929,820,37,150,6.8,0,0,884,39.9,5,0.2,746,85.6,4.1,124625,0
Mommy's Banh Mi,37.3346731,-121.8887824,"1 E San Fernando St, San Jose, CA 95113, United States",ChIJgw035T0tjoARrD9KwgejhqM,/biz/mommys-banh-mi-san-jose?osq=Restaurants,4.2,95113,1,0.0912475023333333,820,37,150,6.8,0,0,884,39.9,5,0.2,746,85.6,4.1,124625,0
AJI Bar & Robata,37.3331008,-121.888728,"170 S Market St, San Jose, CA 95113, United States",ChIJ8U8CVevNj4ARKk-4uprIJNg,/biz/aji-bar-and-robata-san-jose?osq=Restaurants,4.3,95113,1,0.187391091666667,820,37,150,6.8,0,0,884,39.9,5,0.2,746,85.6,4.1,124625,1
3rd & Bourbon,37.3372583,-121.8886887,"93 E Santa Clara St, San Jose, CA 95113, United States",ChIJs6IsHr3Mj4ARBZaAcyreKMk,/biz/3rd-and-bourbon-san-jose-2?osq=Restaurants,4.5,95113,1,0.219864888,820,37,150,6.8,0,0,884,39.9,5,0.2,746,85.6,4.1,124625,0
Il Fornaio,37.3308173,-121.8879329,"302 S Market St, San Jose, CA 95113, United States",ChIJ06drj7rMj4AR4Y_OEpeT5LA,/biz/il-fornaio-san-jose-3?osq=Restaurants,4,95113,1,0.0641920053333333,820,37,150,6.8,0,0,884,39.9,5,0.2,746,85.6,4.1,124625,0
Il Fornaio,37.3308173,-121.8879329,"302 S Market St, San Jose, CA 95113, United States",ChIJ06drj7rMj4AR4Y_OEpeT5LA,/biz/il-fornaio-santa-clara-2?osq=Restaurants,4.2,95054,0,0.149800428,5642,23.1,1274,5.2,27,0.1,13968,57.2,17,0.1,4879,77.2,5.5,171799,1
Shin's Tofu,37.3872461,-121.8877208,"1701 Lundy Ave #160, San Jose, CA 95131, United States",ChIJqZ25lfvNj4ARd8gTGoc4veA,/biz/shin-s-tofu-san-jose?osq=Restaurants,3.7,95131,0,0.157398985333333,4380,13.9,792,2.5,111,0.4,22707,71.9,143,0.5,4524,76.4,5.8,151389,0
lyse Restaurant,37.3336388,-121.8874272,"151 S Second St, San Jose, CA 95113, United States",ChIJR8A7a7vMj4ARrU60bn83oWA,/biz/%C3%A9lyse-restaurant-san-jose-2?osq=Restaurants,4.4,95113,1,0.274028841666667,820,37,150,6.8,0,0,884,39.9,5,0.2,746,85.6,4.1,124625,1
Serious Dumpling,37.3869719,-121.8873518,"1701 Lundy Ave #100, San Jose, CA 95131, United States",ChIJs7Oyr8PNj4ARcZgT0ytZNt8,/biz/serious-dumpling-san-jose-2?osq=Restaurants,3.9,95110,1,0.310579871666667,7204,35.4,645,3.2,273,1.3,3081,15.1,25,0.1,2680,55.6,3.7,119408,0
Dough Zone - San Jose,37.3869719,-121.8873518,"1701 Lundy Ave #100, San Jose, CA 95131, United States",ChIJs7Oyr8PNj4ARcZgT0ytZNt8,/biz/dough-zone-san-jose-san-jose-2?osq=Restaurants,4,95131,0,0.141682732666667,4380,13.9,792,2.5,111,0.4,22707,71.9,143,0.5,4524,76.4,5.8,151389,1
Doner Silicon Valley,37.3372376,-121.8872292,"17 S 4th St, San Jose, CA 95112, United States",ChIJ4RXB-UbNj4ARQ4s4rBcYmKo,/biz/doner-silicon-valley-san-jose?osq=Restaurants,4.1,95112,1,0.133727574666667,19694,33.7,2903,5,550,0.9,14867,25.4,268,0.5,6146,51.6,6,83224,0
Souvlaki's Greek Skewers,37.3093942,-121.8871686,"577 W Alma Ave, San Jose, CA 95125, United States",ChIJO_BWqUUzjoARcVxlUnDl8M4,/biz/souvlakis-greek-skewers-san-jose?osq=Restaurants,4.4,95125,1,0.162406029333333,33319,62.3,1243,2.3,344,0.6,8044,15,119,0.2,3985,60.1,3.9,128452,0
Original Joe's - San Jose,37.3313416,-121.8871374,"301 S 1st St, San Jose, CA 95113, United States",ChIJKww9ZLrMj4ARb-KGDMCdo_I,/biz/original-joes-san-jose-san-jose-4?osq=Restaurants,3.2,95113,1,0.144233372333333,820,37,150,6.8,0,0,884,39.9,5,0.2,746,85.6,4.1,124625,1
Casa Guzmania,37.3301937,-121.8870869,"350 S Market St, San Jose, CA 95113, United States",ChIJWX-TDmDNj4ARCfHYKFq-_xY,/biz/casa-guzmania-san-jose-2?osq=Restaurants,3.9,95113,1,0.0340981286666667,820,37,150,6.8,0,0,884,39.9,5,0.2,746,85.6,4.1,124625,1
Hawaiian Poke Bowl,37.3301876,-121.8865899,"387 S 1st St Suite #113, San Jose, CA 95113, United States",ChIJT7tPmrDMj4ARWsqY08iFIYQ,/biz/hawaiian-poke-bowl-san-jose?osq=Restaurants,4,95113,1,0.140923684333333,820,37,150,6.8,0,0,884,39.9,5,0.2,746,85.6,4.1,124625,1
Back A Yard,37.3539192,-121.8865675,"638 N 13th St, San Jose, CA 95112, United States",ChIJXZR_jerNj4ARCA8EUJXJojo,/biz/back-a-yard-san-jose-3?osq=Restaurants,3.2,95121,0,0.147840219666667,7228,19.2,1382,3.7,470,1.2,22494,59.7,157,0.4,2390,50.3,6.2,117991,0
Habana Cuba Restaurant,37.3301308,-121.8865285,"387 S 1st St Suite 109, San Jose, CA 95113, United States",ChIJuYJQ4VrLj4AR2SC_HS-iUF8,/biz/habana-cuba-restaurant-san-jose?osq=Restaurants,3.9,95113,1,0.123450426666667,820,37,150,6.8,0,0,884,39.9,5,0.2,746,85.6,4.1,124625,0
SoFA Market,37.3303358,-121.8864002,"387 S 1st St, San Jose, CA 95113, United States",ChIJTeOombDMj4ARfWil3-3xh_Q,/biz/sofa-market-san-jose?osq=Restaurants,4.2,95113,1,0.122811468,820,37,150,6.8,0,0,884,39.9,5,0.2,746,85.6,4.1,124625,0
Hapa Musubi,37.4105891,-121.8863946,"1658 S Milpitas Blvd, Milpitas, CA 95035, United States",ChIJ78kSAbvMj4ARyK9x8jmg23A,/biz/hapa-musubi-milpitas-4?osq=Restaurants,4.5,95035,0,0.0260146046666667,11436,14.3,2565,3.2,486,0.6,53762,67.4,136,0.2,10755,68.2,4.4,149223,1
Vietnoms,37.3303006,-121.886382,"387 S 1st St Ste 121, San Jose, CA 95113, United States",ChIJK6gsmrDMj4ARhqe1PcyC7jE,/biz/vietnoms-san-jose?osq=Restaurants,4.2,95113,1,0.137331463333333,820,37,150,6.8,0,0,884,39.9,5,0.2,746,85.6,4.1,124625,0
Umi Hand Roll Bar,37.3301959,-121.8863016,"387 S 1st St, San Jose, CA 95113, United States",ChIJGYhOsYDNj4ARrjZ9tBz_PcQ,/biz/umi-hand-roll-bar-san-jose-2?osq=Restaurants,4.2,95113,1,0.119432980666667,820,37,150,6.8,0,0,884,39.9,5,0.2,746,85.6,4.1,124625,1
Petiscos,37.3300768,-121.8862249,"399 S 1st St, San Jose, CA 95113, United States",ChIJY7fPGXjNj4ARq0505g0V3Ko,/biz/petiscos-san-jose?osq=Restaurants,3.9,95113,1,0.253840203666667,820,37,150,6.8,0,0,884,39.9,5,0.2,746,85.6,4.1,124625,0
Mama Kin,37.3305269,-121.8861817,"374 S 1st St, San Jose, CA 95113, United States",ChIJMWBxYG3Nj4ARTwHM6imJ9_A,/biz/mama-kin-san-jose-2?osq=Restaurants,4.4,95113,1,0.360563826333333,820,37,150,6.8,0,0,884,39.9,5,0.2,746,85.6,4.1,124625,0
Las Delicias De Tonita,37.3317796,-121.8860702,"372 S Third St, San Jose, CA 95112, United States",ChIJ3WNjKv_Nj4ARMXvBOdRtgB4,/biz/las-delicias-de-tonita-san-jose?osq=Restaurants,4.8,95112,1,0.0915874036666667,19694,33.7,2903,5,550,0.9,14867,25.4,268,0.5,6146,51.6,6,83224,0
Island Taste Caribbean Grill,37.3385714,-121.885846,"225 E Santa Clara St, San Jose, CA 95112, United States",ChIJt7I-X47Nj4ARoT85ERrLHh4,/biz/island-taste-caribbean-grill-san-jose-2?osq=Restaurants,4.7,95112,1,0.176186874333333,19694,33.7,2903,5,550,0.9,14867,25.4,268,0.5,6146,51.6,6,83224,1
Gen Korean BBQ House,37.387226,-121.8853339,"1628 Hostetter Rd f, San Jose, CA 95131, United States",ChIJrxJXxhDMj4ARQqM7ixITYxQ,/biz/gen-korean-bbq-house-san-jose?osq=Restaurants,4.2,95131,0,0.155272345666667,4380,13.9,792,2.5,111,0.4,22707,71.9,143,0.5,4524,76.4,5.8,151389,1
The FAB,37.333583,-121.8853244,"110 Paseo de San Antonio, San Jose, CA 95112, United States",ChIJo1TM25nNj4ARkZJrDxuP5VM,/biz/the-fab-san-jose?osq=Restaurants,4.6,95112,1,0.185114794333333,19694,33.7,2903,5,550,0.9,14867,25.4,268,0.5,6146,51.6,6,83224,0
Lee's Sandwiches,37.3384053,-121.8847889,"260 E Santa Clara St, San Jose, CA 95113, United States",ChIJW7ZA0b3Mj4ARYpRDYmu7qso,/biz/lees-sandwiches-san-jose-15?osq=Restaurants,3.4,95112,1,0.082998458,19694,33.7,2903,5,550,0.9,14867,25.4,268,0.5,6146,51.6,6,83224,0
Banh Mi Oven,37.3366405,-121.8846744,"221 E San Fernando St, San Jose, CA 95112, United States",ChIJI8A711bNj4ARDHNdBKoF0fs,/biz/banh-mi-oven-san-jose-3?osq=Restaurants,4.3,95112,1,0.0127489173333333,19694,33.7,2903,5,550,0.9,14867,25.4,268,0.5,6146,51.6,6,83224,0
The Nest Asian Bistro,37.3322747,-121.8845591,"312 S Third St, San Jose, CA 95112, United States",ChIJCQhJgjrNj4ARJX14a9sVO9Q,/biz/the-nest-asian-bistro-san-jose-4?osq=Restaurants,4.2,95112,1,0.174770824,19694,33.7,2903,5,550,0.9,14867,25.4,268,0.5,6146,51.6,6,83224,0
Orchestria Palm Court,37.3289398,-121.8844594,"27 E William St, San Jose, CA 95112, United States",ChIJf2BKKrfMj4ARMNbG9LKvmvo,/biz/orchestria-palm-court-san-jose?osq=Restaurants,4.4,95112,1,0.0348073673333333,19694,33.7,2903,5,550,0.9,14867,25.4,268,0.5,6146,51.6,6,83224,0
Tostadas,37.339131,-121.8839459,"304 E Santa Clara St A, San Jose, CA 95113, United States",ChIJu07VJbvNj4ARU3gdUR9YN80,/biz/tostadas-san-jose?osq=Restaurants,4,95112,1,0.299920826,19694,33.7,2903,5,550,0.9,14867,25.4,268,0.5,6146,51.6,6,83224,1
Tostadas,37.339131,-121.8839459,"304 E Santa Clara St A, San Jose, CA 95113, United States",ChIJu07VJbvNj4ARU3gdUR9YN80,/biz/tostadas-san-jose-3?osq=Restaurants,3.8,95128,1,0.070348422,19004,53.7,1612,4.6,231,0.7,6620,18.7,315,0.9,3933,55.9,3.6,105563,0
China Chen,37.3310057,-121.8836287,"400 S Third St, San Jose, CA 95112, United States",ChIJ9YdtW7fMj4AR5NupPn-HNv4,/biz/china-chen-san-jose?osq=Restaurants,4,95112,1,0.133670495333333,19694,33.7,2903,5,550,0.9,14867,25.4,268,0.5,6146,51.6,6,83224,0
El Camaron De Sinaloa,37.3186372,-121.8831437,"245 Willow St, San Jose, CA 95110, United States",ChIJdRECv0szjoARpQaIYWo_hMo,/biz/el-camaron-de-sinaloa-san-jose?osq=Restaurants,5,95110,1,0.120444574,7204,35.4,645,3.2,273,1.3,3081,15.1,25,0.1,2680,55.6,3.7,119408,0
Kali Noodles and Tea Bar,37.3397841,-121.8823489,"374 E Santa Clara St, San Jose, CA 95113, United States",ChIJBSQ5Tr7Mj4ARJobIVoWH2uw,/biz/kali-noodles-and-tea-bar-san-jose?osq=Restaurants,4.5,95113,1,0.079042953,820,37,150,6.8,0,0,884,39.9,5,0.2,746,85.6,4.1,124625,0
Sushi Koya,37.2904788,-121.8808307,"2424 Almaden Rd, San Jose, CA 95125, United States",ChIJC51vFHMzjoARj9f71TNBxAk,/biz/sushi-koya-san-jose?osq=Restaurants,3.8,95125,1,0.125841295333333,33319,62.3,1243,2.3,344,0.6,8044,15,119,0.2,3985,60.1,3.9,128452,0
Encanto,37.27877,-121.8799271,"2988 Almaden Expy, San Jose, CA 95125, United States",ChIJLXdWPcozjoARxr-WpE8fnlY,/biz/encanto-san-jose?osq=Restaurants,3.9,95125,1,0.497570484333333,33319,62.3,1243,2.3,344,0.6,8044,15,119,0.2,3985,60.1,3.9,128452,1
Kuya's Cuisine,37.2637723,-121.8763275,"4580 Almaden Expy unit 103, San Jose, CA 95118, United States",ChIJO-GAvaEzjoARe8zG23f7nDI,/biz/kuya-s-cuisine-san-jose?osq=Restaurants,3.9,95118,0,0.0452163096666667,18184,55.6,476,1.5,132,0.4,7376,22.6,190,0.6,1881,53.8,5,130745,1
Kuyas,37.2637723,-121.8763275,"4580 Almaden Expy unit 103, San Jose, CA 95118, United States",ChIJO-GAvaEzjoARe8zG23f7nDI,/biz/kuyas-san-jose?osq=Restaurants,4.9,95118,0,0.0135813863333333,18184,55.6,476,1.5,132,0.4,7376,22.6,190,0.6,1881,53.8,5,130745,1
Spartan Taco Truck,37.3331782,-121.8758013,"447 E William St, San Jose, CA 95112, United States",ChIJccXRLNDNj4ARx-k7EDR0bZk,/biz/spartan-taco-truck-san-jose-4?osq=Restaurants,4,95112,1,0.0042730113333333,19694,33.7,2903,5,550,0.9,14867,25.4,268,0.5,6146,51.6,6,83224,0
Cali-Spartan Mexican Kitchen,37.3326634,-121.8753317,"515 S 10th St, San Jose, CA 95112, United States",ChIJDU4G7cjMj4ARFW5OtN3nsJI,/biz/cali-spartan-mexican-kitchen-san-jose-2?osq=Restaurants,3.7,95123,1,0.029886309,34818,49,2280,3.2,551,0.8,18421,25.9,99,0.1,5717,50.4,4.4,124389,1
Hao Hao Pho,37.3331842,-121.8748645,"460 E William St, San Jose, CA 95112, United States",ChIJ_zJNFdPNj4ARvZMHpgpp18M,/biz/hao-hao-pho-san-jose-2?osq=Restaurants,4.8,95112,1,0.187530813,19694,33.7,2903,5,550,0.9,14867,25.4,268,0.5,6146,51.6,6,83224,1
L'Roco Grill,37.2934748,-121.8747182,"699 Curtner Ave #140, San Jose, CA 95125, United States",ChIJd0k4btszjoAR2He8eFJ51kA,/biz/l-roco-grill-san-jose?osq=Restaurants,4.5,95125,1,0.180772646333333,33319,62.3,1243,2.3,344,0.6,8044,15,119,0.2,3985,60.1,3.9,128452,1
One Pot Shabu Shabu - San Jose,37.25891,-121.87463,"5120 Cherry Ave  Ste 10  San Jose, CA 95118  Blossom Valley",-,/biz/one-pot-shabu-shabu-san-jose-san-jose-3?osq=Restaurants,4.3,95118,0,0.129039608333333,18184,55.6,476,1.5,132,0.4,7376,22.6,190,0.6,1881,53.8,5,130745,0
Claw Shack,37.3727785,-121.8738966,"1696 Berryessa Rd, San Jose, CA 95133, United States",ChIJa0fJTEPMj4ARgRNc3LAyxmw,/biz/claw-shack-san-jose?osq=Restaurants,4.3,95133,1,0.188453819333333,3951,13.7,864,3,275,1,17185,59.5,221,0.8,3296,65.9,8.5,110484,0
Tacos el L%C3%ADder,37.30912,-121.86755,"1815 Monterey Hwy  San Jose, CA 95112  Fairgrounds",-,/biz/tacos-el-l%C3%ADder-san-jose?osq=Restaurants,4,95127,1,0.0839716036666667,18221,28.9,829,1.3,631,1,16532,26.2,600,1,3008,31.1,5.5,110887,0
The Halal Guys,37.3029138,-121.8644666,"81 Curtner Ave #20, San Jose, CA 95125, United States",ChIJNVPhzRszjoAR6cs5HypdhcE,/biz/the-halal-guys-san-jose-2?osq=Restaurants,4.5,95125,1,0.0042189463333333,33319,62.3,1243,2.3,344,0.6,8044,15,119,0.2,3985,60.1,3.9,128452,0
Sharks Ice at San Jose,37.3195436,-121.8642309,"1500 S 10th St, San Jose, CA 95112, United States",ChIJ2fqNpS8zjoARe3meHef4vb4,/biz/sharks-ice-at-san-jose-san-jose-2?osq=Restaurants,3.9,95112,1,0.100165723,19694,33.7,2903,5,550,0.9,14867,25.4,268,0.5,6146,51.6,6,83224,0
Slater's 50/50 - San Jose,37.2512755,-121.8618704,"925 Blossom Hill Rd, San Jose, CA 95123, United States",ChIJhYkwRC0zjoARLwdwv3xd4PM,/biz/slaters-50-50-san-jose-san-jose?osq=Restaurants,3.9,95123,1,0.467208839333333,34818,49,2280,3.2,551,0.8,18421,25.9,99,0.1,5717,50.4,4.4,124389,0
Jubba Restaurant,37.257452,-121.8606526,"5330 Terner Way, San Jose, CA 95136, United States",ChIJ_1BR69MzjoARsjSJtBRGdwU,/biz/jubba-restaurant-san-jose?osq=Restaurants,4.1,95136,1,0.174751103,20480,41.9,2475,5.1,313,0.6,15764,32.3,293,0.6,4018,53.3,3.4,131879,1
Fire Wings,37.3294272,-121.8592994,"779 Story Rd #30, San Jose, CA 95122, United States",ChIJh1G26zHNj4ARRK47DlkiCrI,/biz/fire-wings-san-jose-2?osq=Restaurants,4,95122,1,0.008619764,10569,19.5,834,1.5,598,1.1,18953,35,439,0.8,2147,27.9,7.3,90984,0
El Chapulin Oaxaqueno,37.3571802,-121.8590367,"Plata, arroyo Park, San Jose, CA 95116, United States",ChIJPVfQUlTNj4ARGKkU4fx4xUk,/biz/el-chapulin-oaxaqueno-san-jose?osq=Restaurants,5,95113,1,0.0280054823333333,820,37,150,6.8,0,0,884,39.9,5,0.2,746,85.6,4.1,124625,0
ADEGA Restaurant,37.3512263,-121.8584334,"1614 Alum Rock Ave, San Jose, CA 95116, United States",ChIJC797reHMj4ARSaQDCMuHWSQ,/biz/adega-restaurant-san-jose?osq=Restaurants,4,95116,1,0.159345096666667,11063,21.2,1278,2.4,1368,2.6,14722,28.2,353,0.7,2222,27,5,76339,0
Pho Ha Noi,37.3325236,-121.8583806,"969 Story Rd #6048, San Jose, CA 95122, United States",ChIJ2T4Vbn4tjoARh_fM1VyR9do,/biz/pho-ha-noi-san-jose-6?osq=Restaurants,3.9,95122,1,0.008460689,10569,19.5,834,1.5,598,1.1,18953,35,439,0.8,2147,27.9,7.3,90984,0
Sizzle Spot,37.3290081,-121.8583559,"740 Story Rd #1, San Jose, CA 95122, United States",ChIJ-UefxSozjoARUw0nRAh3rBc,/biz/sizzle-spot-san-jose?osq=Restaurants,3.9,95122,1,0.154483519666667,10569,19.5,834,1.5,598,1.1,18953,35,439,0.8,2147,27.9,7.3,90984,0
Bun Bo Hue An Nam,37.3288503,-121.8583455,"740 Story Rd #3, San Jose, CA 95122, United States",ChIJVyuaxSozjoARswLLtoTgs0g,/biz/bun-bo-hue-an-nam-san-jose?osq=Restaurants,4.6,95122,1,0.128394042333333,10569,19.5,834,1.5,598,1.1,18953,35,439,0.8,2147,27.9,7.3,90984,0
Kensho Social,37.3307982,-121.858313,"919 Story Rd #1100, San Jose, CA 95122, United States",ChIJPz4DlI_Nj4ARzvEmkbUgpN0,/biz/kensho-social-san-jose-2?osq=Restaurants,4.1,95122,1,0.194429303666667,10569,19.5,834,1.5,598,1.1,18953,35,439,0.8,2147,27.9,7.3,90984,0
Burma Choice,37.2484109,-121.8578041,"864 Blossom Hill Rd A, San Jose, CA 95123, United States",ChIJo-ysGQ8xjoAR9mfQjQhUBlE,/biz/burma-choice-san-jose-2?osq=Restaurants,4.5,95123,1,0.156441214666667,34818,49,2280,3.2,551,0.8,18421,25.9,99,0.1,5717,50.4,4.4,124389,0
District Seven Kitchen,37.3315753,-121.8577602,"979 Story Rd #7048, San Jose, CA 95122, United States",ChIJlVz_LQ3Nj4ARh17nSNBegvA,/biz/district-seven-kitchen-san-jose?osq=Restaurants,4.2,95122,1,0.153733859666667,10569,19.5,834,1.5,598,1.1,18953,35,439,0.8,2147,27.9,7.3,90984,0
La Barrique Restaurant,37.331969,-121.8577006,"969 Story Rd #6090, San Jose, CA 95122, United States",ChIJ_4WF3NnNj4ARJFkPAgwnZi0,/biz/la-barrique-restaurant-san-jose-2?osq=Restaurants,3.9,95122,1,0.067533651,10569,19.5,834,1.5,598,1.1,18953,35,439,0.8,2147,27.9,7.3,90984,0
Enjoy Seoul,37.3317185,-121.8574759,"979 Story Rd, San Jose, CA 95122, United States",ChIJA8CeoCrNj4ARdYjNwdKNDY4,/biz/enjoy-seoul-san-jose?osq=Restaurants,4,95122,1,0.0811998476666667,10569,19.5,834,1.5,598,1.1,18953,35,439,0.8,2147,27.9,7.3,90984,0
Chubby's Chickn,37.3297651,-121.8573907,"888 Story Rd, San Jose, CA 95122, United States",ChIJR3pngpjNj4ARop3O7RJr7Zc,/biz/chubbys-chickn-san-jose-4?osq=Restaurants,4.3,95122,1,0.0858739133333333,10569,19.5,834,1.5,598,1.1,18953,35,439,0.8,2147,27.9,7.3,90984,0
Banh Cuon Bun Moc Ong Ta,37.3318594,-121.8569779,"999 Story Rd UNIT 9030, San Jose, CA 95122, United States",ChIJ3bZJBI7Nj4ARNbXpsTf32Is,/biz/banh-cuon-bun-moc-ong-ta-san-jose?osq=Restaurants,4.4,95122,1,0.143035413666667,10569,19.5,834,1.5,598,1.1,18953,35,439,0.8,2147,27.9,7.3,90984,0
TP Banh bao 5,37.3316549,-121.8567764,"999 Story Rd UNIT 9015, San Jose, CA 95122, United States",ChIJL-v4hOLNj4ARYi4BA_CS1Z4,/biz/tp-banh-bao-5-san-jose?osq=Restaurants,4.8,95122,1,0.210750837333333,10569,19.5,834,1.5,598,1.1,18953,35,439,0.8,2147,27.9,7.3,90984,1
Cha Cha Sushi,37.2758794,-121.8529556,"547 W Capitol Expy, San Jose, CA 95136, United States",ChIJZXPuq0syjoAR8Y9FHnWb86o,/biz/cha-cha-sushi-san-jose?osq=Restaurants,4,95136,1,0.0382871496666667,20480,41.9,2475,5.1,313,0.6,15764,32.3,293,0.6,4018,53.3,3.4,131879,0
DD Lounge,37.3105710089179,-121.84836034735,"2268 Senter Rd, San Jose, CA 95112, United States",ChIJd6mbnTlrK4cRLNQfVvZMRv4,/biz/dd-lounge-san-jose?osq=Restaurants,4.5,95112,1,0.004294674,19694,33.7,2903,5,550,0.9,14867,25.4,268,0.5,6146,51.6,6,83224,0
Moc Quan Restaurant,37.3087766,-121.8476225,"2384 Senter Rd, San Jose, CA 95112, United States",ChIJnalUGCwzjoARp39XGxJst0M,/biz/moc-quan-restaurant-san-jose?osq=Restaurants,3.5,95112,1,0.05637228,19694,33.7,2903,5,550,0.9,14867,25.4,268,0.5,6146,51.6,6,83224,0
Southern Kitchen,37.2855973,-121.8425333,"3378 Monterey Hwy, San Jose, CA 95111, United States",ChIJxxMq1kQyjoARMCDaBBm5O5E,/biz/southern-kitchen-los-gatos-5?osq=Restaurants,3.9,95030,0,0.154950118666667,10649,78.7,33,0.2,143,1.1,2206,16.3,0,0,434,79.6,4.9,215461,0
Chicken Licious,37.2988343,-121.8396013,"2863 Senter Rd, San Jose, CA 95111, United States",ChIJc1MlCy8zjoAR5WmrrMDmNU4,/biz/chicken-licious-san-jose?osq=Restaurants,3.6,95111,0,0.083730166,16311,26.9,1150,1.9,451,0.7,20910,34.5,402,0.7,2349,27.5,4.9,81166,0
Uncle Quan's Kitchen,37.2979318,-121.8383422,"2893 Senter Rd D, San Jose, CA 95111, United States",ChIJOX4m5kMzjoARx5VnIErRnsQ,/biz/uncle-quans-kitchen-san-jose?osq=Restaurants,3.5,95111,0,0.127775090666667,16311,26.9,1150,1.9,451,0.7,20910,34.5,402,0.7,2349,27.5,4.9,81166,0
Teriyaki Dude,37.279359,-121.833864,"4112C Monterey Hwy C, San Jose, CA 95111, United States",ChIJXcq2eUAyjoAR_Lkd0EVns80,/biz/teriyaki-dude-san-jose-2?osq=Restaurants,4.7,95111,0,0.0085296316666666,16311,26.9,1150,1.9,451,0.7,20910,34.5,402,0.7,2349,27.5,4.9,81166,0
Back A Yard Caribbean Grill,37.2998843,-121.824297,"1011 E Capitol Expy, San Jose, CA 95121, United States",ChIJZ8W98mIyjoARmj6E8X3EnGg,/biz/back-a-yard-caribbean-grill-campbell?osq=Restaurants,3.7,95008,1,0.140306529666667,27741,56.9,1205,2.5,197,0.4,12187,25,14,0,4550,62.8,3,128476,0
Delicias Juquilita,37.3726059,-121.8236217,"4809 Alum Rock Ave, San Jose, CA 95127, United States",ChIJkyTDorrNj4ARyrz5_0GDA2g,/biz/delicias-juquilita-alum-rock?osq=Restaurants,4,95127,1,0.0085765516666666,18221,28.9,829,1.3,631,1,16532,26.2,600,1,3008,31.1,5.5,110887,0
Delicias juquilita,37.3726059,-121.8236217,"4809 Alum Rock Ave, San Jose, CA 95127, United States",ChIJkyTDorrNj4ARyrz5_0GDA2g,/biz/delicias-juquilita-san-jose?osq=Restaurants,3.9,95127,1,0.0089703226666666,18221,28.9,829,1.3,631,1,16532,26.2,600,1,3008,31.1,5.5,110887,0
Bo Ne Phu Yen,37.3219505,-121.8230446,"1818 Tully Rd, San Jose, CA 95122, United States",ChIJjdUTR70yjoARw813QNdfKYY,/biz/bo-ne-phu-yen-san-jose?osq=Restaurants,3.8,95122,1,0.145703515666667,10569,19.5,834,1.5,598,1.1,18953,35,439,0.8,2147,27.9,7.3,90984,0
Taste of Persia,37.3261973,-121.8211378,"2011 Tully Rd, San Jose, CA 95122, United States",ChIJ_ytc8nUzjoARbV8PJ2jwk9o,/biz/taste-of-persia-san-jose?osq=Restaurants,4.3,95122,1,0.08904447,10569,19.5,834,1.5,598,1.1,18953,35,439,0.8,2147,27.9,7.3,90984,0
Terdi Art Bakery,37.3089879,-121.814436,"3005 Silver Creek Rd STE 174, San Jose, CA 95121, United States",ChIJNfUJXskzjoARB3AC5YWHDAM,/biz/terdi-art-bakery-san-jose-2?osq=Restaurants,5,95121,0,0.018403749,7228,19.2,1382,3.7,470,1.2,22494,59.7,157,0.4,2390,50.3,6.2,117991,0
Famous Lao Papaya Restaurant,37.3088114,-121.8142769,"3005 Silver Creek Rd STE 164, San Jose, CA 95121, United States",ChIJx5xGPaAzjoARA6xec4__UuQ,/biz/famous-lao-papaya-restaurant-san-jose-2?osq=Restaurants,4.3,95121,0,0.175423445,7228,19.2,1382,3.7,470,1.2,22494,59.7,157,0.4,2390,50.3,6.2,117991,0
Thai Elephant Express,37.3087506,-121.813537,"3005 Silver Creek Rd, San Jose, CA 95121, United States",ChIJR8Gmg4EyjoARZA5rODLvzxg,/biz/thai-elephant-express-san-jose?osq=Restaurants,4.5,95121,0,0.0897410776666667,7228,19.2,1382,3.7,470,1.2,22494,59.7,157,0.4,2390,50.3,6.2,117991,0
Leung Noodle,37.3087437,-121.8135356,"3005 Silver Creek Rd STE 130, San Jose, CA 95121, United States",ChIJJZPX7bEzjoARlT7suuVqj0w,/biz/leung-noodle-san-jose?osq=Restaurants,4.1,95121,0,0.106895399666667,7228,19.2,1382,3.7,470,1.2,22494,59.7,157,0.4,2390,50.3,6.2,117991,0
Oros Thai Restaurant,37.23631,-121.8051457,"6177 Santa Teresa Blvd, San Jose, CA 95123, United States",ChIJj-BjzC4ujoARQ-VKUYKLi2g,/biz/oros-thai-restaurant-san-jose?osq=Restaurants,3.9,95123,1,0.0170367776666667,34818,49,2280,3.2,551,0.8,18421,25.9,99,0.1,5717,50.4,4.4,124389,0
%C3%81 D%C3%B4ng Pho & Coffee,37.2506775,-121.8045342,"5643 Cottle Rd, San Jose, CA 95123, United States",ChIJD3qizU4vjoARuDiSUu_YEyo,/biz/%C3%A1-d%C3%B4ng-pho-and-coffee-san-jose?osq=Restaurants,4.3,95123,1,0.004746737,34818,49,2280,3.2,551,0.8,18421,25.9,99,0.1,5717,50.4,4.4,124389,0
Ramen Champ,37.2364455,-121.8031019,"6229 Santa Teresa Blvd, San Jose, CA 95119, United States",ChIJCbl9X1rGwoARQC9GGw0Uoys,/biz/ramen-champ-san-jose?osq=Restaurants,4.6,95119,0,0.0553807493333333,4784,46.2,185,1.8,53,0.5,3074,29.7,0,0,967,71,4.3,133017,0
The Crab Bay,37.3154555,-121.7921685,"3210 S White Rd, San Jose, CA 95148, United States",ChIJOcPX-MctjoARU6aS00Awswg,/biz/the-crab-bay-san-jose-2?osq=Restaurants,4.1,95148,1,0.0601720106666667,8770,18.5,1364,2.9,220,0.5,29287,61.9,289,0.6,2772,47.5,5.3,153433,0
Hankki House,37.2323791,-121.7749097,"125 Bernal Rd #60, San Jose, CA 95119, United States",ChIJwSFo1NEvjoARGRlphqqNVao,/biz/hankki-house-san-jose-2?osq=Restaurants,4.3,95119,0,0.0789052516666667,4784,46.2,185,1.8,53,0.5,3074,29.7,0,0,967,71,4.3,133017,0
The Grandview Restaurant,37.3648169,-121.7640633,"15005 Mt Hamilton Rd, Mt Hamilton, CA 95140, United States",ChIJvSL3urYrjoARUHY44YlujEY,/biz/the-grandview-restaurant-san-jose?osq=Restaurants,4,95140,1,0.418220099333333,88,74.6,0,0,0,0,30,25.4,0,0,0,0,0,119303,0